idx,y_pred,y_true,residual,fold
0,5.498758955329115,5.698970004336019,0.20021104900690379,3
1,3.2491592466520816,3.049218022670181,-0.1999412239819005,3
2,3.2491592466520816,2.903089986991944,-0.34606925966013735,3
3,4.318090615871256,2.9542425094393248,-1.3638481064319312,3
4,4.909707404775963,3.90848501887865,-1.001222385897313,3
5,3.5224987199949074,3.322219294733919,-0.2002794252609883,3
6,5.501124624155409,5.301029995663981,-0.20009462849142778,3
7,5.252761317715977,4.086359830674748,-1.1664014870412283,3
8,5.835774238989167,6.035709837827862,0.19993559883869505,3
9,5.368932659539342,5.954242509439325,0.5853098498999829,3
10,5.867238608031963,3.949390006644913,-1.9178486013870502,3
11,5.513384767851168,5.742725131304698,0.22934036345353004,3
12,4.443473367287805,3.661812685537261,-0.7816606817505436,3
13,4.758338580452712,3.505149978319906,-1.253188602132806,3
14,5.209082108784319,5.0948203803548,-0.11426172842951932,3
15,4.008172758128989,3.397940008672037,-0.6102327494569519,3
16,4.358103911771206,3.832508912706236,-0.5255949990649698,3
17,5.038501396554766,5.6020599913279625,0.5635585947731965,3
18,3.669483766238684,3.0791812460476247,-0.5903025201910594,3
19,3.623230090682089,3.823474229170301,0.2002441384882121,3
20,5.046969890835507,3.838849090737255,-1.2081208000982522,3
21,3.705189420399761,3.505149978319906,-0.20003944207985525,3
22,5.84160138617364,6.041392685158225,0.19979129898458492,3
23,5.198583568461971,3.8813846567705728,-1.3171989116913982,3
24,5.192290382365455,5.576341350205793,0.3840509678403379,3
25,6.623748283262284,6.823539433656859,0.1997911503945753,3
26,6.198182702796053,6.3979400086720375,0.19975730587598406,3
27,6.507859380741483,6.707570176097937,0.19971079535645408,3
28,6.3434444098737846,6.3979400086720375,0.05449559879825294,3
29,6.3588445328788685,6.558708570533166,0.19986403765429728,3
30,4.394004919190406,4.193681029541281,-0.20032388964912506,3
31,5.7295058101075025,5.929418925714293,0.19991311560679037,3
32,6.331882747090217,6.531478917042255,0.19959616995203877,3
33,6.215375745572401,6.414973347970818,0.19959760239841717,3
34,6.173057777730708,6.372912002970106,0.199854225239398,3
35,6.185102282926112,6.384890796530554,0.1997885136044415,3
36,6.125427152382446,6.325843928293292,0.2004167759108455,3
37,7.185499144323292,7.0,-0.18549914432329206,3
38,6.675038417401988,6.8750612633917,0.20002284598971176,3
39,6.634927620820083,6.835056101720117,0.20012848090003388,3
40,6.879339543142412,7.079181246047625,0.1998417029052133,3
41,4.273205231840979,4.072984744627931,-0.20022048721304841,3
42,5.314046358231694,5.113943352306837,-0.2001030059248574,3
43,4.896600673693977,5.096910013008056,0.2003093393140789,3
44,5.142379655146761,5.342422680822207,0.20004302567544574,3
45,6.040502074060132,6.2405492482826,0.2000471742224681,3
46,4.987409081386293,5.278753600952829,0.29134451956653606,3
47,6.210082160411026,6.2552725051033065,0.04519034469228078,3
48,4.824110785255437,5.023540521554854,0.1994297362994173,3
49,6.114272452158439,6.313867220369153,0.19959476821071398,3
50,6.16195567230268,6.361727836017593,0.19977216371491302,3
51,6.174388640515648,6.6020599913279625,0.42767135081231444,3
52,6.174388640515648,6.041392685158225,-0.1329959553574227,3
53,5.700934999451576,5.901294817165567,0.20035981771399136,3
54,5.141803102157171,6.447158031342219,1.3053549291850484,3
55,6.014896619913749,5.81504617606463,-0.19985044384911888,3
56,5.117915159771921,4.992818520066679,-0.12509663970524176,3
57,3.403938529827266,3.204119982655925,-0.19981854717134118,3
58,6.019249430922845,6.8750612633917,0.8558118324688548,3
59,6.677141904569284,6.8909795969896885,0.2138376924204044,3
60,5.8559663144974525,6.0,0.14403368550254747,3
61,4.300730688205839,4.5003737143533735,0.19964302614753482,3
62,6.198052379422805,6.3979400086720375,0.19988762924923265,3
63,6.736819780249061,6.447158031342219,-0.28966174890684115,3
64,5.525466608803009,7.267171728403014,1.741705119600005,3
65,5.245697247659061,5.045714058940868,-0.19998318871819265,3
66,6.430499558416038,6.230448921378274,-0.20005063703776393,3
67,4.327248795579154,4.127104798364807,-0.2001439972143464,3
68,5.800323487493914,6.0,0.19967651250608576,3
69,5.915525729646666,5.715167357848458,-0.2003583717982087,3
70,5.823961240332767,6.024046225131059,0.20008498479829218,3
71,3.0750368587776302,3.645422269349092,0.5703854105714616,3
72,3.3954824719229073,3.146128035678238,-0.24935443624466913,3
73,3.0750368587776302,2.8750612633917,-0.19997559538593013,3
74,3.5012096448632177,3.3010299956639813,-0.20017964919923648,3
75,3.5143196863544084,3.3138672203691533,-0.20045246598525512,3
76,4.875766623078156,5.905795880367869,1.030029257289713,3
77,3.9459246945241317,4.146128035678238,0.20020334115410643,3
78,3.414424264927515,3.2430380486862944,-0.17138621624122052,3
79,2.8534437137682276,2.6532125137753435,-0.20023119999288408,3
80,3.5576066404190034,2.1089031276673134,-1.44870351275169,3
81,3.500998611987243,3.3010299956639813,-0.1999686163232619,3
82,3.6541243693175396,3.0,-0.6541243693175396,3
83,4.631160190367066,4.431363764158987,-0.1997964262080787,3
84,4.223247591500783,4.423245873936808,0.1999982824360247,3
85,4.2311290125977274,4.431363764158987,0.20023475156125947,3
86,4.114904195725169,5.544068044350276,1.429163848625107,3
87,3.2626585536456454,3.0,-0.2626585536456454,3
88,3.358013795198148,3.1583624920952498,-0.19965130310289814,3
89,3.831156613256857,2.740362689494244,-1.0907939237626127,3
90,3.8232131983460658,3.6232492903979,-0.19996390794816588,3
91,5.5749879912353695,5.375092713083399,-0.1998952781519705,3
92,6.249638664233249,6.361727836017593,0.11208917178434419,3
93,6.210082160411026,6.409933123331294,0.1998509629202685,3
94,6.677008446719052,6.477121254719663,-0.1998871919993892,3
95,6.820952430949292,7.021189299069938,0.2002368681206459,3
96,3.6132963388412556,3.413299764081252,-0.19999657476000365,3
97,4.460305470844185,4.260071387985075,-0.20023408285910982,3
98,6.200187665895488,6.0,-0.20018766589548775,3
99,6.5405530940845535,6.740362689494244,0.19980959540969057,3
100,6.298807212637792,6.099231615080882,-0.19957559755691,3
101,6.231540593781356,6.431363764158987,0.19982317037763053,3
102,6.635982724499764,4.6464037262230695,-1.989578998276694,3
103,6.342526944763925,6.142702245737616,-0.19982469902630928,3
104,6.631204897229372,6.431363764158987,-0.1998411330703851,3
105,6.037997391002426,6.238046103128795,0.2000487121263692,3
106,5.402090772489174,4.819543935541868,-0.5825468369473059,3
107,6.0811904493969635,4.716504163773217,-1.3646862856237467,3
108,6.413046459480915,6.612783856719736,0.19973739723882122,3
109,5.957863837945027,5.7160033436348,-0.2418604943102265,3
110,6.080878060984944,6.3979400086720375,0.31706194768709306,3
111,5.877093982940211,6.077258863692948,0.20016488075273653,3
112,6.528914982704647,6.614897216033135,0.08598223332848853,3
113,5.209301583639232,5.00902574208691,-0.2002758415523216,3
114,5.475715904963913,5.37383114507383,-0.1018847598900825,3
115,6.27710275892159,6.477121254719663,0.20001849579807285,3
116,5.588296623132161,4.862250674597925,-0.7260459485342361,3
117,6.266985263033925,6.466867620354109,0.19988235732018378,3
118,5.387896769962553,5.188084373714938,-0.19981239624761482,3
119,6.000046551721808,6.079181246047625,0.0791346943258171,3
120,6.068151189470146,6.146128035678238,0.07797684620809253,3
121,5.526493528791497,5.326335860928752,-0.20015766786274547,3
122,6.568768193414662,6.768638101247615,0.19986990783295333,3
123,5.68550541982231,5.48572142648158,-0.1997839933407306,3
124,5.7074081251589295,5.507072896756503,-0.20033522840242668,3
125,5.675102383999564,5.08361010516231,-0.5914922788372534,3
126,6.356438758474922,6.156851901070011,-0.19958685740491067,3
127,5.87697859582447,5.676693609624866,-0.20028498619960367,3
128,7.052679925633999,7.252853030979893,0.20017310534589416,3
129,6.294345986987156,6.301029995663981,0.006684008676825393,3
130,6.060467184093691,6.477121254719663,0.41665407062597204,3
131,6.161475229722904,6.361727836017593,0.200252606294689,3
132,5.8793604528373775,6.079181246047625,0.1998207932102476,3
133,5.920448388420971,4.396199347095736,-1.524249041325235,3
134,5.946757245805047,6.14705767102836,0.20030042522331293,3
135,6.413046459480915,5.195456833628169,-1.2175896258527459,3
136,5.443183895974369,5.643551368562945,0.20036747258857623,3
137,5.848078810143447,6.016197353512439,0.16811854336899223,3
138,5.784751006245361,6.079181246047625,0.29443023980226446,3
139,5.946055942253707,6.146128035678238,0.2000720934245308,3
140,6.199760575846793,6.0,-0.19976057584679285,3
141,5.665798870692657,4.113943352306837,-1.5518555183858203,3
142,6.777665967881749,6.577491799837225,-0.2001741680445237,3
143,5.673032790815846,5.472756449317212,-0.2002763414986335,3
144,6.5339704293946035,6.334453751150931,-0.1995166782436728,3
145,6.589527825893695,7.276921132065774,0.6873933061720789,3
146,5.019707838735097,4.819543935541868,-0.20016390319322852,3
147,7.6449895910297485,7.483587296968894,-0.1614022940608546,3
148,7.841070076618177,8.041392685158225,0.20032260854004846,3
149,7.2773191294928665,7.477121254719663,0.19980212522679608,3
150,6.279157446633337,6.479393896404411,0.20023644977107402,3
151,7.276965204074708,7.477121254719663,0.20015605064495468,3
152,6.401403709826889,6.320146286111054,-0.08125742371583478,3
153,6.3702852301832875,6.3979400086720375,0.027654778488749976,3
154,5.993976722357369,6.113943352306837,0.11996662994946838,3
155,6.401403709826889,6.201397124320452,-0.20000658550643724,3
156,6.513851378024746,6.986771734266245,0.47292035624149964,3
157,6.501550149845375,6.474216264076255,-0.02733388576911988,3
158,6.352187968071238,6.004136436761356,-0.3480515313098822,3
159,6.276862132917206,6.477121254719663,0.20025912180245697,3
160,6.410250648520122,6.434888120867316,0.02463747234719449,3
161,7.922144917884084,8.122543524068755,0.2003986061846712,3
162,6.1659876410492975,6.281033367247727,0.11504572619842968,3
163,6.043050953222155,5.953421399681036,-0.08962955354111823,3
164,6.318111900625152,6.518513939877887,0.2004020392527348,3
165,6.356393299817453,6.556423121371285,0.20002982155383187,3
166,1.0717036167198062,1.954242509439325,0.8825388927195188,3
167,1.5224362326968368,2.6020599913279625,1.0796237586311257,3
168,1.5011330409707115,1.3010299956639813,-0.2001030453067303,3
169,1.9782361085837321,1.9549175537349588,-0.02331855484877332,3
170,2.37238993448632,2.0,-0.37238993448631996,3
171,2.720442297924304,2.146128035678238,-0.574314262246066,3
172,3.3644255127887495,3.164352855784437,-0.20007265700431232,3
173,2.578133185842012,1.390935107103379,-1.1871980787386327,3
174,2.9360764140365863,2.9552065375419416,0.019130123505355368,3
175,3.0916509837925594,3.562292864456474,0.47064188066391477,3
176,2.1194133068099483,1.9268567089496924,-0.19255659786025592,3
177,3.041504939699415,1.146128035678238,-1.895376904021177,3
178,3.051150950086954,2.8512583487190755,-0.19989260136787834,3
179,2.6992177481993527,2.0,-0.6992177481993527,3
180,3.7389932351625212,3.539452491549461,-0.1995407436130603,3
181,2.05396391516771,1.380211241711606,-0.6737526734561041,3
182,2.4732772055980243,2.273232834043045,-0.20004437155497934,3
183,2.3796647637992066,2.57978359661681,0.20011883281760356,3
184,2.218728573386865,0.6334684555795865,-1.5852601178072785,3
185,5.879159374759192,6.079181246047625,0.20002187128843296,3
186,4.824110785255437,5.023951707423388,0.1998409221679509,3
187,4.188898651281277,3.247973266361807,-0.9409253849194701,3
188,6.102462928520341,6.302547372487486,0.2000844439671452,3
189,5.427265655596092,4.598571663482141,-0.8286939921139513,3
190,5.013025150796036,4.812913356642856,-0.20011179415318026,3
191,3.76224250181137,3.562292864456474,-0.19994963735489568,3
192,6.352697849222427,6.806179973983888,0.45348212476146177,3
193,4.188898651281277,5.782472624166286,1.5935739728850091,3
194,5.439311878871491,6.054957596012407,0.6156457171409162,3
195,5.951020724752902,6.15124723746237,0.20022651270946845,3
196,4.104013036475621,3.9036325160842376,-0.20038052039138332,3
197,6.301243632037048,6.501059262217751,0.19981563018070325,3
198,6.737389238588271,7.068185861746161,0.33079662315789005,3
199,4.136617187808995,4.336459733848529,0.19984254603953389,3
200,5.199972955895543,5.0,-0.19997295589554298,3
201,6.200357725756923,6.0,-0.20035772575692334,3
202,4.2147134484983155,5.445604203273597,1.2308907547752819,3
203,1.9782361085837321,1.7781512503836436,-0.20008485820008848,3
204,2.7803847310183696,2.400537989391946,-0.3798467416264235,3
205,3.1998748790757254,3.0,-0.19987487907572543,3
206,4.762356192937787,5.0,0.2376438070622129,3
207,5.3494743070495305,5.14921911265538,-0.20025519439415085,3
208,6.422614164376454,6.2552725051033065,-0.1673416592731476,3
209,5.836232931036554,6.361727836017593,0.5254949049810387,3
210,6.221714261698461,6.421603926869831,0.1998896651713702,3
211,6.375949140439753,6.176091259055681,-0.19985788138407123,3
212,6.230491316534495,6.113943352306837,-0.11654796422765834,3
213,6.513997635222504,6.313867220369153,-0.20013041485335048,3
214,6.3441226545378475,6.544068044350276,0.19994538981242815,3
215,5.794098032953547,5.993876914941211,0.19977888198766358,3
216,6.343991126155338,6.544068044350276,0.200076918194938,3
217,5.987923114641117,6.187520720836463,0.19959760619534528,3
218,6.291472689578334,6.526985068559996,0.235512378981662,3
219,5.003101381302519,5.806179973983888,0.803078592681369,3
220,5.959606089687994,5.093421685162235,-0.8661844045257592,3
221,5.874944368072348,6.0751453270538525,0.20020095898150458,3
222,6.946326292349829,7.146128035678238,0.1998017433284094,3
223,5.133470115136466,4.792391689498253,-0.3410784256382131,3
224,6.736519466704986,6.863322860120456,0.12680339341546976,3
225,6.289975809048883,6.531478917042255,0.24150310799337227,3
226,6.255837072022798,4.472024697700282,-1.7838123743225163,3
227,5.723120260653969,5.315970345456917,-0.4071499151970519,3
228,6.0659738014652795,6.266114049531676,0.20014024806639608,3
229,3.6997373807961704,3.397940008672037,-0.3017973721241334,3
230,6.200187665895488,6.109915863023793,-0.0902718028716949,3
231,6.339340711508101,6.539076098792776,0.199735387284675,3
232,7.069761392094207,6.342817314635733,-0.7269440774584739,3
233,2.622021661589298,2.0791812460476247,-0.5428404155416735,3
234,5.005722166249214,5.202352067809752,0.19662990156053795,3
235,6.380665839217428,6.409764104266346,0.029098265048918215,3
236,6.4482762326821765,6.477121254719663,0.028845022037486068,3
237,6.338129952105435,6.137926673293154,-0.20020327881228095,3
238,6.443172446877996,6.60422605308447,0.16105360620647424,3
239,6.340477594001236,6.187520720836463,-0.15295687316477302,3
240,6.409353301689183,6.278753600952829,-0.1305997007363544,3
241,6.31819826906205,6.518513939877887,0.20031567081583734,3
242,5.46206845326735,4.342422680822207,-1.1196457724451436,3
243,5.852055247688776,5.651762447380111,-0.2002928003086648,3
244,6.101826776976358,6.301969226865995,0.20014244988963714,3
245,6.703384667011714,6.903089986991944,0.19970531998022967,3
246,6.154906032054552,5.983175072037813,-0.17173096001673915,3
247,6.387917729234678,6.587710965018911,0.19979323578423358,3
248,5.330128808982317,5.229425847920695,-0.10070296106162147,3
249,5.936569768175046,6.136720567156407,0.2001507989813609,3
250,6.3473732114547605,5.0,-1.3473732114547605,3
251,6.337190016485891,6.531478917042255,0.19428890055636394,3
252,6.099351776599636,4.292256071356476,-1.8070957052431593,3
253,6.170883649612627,6.371067862271736,0.20018421265910913,3
254,6.105376170643674,6.305351369446623,0.19997519880294945,3
255,6.3473732114547605,6.477121254719663,0.12974804326490208,3
256,6.694025559233792,6.894105511777515,0.20007995254372357,3
257,6.277586021697414,6.477121254719663,0.19953523302224863,3
258,6.006119334921188,6.530839778616521,0.5247204436953332,3
259,5.9272627802369,5.681241237375588,-0.24602154286131217,3
260,6.387917729234678,6.173186268412274,-0.2147314608224038,3
261,6.276159646513115,6.5910646070265,0.31490496051338557,3
262,6.8742619818444535,7.074450718954592,0.20018873711013896,3
263,6.286323649660168,6.486487153065907,0.20016350340573918,3
264,6.70534398818713,6.505149978319906,-0.20019400986722413,3
265,5.907307356269728,5.549003262025788,-0.35830409424394016,3
266,6.112618122030734,6.568201724066995,0.4555836020362607,3
267,6.3040269640527145,4.913813852383717,-1.3902131116689977,3
268,6.3473732114547605,6.207580514765431,-0.13979269668932925,3
269,6.340477594001236,6.225309281725863,-0.11516831227537239,3
270,6.124520297633271,6.209515014542631,0.08499471690935945,3
271,6.338129952105435,6.230448921378274,-0.10768103072716073,3
272,6.346411925133997,6.361727836017593,0.015315910883596295,3
273,6.379513566625304,5.089905111439398,-1.2896084551859062,3
274,6.3540220350932,6.426511261364575,0.072489226271375,3
275,6.294625881575368,6.095029796648452,-0.19959608492691583,3
276,6.023118504385498,6.223080397831155,0.19996189344565707,3
277,6.256118454134212,6.456366033129043,0.2002475789948308,3
278,5.686845238905281,5.802773725291976,0.11592848638669473,3
279,5.723120260653969,6.3979400086720375,0.6748197480180682,3
280,6.116849786496081,5.603642280263075,-0.5132075062330061,3
281,6.006884133834069,6.20682587603185,0.19994174219778138,3
282,6.142465619789673,6.342422680822207,0.1999570610325332,3
283,6.1005356674126805,6.301029995663981,0.20049432825130076,3
284,5.975665894126628,6.505149978319906,0.5294840841932782,3
285,5.976349241936353,6.176091259055681,0.1997420171193287,3
286,6.9004565825984905,7.1003705451175625,0.199913962519072,3
287,6.034790905104027,6.054708787938054,0.019917882834026734,3
288,6.276936980981257,6.477121254719663,0.20018427373840542,3
289,5.93336641177648,6.133644275865875,0.2002778640893954,3
290,6.099351776599636,6.32221929473392,0.22286751813428474,3
291,6.099351776599636,5.880813592280791,-0.2185381843188443,3
292,5.666927166062966,6.477121254719663,0.8101940886566963,3
293,5.949116125060545,4.6020599913279625,-1.3470561337325826,3
294,5.764872260474703,6.02530586526477,0.2604336047900677,3
295,5.350073521671175,5.477121254719663,0.12704773304848782,3
296,6.079848376309964,6.505149978319906,0.4253016020099425,3
297,6.099351776599636,6.812913356642856,0.71356158004322,3
298,6.010412763935262,5.365487984890899,-0.6449247790443629,3
299,5.878976068013409,6.15839265038712,0.27941658237371136,3
300,5.60335248706919,4.477121254719663,-1.1262312323495278,3
301,4.653975629722465,4.453624073591451,-0.20035155613101452,3
302,6.33392579613753,6.086359830674748,-0.24756596546278153,3
303,6.204013205704452,6.319314304090512,0.11530109838605984,3
304,6.292762161451007,6.477121254719663,0.18435909326865563,3
305,6.276159646513115,6.374198257929082,0.09803861141596748,3
306,6.403965451382586,6.3979400086720375,-0.00602544271054839,3
307,5.3875872075848115,5.187520720836463,-0.20006648674834882,3
308,5.729050860726893,5.528916700277655,-0.20013416044923815,3
309,6.368678054415195,6.568201724066995,0.1995236696517999,3
310,5.585442859348765,5.0,-0.585442859348765,3
311,5.824986711045269,6.079181246047625,0.2541945350023562,3
312,5.713263039432802,4.814913181275074,-0.8983498581577285,3
313,5.526916997520335,5.08170727009735,-0.44520972742298515,3
314,6.1849039048048216,6.384711742938283,0.19980783813346115,3
315,5.919742383665069,6.342422680822207,0.42268029715713773,3
316,6.130848741155843,5.671172842715083,-0.45967589844075984,3
317,5.971795415065563,6.278753600952829,0.3069581858872654,3
318,5.949116125060545,6.284656282788515,0.3355401577279702,3
319,5.589298878487571,6.3560258571931225,0.7667269787055515,3
320,5.470917200517444,5.671172842715083,0.20025564219763936,3
321,6.256263813505089,6.477121254719663,0.22085744121457385,3
322,5.814225904407192,5.0,-0.8142259044071922,3
323,5.947937176405535,5.852174904420303,-0.09576227198523224,3
324,5.197897366468798,5.3979400086720375,0.20004264220323975,3
325,5.940343169137736,6.139879086401237,0.19953591726350073,3
326,6.264410441068479,6.273487409697184,0.009076968628704662,3
327,6.393912223295124,6.320623955053538,-0.07328826824158607,3
328,6.459587819379477,6.337459261290656,-0.12212855808882139,3
329,6.338462295524644,6.301029995663981,-0.03743229986066243,3
330,6.1980199330447485,6.3979400086720375,0.19992007562728897,3
331,6.772791329632279,8.146128035678238,1.3733367060459596,3
332,4.782422934853841,4.5820633629117085,-0.2003595719421325,3
333,6.072021335279864,6.272305844402086,0.2002845091222225,3
334,6.772791329632279,5.728256359248493,-1.0445349703837854,3
335,5.849029255266575,6.049218022670182,0.20018876740360714,3
336,5.750094943275245,5.550228353055094,-0.19986659022015107,3
337,5.761673803225747,6.100025730107863,0.33835192688211535,3
338,5.161636927278692,4.860338006570994,-0.3012989207076977,3
339,6.424557535561586,6.489958479424835,0.06540094386324835,3
340,6.197709266738812,6.3979400086720375,0.20023074193322543,3
341,6.156176549540193,6.3560258571931225,0.1998493076529293,3
342,5.112416198571655,4.705863712283919,-0.4065524862877359,3
343,6.264396830624548,6.182671386675478,-0.08172544394907,3
344,6.069550989236944,6.262023704606317,0.19247271536937305,3
345,5.836469983551794,6.408239965311849,0.5717699817600552,3
346,6.411175208112927,6.5910646070265,0.17988939891357347,3
347,6.392422262203976,5.876217840591642,-0.5162044216123336,3
348,6.1942445545880025,4.630122642859312,-1.5641219117286909,3
349,6.16689457963496,6.5910646070265,0.42417002739154075,3
350,6.178202307298451,5.978180516937414,-0.2000217903610375,3
351,6.186592373073507,6.32221929473392,0.13562692166041312,3
352,6.2028121879038585,6.100025730107863,-0.10278645779599582,3
353,6.239067071439933,5.675778341674085,-0.5632887297658487,3
354,6.20025368702316,6.0,-0.20025368702316015,3
355,5.998207300913502,6.431363764158987,0.43315646324548496,3
356,6.352628914433789,6.1525940779274695,-0.2000348365063198,3
357,6.70379843173043,6.732393759822968,0.028595328092538175,3
358,5.588734964630327,4.491361693834273,-1.0973732707960542,3
359,4.579112153491124,4.77901897191487,0.19990681842374602,3
360,6.356400845095436,6.556302500767287,0.1999016556718507,3
361,4.343655892393223,4.850033257689769,0.5063773652965455,3
362,6.2708403978531635,6.278753600952829,0.007913203099665367,3
363,6.262309028094162,6.4623979978989565,0.20008896980479474,3
364,6.1991137140093295,6.399154333958217,0.20004061994888733,3
365,5.771738371822333,6.3979400086720375,0.6262016368497045,3
366,6.300608644040645,5.880813592280791,-0.4197950517598539,3
367,5.723394915067058,5.892094602690481,0.16869968762342236,3
368,5.916266295151987,5.7160033436348,-0.20026295151718632,3
369,6.496550736008005,6.696836730575163,0.20028599456715845,3
370,5.330128808982317,5.530481449815745,0.20035264083342774,3
371,5.526916997520335,6.465828815357437,0.9389118178371021,3
372,6.3911663861867565,6.5910646070265,0.19989822083974396,3
373,6.3473732114547605,6.919078092376074,0.5717048809213132,3
374,6.101001437700154,6.301029995663981,0.20002855796382768,3
375,6.2584124271978165,6.380211241711606,0.12179881451378982,3
376,6.360122325729726,6.204119982655925,-0.15600234307380134,3
377,6.100885282994373,6.301029995663981,0.20014471266960854,3
378,6.065487860594017,6.073105874968971,0.007618014374954463,3
379,5.873569264364496,6.2552725051033065,0.3817032407388101,3
380,6.203026528154057,6.32221929473392,0.11919276657986355,3
381,5.915536564739394,5.866287339084195,-0.04924922565519907,3
382,6.112618122030734,6.318063334962762,0.20544521293202767,3
383,6.112618122030734,6.368100851709351,0.25548272967861685,3
384,6.13795987588063,6.378397900948138,0.24043802506750822,3
385,5.565339123603921,6.326130956710794,0.7607918331068735,3
386,5.88269460766958,4.354108439147401,-1.528586168522179,3
387,6.030479734166675,6.396722278503773,0.3662425443370987,3
388,5.819335452355601,5.619093330626742,-0.20024212172885836,3
389,4.343655892393223,3.6989700043360174,-0.644685888057206,3
390,6.288430621851858,6.474755154291798,0.18632453243994007,3
391,5.5589337239717125,5.643452676486188,0.08451895251447539,3
392,6.214109092665886,6.453318340047038,0.2392092473811518,3
393,6.062464885754584,4.764176132390331,-1.298288753364253,3
394,6.3040269640527145,6.039255443806487,-0.2647715202462271,3
395,5.9542987232848965,6.079181246047625,0.1248825227627286,3
396,6.310606429224353,6.387211800313731,0.0766053710893777,3
397,5.774835759462309,5.575072325713813,-0.1997634337484966,3
398,6.316318147605464,6.539076098792776,0.22275795118731256,3
399,5.80824948791979,6.008600171761918,0.20035068384212806,3
400,5.9199228006538345,6.113943352306837,0.19402055165300247,3
401,6.0220640755241295,6.222456336679247,0.20039226115511788,3
402,5.476178018282946,5.276461804173244,-0.19971621410970197,3
403,6.100716027166738,6.301029995663981,0.2003139684972428,3
404,5.474986457179064,5.275103949569196,-0.1998825076098676,3
405,6.684847092108543,6.884795363948981,0.19994827184043729,3
406,6.649491792925962,6.849419413796899,0.19992762087093752,3
407,6.597779409203731,6.7979596437371965,0.20018023453346512,3
408,6.484518969908812,7.505149978319906,1.0206310084110939,3
409,6.317305323463066,6.517723594833735,0.20041827137066903,3
410,6.434781392867643,6.6349808000512285,0.2001994071835851,3
411,6.54849032329102,6.6452748593294935,0.09678453603847359,3
412,6.05809291415871,6.270678836144707,0.21258592198599668,3
413,6.513851378024746,6.024895960107485,-0.4889554179172606,3
414,6.504994631189497,7.385606273598312,0.8806116424088151,3
415,6.533271081619717,6.501059262217751,-0.032211819401966046,3
416,6.301225610390249,6.501059262217751,0.19983365182750212,3
417,6.54849032329102,6.7160033436348,0.16751302034378046,3
418,6.354031441107205,6.3979400086720375,0.043908567564832524,3
419,6.33480732490133,6.2716557723522754,-0.06315155254905491,3
420,6.0696267185971,6.269512944217916,0.19988622562081648,3
421,6.12242521171631,6.32221929473392,0.19979408301761037,3
422,5.733177957994924,5.337459261290656,-0.39571869670426807,3
423,6.653362799505191,6.755874855672492,0.10251205616730097,3
424,6.653362799505191,6.596047007545439,-0.057315791959752005,3
425,6.572951776347938,6.372912002970106,-0.2000397733778314,3
426,6.428020120461206,6.227886704613674,-0.20013341584753253,3
427,6.31350307590382,6.477121254719663,0.16361817881584262,3
428,5.879393178316648,6.079181246047625,0.19978806773097713,3
429,6.361771816551322,6.3979400086720375,0.03616819212071576,3
430,4.942641838570276,4.742725131304698,-0.19991670726557853,3
431,6.236274203363445,6.278753600952829,0.042479397589383794,3
432,6.18023206784664,6.380211241711606,0.19997917386496677,3
433,6.197789940369494,5.4446692309385245,-0.7531207094309691,3
434,6.236843231241975,6.43695733066945,0.20011409942747438,3
435,6.263135293839749,6.063145637106638,-0.19998965673311098,3
436,6.279625967478442,6.442479769064448,0.1628538015860066,3
437,6.445521579207631,6.645324001562293,0.1998024223546624,3
438,5.573564752376405,5.373500477967874,-0.2000642744085308,3
439,6.276835459289696,6.477121254719663,0.20028579542996638,3
440,5.483491861947953,5.283301228703549,-0.20019063324440367,3
441,4.82501496218072,6.176091259055681,1.351076296874961,3
442,6.077327079546931,6.57978359661681,0.5024565170698789,3
443,6.045149664213435,5.845098040014257,-0.20005162419917788,3
444,5.428066019892077,5.62797998982998,0.1999139699379029,3
445,6.13335302978792,6.146128035678238,0.012775005890317992,3
446,6.328540719346906,6.528736777724652,0.20019605837774623,3
447,6.406222553323849,6.32221929473392,-0.08400325858992819,3
448,6.401905991419956,6.6020599913279625,0.20015399990800642,3
449,5.699956562676151,5.900312496983727,0.20035593430757537,3
450,5.808011663810283,6.108226656374929,0.300214992564646,3
451,6.18553200710702,6.385606273598312,0.200074266491292,3
452,6.034567587749103,6.585460729508501,0.5508931417593983,3
453,6.125748459110032,6.271841606536499,0.14609314742646617,3
454,6.230034143330184,6.401572845676446,0.171538702346262,3
455,4.826158035259905,3.724275869600789,-1.1018821656591156,3
456,5.976260028961184,6.176091259055681,0.19983123009449777,3
457,6.1200519939997395,6.301029995663981,0.18097800166424172,3
458,5.246740070778215,5.04688519083771,-0.19985487994050555,3
459,6.23239273404987,6.068185861746161,-0.16420687230370845,3
460,5.982037610904411,6.181843587944773,0.19980597704036196,3
461,6.122153561448092,6.32221929473392,0.200065733285828,3
462,6.342526944763925,6.855525212731306,0.5129982679673812,3
463,6.142223844920848,6.342422680822207,0.20019883590135823,3
464,6.31819826906205,6.447158031342219,0.1289597622801697,3
465,6.354031441107205,6.491361693834273,0.13733025272706811,3
466,6.122150760919492,6.32221929473392,0.20006853381442813,3
467,6.7998671422424435,7.0,0.20013285775755651,3
468,6.158124578367019,6.357934847000454,0.19981026863343487,3
469,6.279110987487005,6.309757882316366,0.030646894829360782,3
470,5.951434752225323,5.751510050270041,-0.19992470195528167,3
471,6.089646371384343,6.290034611362518,0.20038823997817534,3
472,6.158827876277285,6.301029995663981,0.14220211938669625,3
473,6.272871252892986,6.073351702386901,-0.19951955050608472,3
474,6.256883247522456,6.057099097526547,-0.1997841499959092,3
475,6.163320013525322,6.186278103445368,0.022958089920046554,3
476,6.490762867237218,6.301029995663981,-0.18973287157323693,3
477,6.277900962864347,6.477555332198981,0.19965436933463376,3
478,5.795940822205826,5.99563519459755,0.19969437239172372,3
479,6.003973014771588,6.204119982655925,0.20014696788433728,3
480,5.889612568423588,6.089905111439398,0.20029254301581023,3
481,5.5319808438197375,5.043755126968679,-0.4882257168510584,3
482,6.194539784314332,6.394451680826216,0.19991189651188357,3
483,3.5143196863544084,3.397940008672037,-0.11637967768237134,3
484,6.291450872423429,6.491361693834273,0.19991082141084426,3
485,5.019457622414228,5.078094150406411,0.05863652799218322,3
486,5.200813329047565,5.12057393120585,-0.08023939784171574,3
487,5.489396350801532,5.548757828573704,0.059361477772172044,3
488,5.208184169527504,5.008600171761918,-0.19958399776558622,3
489,4.7341753963853925,4.534026106056135,-0.2001492903292572,3
490,6.002113642329315,6.164352855784437,0.1622392134551225,3
491,6.43805778917066,6.552668216112194,0.11461042694153356,3
492,6.223061714557239,6.423245873936808,0.20018415937956924,3
493,6.708329337257394,6.9084850188786495,0.20015568162125508,3
494,6.713309487981718,6.913283901760418,0.1999744137787003,3
495,6.2789983685143165,6.079181246047625,-0.19981712246669137,3
496,6.2789983685143165,6.657055852857104,0.3780574843427873,3
497,4.815205229874891,4.615097451301758,-0.2001077785731331,3
498,6.762489811688491,6.962369335670021,0.1998795239815303,3
499,6.379914417759842,6.57978359661681,0.19986917885696798,3
500,6.1588285475592714,5.959041392321094,-0.19978715523817758,3
501,5.879133786556421,6.079181246047625,0.20004745949120384,3
502,6.657829506437302,6.857332496431268,0.19950298999396576,3
503,6.812703328430386,7.012837224705172,0.20013389627478606,3
504,5.754456891639636,5.950364854376123,0.19590796273648703,3
505,6.724104744604475,7.176091259055681,0.45198651445120674,3
506,6.724104744604475,5.939758797292041,-0.7843459473124339,3
507,6.792652862883874,6.592176757395867,-0.20047610548800687,3
508,5.337098000140762,5.136720567156407,-0.2003774329843555,3
509,6.000714393745642,6.200303182981585,0.1995887892359436,3
510,5.618605231833446,5.892094602690481,0.2734893708570345,3
511,6.794027266256021,6.919078092376074,0.12505082612005314,3
512,5.953601544333229,5.8750612633917,-0.07854028094152898,3
513,6.100624363125497,5.176091259055681,-0.9245331040698153,3
514,6.603417347219903,6.644044492814749,0.04062714559484615,3
515,2.578133185842012,2.7781512503836434,0.20001806454163162,3
516,3.2133433802658304,3.0791812460476247,-0.13416213421820578,3
517,6.083011314431844,6.283301228703549,0.20028991427170517,3
518,6.088154132663574,6.2878017299302265,0.1996475972666527,3
519,5.7366765345419966,5.536937022704674,-0.19973951183732286,3
520,6.100624363125497,6.301029995663981,0.20040563253848465,3
521,5.146001933211262,5.0,-0.1460019332112621,3
522,6.331307241470576,6.531478917042255,0.20017167557167959,3
523,5.835197105425494,6.033423755486949,0.19822665006145535,3
524,4.7447054428808135,3.662757831681574,-1.0819476111992397,3
525,5.865289504016425,6.260548372636979,0.39525886862055426,3
526,5.95168267479175,5.301029995663981,-0.6506526791277691,3
527,6.218424731366905,6.176091259055681,-0.042333472311224085,3
528,5.642628289609817,5.4996870826184034,-0.14294120699141377,3
529,5.0952274441256975,5.295127085252191,0.1998996411264935,3
530,5.50109161760575,5.301029995663981,-0.20006162194176902,3
531,4.11172254826673,3.911690158753861,-0.20003238951286928,3
532,6.124221193100668,6.324282455297693,0.2000612621970248,3
533,5.126527138344509,5.72029163965499,0.5937645013104813,3
534,6.167240753334164,6.3670482644844935,0.19980751115032902,3
535,6.59790939128658,7.204119982655925,0.6062105913693454,3
536,6.2128510536799295,6.012837224705172,-0.2000138289747575,3
537,5.656049446035126,5.176091259055681,-0.47995818697944426,3
538,5.920764951709434,6.17897694729317,0.25821199558373564,3
539,4.529325356184559,4.329194415088451,-0.2001309410961083,3
540,5.656049446035126,6.002166061756507,0.34611661572138175,3
541,6.289396044706838,6.489395921727129,0.1999998770202911,3
542,4.8003092419189075,5.0,0.1996907580810925,3
543,5.85001289003222,4.698970004336019,-1.1510428856962012,3
544,5.605028382862737,5.294466226161593,-0.3105621567011436,3
545,5.538374354253434,5.477121254719663,-0.06125309953377123,3
546,5.985374994508092,6.1264561134318045,0.14108111892371245,3
547,6.1898766276899115,5.0,-1.1898766276899115,3
548,4.228218990123402,4.02816441942447,-0.2000545706989323,3
549,6.693959325830884,7.079181246047625,0.3852219202167415,3
550,6.218424731366905,6.018650576891155,-0.1997741544757501,3
551,6.1898766276899115,7.049218022670182,0.8593413949802704,3
552,5.927825019880615,6.556302500767287,0.628477480886672,3
553,6.676023230281263,7.176091259055681,0.5000680287744181,3
554,5.705666334600423,5.615539749308947,-0.09012658529147544,3
555,6.817522008089505,7.017450729510536,0.19992872142103035,3
556,5.33799594487183,3.838849090737255,-1.4991468541345747,3
557,6.078631626168947,6.278753600952829,0.20012197478388227,3
558,6.61486501898024,7.079181246047625,0.4643162270673855,3
559,5.381443458584678,5.181843587944773,-0.19959987063990514,3
560,5.381608353521603,5.181843587944773,-0.19976476557683043,3
561,4.5402631879966355,4.340444114840119,-0.19981907315651615,3
562,3.603160847020062,3.403120521175818,-0.20004032584424403,3
563,5.191234472924619,4.991226075692495,-0.20000839723212405,3
564,6.1421302480409725,6.342422680822207,0.2002924327812341,3
565,6.5414804954415455,6.741151598851785,0.19967110341023986,3
566,6.069100108627741,6.350248018334163,0.281147909706422,3
567,6.561593545550209,6.361727836017593,-0.19986570953261573,3
568,5.2719231137423925,4.176091259055681,-1.0958318546867112,3
569,5.307731495142606,5.507855871695831,0.20012437655322568,3
570,6.532329238133544,6.732393759822968,0.20006452168942435,3
571,6.174388640515648,6.290034611362518,0.11564597084687023,3
572,6.004138094406088,6.204119982655925,0.19998188824983743,3
573,6.413046459480915,6.954242509439325,0.5411960499584101,3
574,6.163973348468957,7.079181246047625,0.9152078975786679,3
575,6.3473732114547605,6.4623979978989565,0.115024786444196,3
576,6.653362799505191,6.698970004336019,0.045607204830827364,3
577,5.2449030814713185,5.045322978786658,-0.19958010268466087,3
578,6.344278911757512,6.544068044350276,0.19978913259276343,3
579,6.1588285475592714,6.6020599913279625,0.44323144376869106,3
580,7.390001084502356,7.589949601325708,0.19994851682335213,3
581,6.693959325830884,6.942504106168081,0.2485447803371974,3
582,6.218424731366905,6.43569150818434,0.21726677681743478,3
583,6.1898766276899115,7.079181246047625,0.8893046183577136,3
584,6.1898766276899115,6.365487984890899,0.17561135720098786,3
585,6.1898766276899115,4.880813592280791,-1.3090630354091202,3
586,6.282569808949404,4.752355804153501,-1.5302140047959032,3
587,5.797658243260628,6.823545953567112,1.0258877103064838,3
588,5.927825019880615,6.12057393120585,0.19274891132523475,3
589,5.2905120480376775,6.0,0.7094879519623225,3
590,6.198666942399812,6.119317224092021,-0.0793497183077907,3
591,6.248363685882786,5.903089986991944,-0.3452736988908418,3
592,6.492814710336869,6.69284691927723,0.20003220894036033,3
593,6.817522008089505,6.672097857935717,-0.1454241501537883,3
594,5.90188798997126,6.980911937776844,1.0790239478055836,3
595,6.208865517138793,7.1003705451175625,0.8915050279787691,3
596,6.976340581453858,7.176091259055681,0.1997506776018234,3
597,5.439708791947098,6.612783856719736,1.1730750647726387,3
598,5.856035499623856,6.886490725172482,1.030455225548626,3
599,3.272696928405533,3.4727564493172123,0.2000595209116791,3
600,6.799858894396762,7.0,0.2001411056032376,3
601,5.276729878897565,5.477121254719663,0.20039137582209765,3
602,6.291005629090855,6.161368002234975,-0.12963762685587987,3
603,5.971549363478387,6.3979400086720375,0.4263906451936501,3
604,6.078631626168947,7.041392685158225,0.9627610589892788,3
605,6.61486501898024,6.861534410859038,0.24666939187879855,3
606,6.1898766276899115,4.740362689494244,-1.4495139381956674,3
607,4.898811659787343,4.698970004336019,-0.19984165545132448,3
608,5.914391201336606,6.113943352306837,0.1995521509702307,3
609,5.5162567319645515,5.7160033436348,0.19974661167024887,3
610,6.338129952105435,6.431363764158987,0.09323381205355208,3
611,6.3473732114547605,6.414973347970818,0.06760013651605767,3
612,6.346411925133997,6.146128035678238,-0.2002838894557586,3
613,6.065487860594017,5.447158031342219,-0.6183298292517971,3
614,6.161740445985974,6.361727836017593,0.1999873900316187,3
615,4.978637400479705,4.778151250383644,-0.20048615009606152,3
616,4.517110531377559,4.31722734917642,-0.19988318220113843,3
617,6.155082454015384,6.079181246047625,-0.07590120796775857,3
618,5.007867024103015,5.484769477716173,0.47690245361315853,3
619,5.845275996483532,6.045322978786658,0.20004698230312545,3
620,4.347575451627561,4.1476763242410986,-0.19989912738646254,3
621,6.356244345556358,6.556302500767287,0.20005815521092885,3
622,6.256273624444858,6.079181246047625,-0.17709237839723269,3
623,5.368932659539342,6.079181246047625,0.7102485865082828,3
624,5.878941941720327,6.079181246047625,0.2002393043272983,3
625,5.867238608031963,5.775464809345739,-0.0917737986862237,3
626,5.476862961520296,6.1068026275996505,0.6299396660793546,3
627,5.880995446259446,5.681241237375588,-0.1997542088838582,3
628,5.644844355157123,5.444825199509748,-0.20001915564737516,3
629,6.102102549957573,6.301897717195208,0.19979516723763524,3
630,6.02248718805219,6.0,-0.022487188052189744,3
631,5.91391874397952,6.018284308426531,0.1043655644470105,3
632,5.893151388977226,5.949877704036875,0.05672631505964887,3
633,6.536683174426899,6.0,-0.5366831744268987,3
634,6.080878060984944,5.049218022670182,-1.0316600383147625,3
635,6.002299071872996,6.011993114659257,0.009694042786260404,3
636,6.115819460576074,6.315970345456917,0.2001508848808431,3
637,6.589527825893695,6.418301291319746,-0.17122653457394943,3
638,6.352187968071238,6.301029995663981,-0.051157972407256835,3
639,5.533411001552451,6.079181246047625,0.5457702444951744,3
640,6.379513566625304,6.544068044350276,0.16455447772497145,3
641,6.542220860625058,6.342422680822207,-0.1997981798028512,3
642,6.499749882830132,6.57978359661681,0.080033713786678,3
643,6.2000627799465775,6.0,-0.2000627799465775,3
644,6.327932317365493,6.313593064521326,-0.014339252844166595,3
645,6.10657146965149,6.079181246047625,-0.027390223603864783,3
646,5.823526794629279,5.623249290397901,-0.20027750423137824,3
647,5.968763953576647,6.033423755486949,0.0646598019103024,3
648,6.354518296554572,6.6020599913279625,0.24754169477339083,3
649,6.087926995964754,6.36005731412298,0.27213031815822664,3
650,6.10785637457099,6.124634624019139,0.016778249448148763,3
651,6.282569808949404,6.363611979892144,0.08104217094274002,3
652,6.074406198341987,5.707570176097937,-0.3668360222440503,3
653,6.2594507560536865,6.32221929473392,0.06276853868023391,3
654,6.400824866935974,6.600972895686748,0.20014802875077464,3
655,6.1198020084425675,5.9954289654317074,-0.12437304301086005,3
656,6.256273624444858,6.193124598354461,-0.06314902609039663,3
657,6.2702661353353175,5.45075702813707,-0.8195091071982477,3
658,6.2594507560536865,6.283301228703549,0.02385047264986273,3
659,5.674186721408263,4.380211241711606,-1.2939754796966563,3
660,6.237956435397964,6.230448921378274,-0.007507514019690298,3
661,6.0786840921244565,6.278753600952829,0.20006950882837238,3
662,5.430611906887665,5.599883072073688,0.16927116518602237,3
663,5.920132760642125,7.498310553789601,1.5781777931474759,3
664,6.157703899169058,6.357934847000454,0.20023094783139594,3
665,5.16363688477761,4.963787827345556,-0.19984905743205417,3
666,5.868501248598351,6.220108088040055,0.351606839441704,3
667,5.987998782158309,7.4954055631461936,1.5074067809878846,3
668,5.896494476041645,6.096910013008056,0.20041553696641135,3
669,5.96769696238289,5.149834696715785,-0.8178622656671051,3
670,5.896017109945788,6.0,0.10398289005421191,3
671,5.839228352238833,5.939808685806208,0.1005803335673745,3
672,6.087874369494589,5.888179493918325,-0.19969487557626397,3
673,5.943191009520845,6.060697840353612,0.1175068308327667,3
674,6.007682080949975,6.060932673519882,0.05325059256990716,3
675,6.0677275477452035,6.167317334748176,0.09958978700297205,3
676,6.743778361614265,6.298853076409706,-0.4449252852045582,3
677,5.8788567892766235,6.079181246047625,0.20032445677100164,3
678,5.863350913260985,5.663700925389648,-0.1996499878713367,3
679,5.5939390687186386,6.004321373782642,0.41038230506400364,3
680,6.02248718805219,6.222716471147583,0.20022928309539356,3
681,5.378916825075873,5.786751422145561,0.40783459706968817,3
682,5.97593334190132,6.176091259055681,0.20015791715436126,3
683,5.889222348252664,6.079181246047625,0.1899588977949609,3
684,6.106186517801467,5.995196291597179,-0.11099022620428745,3
685,5.954811455613054,6.079181246047625,0.12436979043457086,3
686,5.676769493235072,6.0,0.32323050676492837,3
687,5.875747089240551,6.015359755409214,0.13961266616866386,3
688,5.6515349957537495,5.5301996982030825,-0.12133529755066697,3
689,5.91391874397952,6.0,0.08608125602047956,3
690,6.130478386898158,6.330413773349191,0.19993538645103293,3
691,5.9308479310389846,6.024731889655249,0.09388395861626453,3
692,5.637442965769818,4.711807229041191,-0.9256357367286272,3
693,6.024383709265139,5.824054205231849,-0.20032950403329064,3
694,5.355035120739623,6.301029995663981,0.9459948749243585,3
695,6.3169920227996315,6.188647295999718,-0.12834472679991382,3
696,6.32078967713957,6.977723605288848,0.6569339281492779,3
697,6.022730823392655,6.0,-0.022730823392654642,3
698,6.209965535412764,4.103803720955957,-2.106161814456807,3
699,6.147012530934113,6.720572720364261,0.5735601894301485,3
700,6.0956311908268885,6.103803720955957,0.008172530129068711,3
701,6.170949449217838,6.0,-0.17094944921783828,3
702,5.890063621656685,6.0,0.10993637834331516,3
703,5.627915078092317,5.342422680822207,-0.28549239727011066,3
704,5.878973232618128,6.079181246047625,0.20020801342949746,3
705,6.078791801716404,6.278753600952829,0.19996179923642465,3
706,6.215271717534934,6.414973347970818,0.19970163043588407,3
707,5.867272444308299,5.77451696572855,-0.09275547857974953,3
708,6.176785651926555,6.377124042346456,0.2003383904199012,3
709,6.282569808949404,5.93801909747621,-0.34455071147319405,3
710,5.876693772867808,6.0,0.12330622713219164,3
711,5.99213707000208,6.332236415491443,0.3400993454893628,3
712,5.671775505976431,6.176091259055681,0.5043157530792506,3
713,6.166423734377994,6.165244326125311,-0.001179408252682812,3
714,6.769591355144101,6.969415912353981,0.19982455720988046,3
715,6.2468272773170455,6.447158031342219,0.20033075402517397,3
716,6.528914982704647,6.72916478969277,0.2002498069881229,3
717,6.510671155336621,6.3979400086720375,-0.11273114666458373,3
718,6.227031989376118,6.4269989587565375,0.19996696938041936,3
719,6.154952168947428,4.778151250383644,-1.3768009185637844,3
720,6.484548207096212,6.380211241711606,-0.10433696538460602,3
721,6.1633907307761,6.3979400086720375,0.2345492778959377,3
722,3.7564592105191927,3.556302500767288,-0.20015670975190458,3
723,6.433746494506326,6.633468455579586,0.19972196107326035,3
724,6.0429008175161245,6.243038048686294,0.2001372311701699,3
725,6.239522473160992,6.187520720836463,-0.05200175232452953,3
726,5.460221379848266,6.176091259055681,0.715869879207415,3
727,4.97105542891491,4.770852011642144,-0.2002034172727658,3
728,6.19786700487662,6.3979400086720375,0.20007300379541793,3
729,6.411685462666006,6.419955748489758,0.008270285823751777,3
730,6.61920531080564,6.819543935541868,0.20033862473622843,3
731,5.328056493835843,5.128399268717806,-0.1996572251180364,3
732,5.197937052905643,4.948070481518941,-0.24986657138670232,3
733,6.356177266219427,6.4679039465228,0.11172668030337363,3
734,6.484518969908812,6.284656282788515,-0.1998626871202971,3
735,6.356177266219427,6.556302500767287,0.20012523454786013,3
736,5.058783228696229,4.858537197569639,-0.20024603112659012,3
737,5.430820620259329,5.230448921378274,-0.20037169888105488,3
738,4.928366510643071,4.728028954420519,-0.20033755622255267,3
739,5.686845238905281,4.0,-1.6868452389052813,3
740,6.142465619789673,6.049218022670182,-0.09324759711949149,3
741,4.616543319019721,5.760422483423212,1.143879164403491,3
742,4.24157137988589,4.041392685158225,-0.20017869472766492,3
743,5.320092902971794,5.00987563371216,-0.3102172692596339,3
744,5.745359517046251,5.02938377768521,-0.7159757393610411,3
745,5.344815912948591,5.544811911757776,0.19999599880918506,3
746,5.241674819588266,5.041392685158225,-0.20028213443004095,3
747,5.4104659046936625,5.61066016308988,0.20019425839621707,3
748,5.037176515023196,5.045322978786658,0.008146463763461398,3
749,5.513384767851168,5.96189547366785,0.4485107058166822,3
750,3.8221797006252047,4.022428371185487,0.20024867056028262,3
751,4.188898651281277,4.389095173354185,0.2001965220729085,3
752,4.379131353128923,4.17897694729317,-0.20015440583575295,3
753,5.815107901259093,5.781036938621132,-0.034070962637961166,3
754,4.826158035259905,4.0,-0.8261580352599047,3
755,5.260917441115517,4.812913356642856,-0.44800408447266094,3
756,5.489396350801532,5.68930885912362,0.19991250832208785,3
757,6.051438327763711,5.851258348719076,-0.20017997904463503,3
758,4.988972316536986,5.189209489582306,0.20023717304531985,3
759,5.927825019880615,4.7160033436348,-1.2118216762458145,3
760,5.381608353521603,6.763427993562937,1.3818196400413338,3
761,5.927825019880615,3.832508912706236,-2.0953161071743787,3
762,5.279442466108858,5.079181246047625,-0.2002612200612326,3
763,4.616543319019721,3.4771212547196626,-1.1394220643000583,3
764,4.826158035259905,5.285557309007774,0.45939927374786915,3
765,5.619491919767845,6.2552725051033065,0.6357805853354614,3
766,5.044744520867922,4.845098040014257,-0.19964648085366488,3
767,5.558403900322969,6.079181246047625,0.5207773457246558,3
768,4.362862565177901,4.4048337166199385,0.04197115144203778,3
769,5.4512218363913085,4.79982283099332,-0.6513990053979883,3
770,5.340204274437094,6.698970004336019,1.3587657298989244,3
771,4.379131353128923,3.494154594018443,-0.8849767591104798,3
772,5.628659402502914,6.079181246047625,0.4505218435447107,3
773,4.70621597624724,4.017033339298781,-0.689182636948459,3
774,4.644768892848302,3.342422680822206,-1.3023462120260958,3
775,2.5751111868014624,4.1027766148834415,1.527665428081979,3
776,4.860641932442763,3.9190780923760737,-0.9415638400666895,3
777,5.630143519253374,6.0,0.369856480746626,3
778,5.558403900322969,5.7363965022766426,0.17799260195367328,3
779,5.007681796298755,4.562173863364649,-0.44550793293410607,3
780,5.120605218778779,4.445604203273597,-0.675001015505182,3
781,5.315298036002798,5.477121254719663,0.16182321871686423,3
782,5.26473580985233,5.064457989226918,-0.20027782062541188,3
783,5.53245724337527,7.176091259055681,1.6436340156804112,3
784,6.02457304561986,6.041392685158225,0.016819639538365294,3
785,4.794397455548944,4.994317152669637,0.19991969712069224,3
786,5.350132115899345,5.079181246047625,-0.27095086985171957,3
787,4.5880793313405634,4.54282542695918,-0.04525390438138377,3
788,5.704110932094054,6.477121254719663,0.7730103226256082,3
789,5.371866280273614,5.571708831808688,0.1998425515350739,3
790,6.257761462131061,6.633468455579586,0.3757069934485253,3
791,4.327448995531365,4.212187604403958,-0.11526139112740719,3
792,5.502834003872302,4.972619339059624,-0.5302146648126778,3
793,5.214426177512849,6.079181246047625,0.8647550685347758,3
794,4.753370114547608,5.073791642808014,0.3204215282604057,3
795,5.518142427442285,4.704853744566289,-0.8132886828759966,3
796,5.3186061494759995,5.518513939877887,0.19990779040188755,3
797,4.753370114547608,4.953663063747091,0.2002929491994827,3
798,5.813640376759281,4.792391689498253,-1.0212486872610285,3
799,5.575309275855493,6.3979400086720375,0.8226307328165445,3
800,4.125394595828044,4.568201724066995,0.4428071282389512,3
801,5.22652112805268,4.357172257723033,-0.869348870329647,3
802,5.385618946866882,5.089905111439398,-0.29571383542748375,3
803,4.557268587196999,4.683947130751513,0.12667854355451347,3
804,5.8789346410496375,5.903089986991944,0.024155345942306283,3
805,5.590414159545689,5.390122251506701,-0.200291908038988,3
806,5.677515369806457,5.477121254719663,-0.2003941150867945,3
807,6.361771816551322,6.4623979978989565,0.10062618134763479,3
808,6.055822763359593,4.76789761601809,-1.287925147341503,3
809,4.975924173403438,4.743509764728429,-0.23241440867500973,3
810,4.443473367287805,4.643452676486188,0.19997930919838325,3
811,5.611387418067047,5.811709026696192,0.20032160862914505,3
812,5.141803102157171,4.887054378050957,-0.2547487241062143,3
813,4.057080249654259,3.857332496431269,-0.1997477532229901,3
814,3.9459246945241317,3.792391689498254,-0.15353300502587786,3
815,3.563194672663404,3.763427993562937,0.20023332089953305,3
816,3.7441336230033215,3.544068044350276,-0.20006557865304542,3
817,4.124540906155492,3.9242792860618816,-0.20026162009361004,3
818,6.1979135863195065,6.3979400086720375,0.20002642235253099,3
819,4.492556206318751,4.382017042574868,-0.11053916374388262,3
820,5.878976068013409,6.079181246047625,0.20020517803421622,3
821,5.688183096163808,5.658011396657113,-0.030171699506695404,3
822,4.0795510995193744,3.8790958795000727,-0.20045522001930172,3
823,5.2835506788156685,6.079181246047625,0.7956305672319566,3
824,4.362862565177901,4.495544337546448,0.1326817723685476,3
825,4.975924173403438,5.176091259055681,0.20016708565224306,3
826,3.662153691237859,3.462397997898956,-0.19975569333890286,3
827,4.503060417261081,4.303196057420489,-0.1998643598405927,3
828,5.0174633714016865,4.817565369559781,-0.19989800184190543,3
829,5.304916769369426,5.505149978319906,0.2002332089504799,3
830,4.597961591268024,4.3979400086720375,-0.20002158259598612,3
831,4.921771623949164,4.721810615212546,-0.1999610087366177,3
832,4.033241869711281,4.505149978319906,0.4719081086086252,3
833,3.53879186647568,3.2380461031287955,-0.3007457633468844,3
834,4.790624502865538,4.5910646070265,-0.19955989583903744,3
835,4.622144643859521,4.8221680793680175,0.20002343550849666,3
836,5.2905120480376775,3.230448921378274,-2.0600631266594034,3
837,4.460164003319548,2.6020599913279625,-1.8581040119915855,3
838,3.2087546367334854,3.008600171761917,-0.2001544649715683,3
839,6.129933354839708,5.949390006644912,-0.18054334819479578,3
840,6.582215039507324,7.0,0.41778496049267577,3
841,5.458137683029234,5.331589240955137,-0.126548442074097,3
842,4.976192016805815,5.176091259055681,0.19989924224986666,3
843,6.231560534367825,6.170555058521209,-0.061005475846616086,3
844,5.946409651287743,6.146128035678238,0.19971838439049527,3
845,6.182504693172785,5.982271233039568,-0.20023346013321675,3
846,5.4512218363913085,6.209246848753374,0.7580250123620651,3
847,5.949879767274974,5.750045312011768,-0.19983445526320676,3
848,5.800088648900375,5.401055725771844,-0.399032923128531,3
849,6.275078441978612,6.419129307741976,0.14405086576336412,3
850,6.391978101054354,6.380211241711606,-0.011766859342747793,3
851,6.004090514922637,6.204119982655925,0.20002946773328834,3
852,5.4512218363913085,4.939019776448666,-0.5122020599426422,3
853,5.572331112599559,4.79309160017658,-0.7792395124229792,3
854,6.122446243902242,6.32221929473392,0.19977305083167884,3
855,6.582215039507324,6.382017042574868,-0.20019799693245588,3
856,6.232724064540278,6.366982975977851,0.13425891143757251,3
857,6.035102853713187,6.176091259055681,0.1409884053424939,3
858,6.33561883857633,6.535863520712453,0.20024468213612234,3
859,5.724515760634356,5.924279286061882,0.1997635254275263,3
860,6.200319974621292,6.0,-0.20031997462129159,3
861,4.747320074133133,4.66661156841903,-0.08070850571410304,3
862,6.818113076085016,7.0178677189635055,0.19975464287848954,3
863,6.017957888432644,6.079181246047625,0.06122335761498121,3
864,6.36729306999356,6.567144045195657,0.1998509752020965,3
865,5.6153750567512075,5.414973347970818,-0.20040170878038932,3
866,6.134309163724113,5.934498451243568,-0.19981071248054505,3
867,5.934968606587538,6.32221929473392,0.3872506881463824,3
868,6.101003030570378,6.301029995663981,0.20002696509360351,3
869,5.76792436490444,6.531478917042255,0.7635545521378155,3
870,5.992818454943963,6.003115717099806,0.010297262155843256,3
871,6.186958505587544,6.3979400086720375,0.21098150308449348,3
872,3.9733683280589585,3.9242792860618816,-0.049089041997076865,3
873,4.39759438983657,4.597826770377936,0.20023238054136616,3
874,4.793860741354262,3.42845877351558,-1.365401967838682,3
875,6.204013205704452,6.4623979978989565,0.25838479219450416,3
876,5.951434752225323,6.898664858722267,0.947230106496944,3
877,5.647430816099654,5.847276448275631,0.19984563217597717,3
878,5.55175638217714,5.44178936653435,-0.10996701564278943,3
879,5.879133786556421,4.530839778616521,-1.3482940079399004,3
880,6.407159058359607,6.607455023214668,0.2002959648550613,3
881,6.218424731366905,5.596597095626461,-0.6218276357404449,3
882,4.877497780838858,4.275080898456858,-0.6024168823820002,3
883,5.642628289609817,5.110589710299249,-0.5320385793105684,3
884,5.61824535723396,5.041392685158225,-0.5768526720757343,3
885,6.198666942399812,7.0,0.8013330576001882,3
886,6.198666942399812,5.998808399880894,-0.19985854251891766,3
887,6.040648908752631,7.602059991327962,1.5614110825753302,3
888,5.852783920139467,5.653212513775344,-0.1995714063641234,3
889,5.340204274437094,5.0,-0.34020427443709433,3
890,5.76792436490444,4.661812685537261,-1.1061116793671788,3
891,6.067208318607456,6.7160033436348,0.6487950250273444,3
892,6.7393780581107565,6.939519252618618,0.20014119450786172,3
893,4.449078329193825,4.249027052547187,-0.20005127664663824,3
894,2.430965610429062,1.6334684555795864,-0.7974971548494756,3
895,2.430965610429062,2.182300499593339,-0.24866511083572318,3
896,5.6804443950679,4.008600171761918,-1.6718442233059818,3
897,5.822547358259099,5.400710636773232,-0.42183672148586737,3
898,5.960921412658533,6.078819183098848,0.11789777044031524,3
899,5.862248911919806,4.736149402104994,-1.1260995098148117,3
900,5.021975182437046,4.821840927200454,-0.20013425523659212,3
901,6.160114577574227,6.3979400086720375,0.23782543109781074,3
902,6.071542428414142,5.050147658020303,-1.0213947703938393,3
903,3.758836961520053,3.959041392321093,0.20020443080104,3
904,5.3262480933250185,6.477121254719663,1.1508731613946441,3
905,6.731476432428178,7.544068044350276,0.8125916119220973,3
906,5.8791272209617045,6.079181246047625,0.20005402508592063,3
907,5.946298340947501,6.146128035678238,0.1998296947307372,3
908,4.945930619053393,5.146128035678238,0.20019741662484503,3
909,5.625837997501526,5.826074802700826,0.20023680519930043,3
910,5.886373846733526,6.401400540781544,0.5150266940480179,3
911,5.5662325851977545,6.079181246047625,0.5129486608498706,3
912,5.6269016688116515,5.021189299069938,-0.6057123697417133,3
913,5.610183850519975,5.604118006192035,-0.006065844327939551,3
914,4.812561064960338,3.5575072019056577,-1.2550538630546804,3
915,3.154017980156857,2.9542425094393248,-0.19977547071753232,3
916,4.14175825464986,3.942008053022313,-0.19975020162754653,3
917,3.7119609798287323,3.5118833609788744,-0.20007761884985786,3
918,5.662425709545238,5.423360578084977,-0.23906513146026143,3
919,5.477533563429205,5.6776069527204935,0.2000733892912887,3
920,5.799851437834519,6.0,0.20014856216548083,3
921,5.9464596521277295,6.146128035678238,0.19966838355050864,3
922,5.962003391179331,6.161846959528519,0.1998435683491877,3
923,5.8791977473621175,6.079181246047625,0.19998349868550758,3
924,3.3041700153726743,3.103803720955957,-0.2003662944167175,3
925,7.379516541575644,7.244277120801843,-0.13523942077380102,3
926,6.883049357022616,7.08278537031645,0.19973601329383417,3
927,5.9405654315324234,6.133538908370218,0.19297347683779442,3
928,6.209686304163195,6.778151250383644,0.5684649462204492,3
929,7.379516541575644,7.57978359661681,0.2002670550411665,3
930,5.488893647034476,5.27415784926368,-0.2147357977707962,3
931,5.542630067232752,5.342422680822207,-0.20020738641054514,3
932,5.625750407357923,5.826074802700826,0.20032439534290258,3
933,4.559729685964171,4.359835482339888,-0.19989420362428234,3
934,6.563701778132773,6.763427993562937,0.19972621543016356,3
935,5.707133536259949,5.832508912706237,0.1253753764462875,3
936,4.268783937858949,3.871164132802949,-0.3976198050559998,3
937,5.356359341408196,5.426023015689876,0.06966367428167963,3
938,8.029498046283157,8.229681842317676,0.2001837960345192,3
939,8.029498046283157,8.229681842317676,0.2001837960345192,3
940,8.215212919957619,8.414973347970818,0.1997604280131995,3
941,4.715593337078418,4.515343893088381,-0.20024944399003708,3
942,1.898709088956056,1.6989700043360187,-0.1997390846200373,3
943,4.762356192937787,4.431363764158987,-0.3309924287788002,3
944,5.50109161760575,5.406540180433956,-0.09455143717179393,3
945,6.2001499615230555,6.400365273349939,0.20021531182688346,3
946,6.208865517138793,6.301029995663981,0.09216447852518783,3
947,4.644768892848302,4.845098040014257,0.20032914716595496,3
948,4.715593337078418,4.845098040014257,0.12950470293583916,3
949,5.4426133795285825,6.707570176097937,1.2649567965693542,3
950,6.1867345890705705,6.386677283960838,0.19994269489026717,3
951,5.46433587327719,5.664641975556125,0.20030610227893497,3
952,4.542478372070714,4.342225229360791,-0.200253142709923,3
953,5.02644512752151,5.672097857935717,0.6456527304142075,3
954,2.6992177481993527,3.083502619830268,0.3842848716309155,3
955,3.5016494766512194,3.3014640731433,-0.20018540350791936,3
956,5.7876514856940515,5.987634987448437,0.19998350175438517,3
957,6.30649970477658,6.506505032404872,0.20000532762829248,3
958,6.268496535443428,6.068185861746161,-0.20031067369726685,3
959,5.709252218189791,5.509202522331103,-0.20004969585868793,3
960,5.472995279949433,5.673020907128897,0.20002562717946404,3
961,6.025255942713537,5.892094602690481,-0.13316134002305624,3
962,5.8729826513704175,5.673020907128897,-0.1999617442415209,3
963,6.007145050754343,6.207095540419218,0.19995048966487428,3
964,4.638392280418775,4.176091259055681,-0.4623010213630936,3
965,6.00237507769069,5.146128035678238,-0.8562470420124519,3
966,5.971795415065563,6.533517862016968,0.5617224469514044,3
967,4.262695118177659,4.4623979978989565,0.19970287972129785,3
968,6.124221193100668,5.0,-1.1242211931006683,3
969,6.352479287446657,6.152288344383057,-0.20019094306360063,3
970,5.439708791947098,5.238522812218293,-0.20118597972880448,3
971,5.439708791947098,5.639486489268586,0.19977769732148865,3
972,5.868501248598351,5.672097857935717,-0.1964033906626339,3
973,6.000497543334462,6.176091259055681,0.1755937157212193,3
974,5.630143519253374,4.681241237375588,-0.9489022818777864,3
975,5.836806033551847,4.017033339298781,-1.819772694253066,3
976,5.558403900322969,6.123165370902919,0.56476147057995,3
977,5.822547358259099,6.835500327867319,1.0129529696082198,3
978,5.960921412658533,6.078819183098848,0.11789777044031524,3
979,4.638392280418775,6.278753600952829,1.640361320534054,3
980,4.638392280418775,3.819872821950546,-0.8185194584682289,3
981,6.1222149328237165,6.32221929473392,0.20000436191020388,3
982,5.79993935949673,5.737272176535544,-0.06266718296118601,3
983,5.699824051891916,3.886490725172482,-1.8133333267194343,3
984,5.597396257522151,5.797267540830717,0.19987128330856585,3
985,5.841613617689042,5.371067862271736,-0.47054575541730603,3
986,5.447838276747175,5.647715410691554,0.199877133944379,3
987,5.11261278739109,4.872738827472669,-0.23987395991842053,3
988,6.014896619913749,7.332438459915605,1.317541840001856,3
989,5.856035499623856,5.146128035678238,-0.7099074639456182,3
990,5.987998782158309,7.4271224218663345,1.4391236397080256,3
991,5.375118291036503,5.174931593528442,-0.20018669750806062,3
992,7.535752237624854,8.09642333059527,0.5606710929704164,3
993,6.003823046118436,6.021189299069938,0.017366252951502403,3
994,5.476345441841024,5.729326809646861,0.25298136780583746,3
995,5.676706849269797,5.149527013754348,-0.5271798355154491,3
996,5.055235272096582,5.2552725051033065,0.20003723300672416,3
997,5.975947920920097,6.176091259055681,0.20014333813558416,3
998,5.101344953084301,5.301029995663981,0.1996850425796799,3
999,2.8991942817712864,2.6989700043360187,-0.2002242774352676,3
1000,2.2217133811881005,3.0791812460476247,0.8574678648595242,3
1001,2.8152001054214075,2.615529223637133,-0.19967088178427472,3
1002,3.1994201241411377,2.650501794878367,-0.5489183292627708,3
1003,3.272696928405533,2.630427875025024,-0.6422690533805091,3
1004,3.756262204772756,3.556302500767288,-0.19995970400546792,3
1005,2.8991942817712864,2.9912260756924947,0.0920317939212083,3
1006,3.1294225007436807,2.9474337218870508,-0.1819887788566299,3
1007,3.4790862669366525,3.4885507165004443,0.009464449563791888,3
1008,3.71037230249642,3.510545010206612,-0.1998272922898079,3
1009,3.4972948928407583,2.419955748489758,-1.0773391443510003,3
1010,5.478527584925303,5.278753600952829,-0.1997739839724737,3
1011,5.896494476041645,6.004321373782642,0.1078268977409973,3
1012,4.8084721306091485,5.008600171761918,0.2001280411527695,3
1013,6.019249430922845,5.819543935541868,-0.19970549538097693,3
1014,5.70674796939427,5.600972895686748,-0.10577507370752137,3
1015,6.262347799804423,6.4623979978989565,0.20005019809453373,3
1016,2.6862678994143145,2.886490725172482,0.2002228257581673,3
1017,6.197789940369494,6.3979400086720375,0.2001500683025439,3
1018,6.59790939128658,6.3979400086720375,-0.1999693826145421,3
1019,6.446311887340475,6.246498580795801,-0.19981330654467477,3
1020,5.885760523194055,6.079181246047625,0.19342072285357048,3
1021,4.171617788230845,3.886490725172482,-0.28512706305836355,3
1022,5.53245724337527,5.698970004336019,0.16651276096074863,3
1023,5.459839140844439,5.260071387985075,-0.19976775285936377,3
1024,5.937880406526812,5.738066714777469,-0.19981369174934294,3
1025,6.059154636929662,6.146128035678238,0.0869733987485759,3
1026,4.973967788250109,4.477121254719663,-0.49684653353044617,3
1027,6.078900816917756,6.278753600952829,0.19985278403507323,3
1028,6.381046496794977,6.365487984890899,-0.015558511904077754,3
1029,6.247168790119558,6.447158031342219,0.19998924122266182,3
1030,6.1975647288821225,6.3979400086720375,0.20037527978991498,3
1031,5.738872823624686,5.938919812244772,0.20004698862008574,3
1032,5.683979992664277,5.484299839346786,-0.199680153317491,3
1033,6.202060245025711,7.301029995663981,1.09896975063827,3
1034,5.8088689976279575,5.954242509439325,0.1453735118113677,3
1035,5.701050843188661,6.6020599913279625,0.9010091481393019,3
1036,6.772410816514049,6.972202838379064,0.1997920218650151,3
1037,6.101046819995703,6.301029995663981,0.1999831756682786,3
1038,6.40867550026566,6.248267603534647,-0.1604078967310123,3
1039,5.7074081251589295,6.301029995663981,0.5936218705050518,3
1040,6.263135293839749,6.380211241711606,0.11707594787185727,3
1041,6.256883247522456,6.380211241711606,0.1233279941891503,3
1042,6.015492835212431,5.603198520676098,-0.41229431453633314,3
1043,6.204751838212827,6.32221929473392,0.11746745652109336,3
1044,5.817126510767981,6.017033339298781,0.19990682853079988,3
1045,6.247168790119558,6.197831693328903,-0.04933709679065501,3
1046,6.062053590846881,6.171480722621874,0.10942713177499286,3
1047,6.632619872444696,7.105510184769974,0.4728903123252781,3
1048,6.173015992078392,6.373095987078727,0.20007999500033513,3
1049,5.620021951797865,5.419955748489758,-0.20006620330810687,3
1050,6.285925664374297,6.332438459915605,0.04651279554130827,3
1051,5.793878249918705,6.079181246047625,0.2853029961289204,3
1052,6.285925664374297,6.486146996806573,0.20022133243227636,3
1053,6.36294876383173,6.174931593528442,-0.18801717030328735,3
1054,6.677141904569284,5.886490725172482,-0.7906511793968019,3
1055,5.87697859582447,5.413132050434872,-0.4638465453895977,3
1056,6.294345986987156,6.698970004336019,0.4046240173488629,3
1057,7.319578460979759,7.519827993775719,0.2002495327959597,3
1058,7.240431096039969,7.188037055006895,-0.05239404103307432,3
1059,7.922144917884084,8.071882007306126,0.14973708942204222,3
1060,6.772791329632279,6.973127853599698,0.20033652396741974,3
1061,6.277900962864347,6.077731179652392,-0.20016978321195555,3
1062,6.598363641157377,6.3979400086720375,-0.20042363248533945,3
1063,6.792652862883874,7.294466226161593,0.5018133632777193,3
1064,7.133761808059718,7.333648756514701,0.19988694845498323,3
1065,6.799858894396762,7.793755472155577,0.9938965777588145,3
1066,6.287103965316361,6.087071205906535,-0.2000327594098259,3
1067,6.743778361614265,6.544068044350276,-0.1997103172639889,3
1068,7.6449895910297485,7.845098040014257,0.2001084489845084,3
1069,6.199666189520125,7.301029995663981,1.1013638061438566,3
1070,6.775506861569107,6.975431808509263,0.19992494694015583,3
1071,6.449246408822987,6.184691430817598,-0.2645549780053882,3
1072,6.08111357040768,6.281033367247727,0.1999197968400468,3
1073,5.213160294866373,5.012837224705172,-0.20032307016120132,3
1074,7.535752237624854,7.735997884091794,0.2002456464669402,3
1075,6.36294876383173,6.618633737597086,0.2556849737653559,3
1076,7.465112233935529,7.665017825412472,0.1999055914769432,3
1077,6.562059516120927,6.361727836017593,-0.2003316801033339,3
1078,7.038169315665516,6.886490725172482,-0.15167859049303356,3
1079,6.807914897285072,7.477121254719663,0.6692063574345903,3
1080,6.267413423563673,6.079181246047625,-0.18823217751604826,3
1081,6.544954986185775,6.744918542441353,0.19996355625557793,3
1082,6.799858894396762,5.2455126678141495,-1.554346226582613,3
1083,6.498700279782612,6.698970004336019,0.20026972455340708,3
1084,6.974187121267477,7.174234304941022,0.20004718367354535,3
1085,6.180721239544927,6.047140468477217,-0.13358077106771038,3
1086,5.873903429520244,5.628388930050312,-0.2455144994699321,3
1087,7.003882118483517,7.204119982655925,0.20023786417240785,3
1088,6.766071891705069,6.900312496983727,0.13424060527865755,3
1089,5.799936890410445,6.0,0.2000631095895553,3
1090,6.36294876383173,5.352240420182231,-1.0107083436494984,3
1091,6.199666189520125,6.0,-0.1996661895201246,3
1092,6.180721239544927,6.3807537708039,0.20003253125897302,3
1093,6.133881407348374,6.252124552505644,0.11824314515726986,3
1094,5.961368153836498,6.006037954997317,0.04466980116081842,3
1095,6.113178365197132,5.913018683747961,-0.20015968144917107,3
1096,5.8788567892766235,5.742725131304698,-0.1361316579719256,3
1097,5.0453388560081525,4.845098040014257,-0.20024081599389554,3
1098,6.057007508624046,5.857030798272624,-0.19997671035142162,3
1099,6.1821231368870775,6.382233234970556,0.20011009808347868,3
1100,5.912140160930285,6.093421685162235,0.18128152423194965,3
1101,5.789803697948601,5.78625439578978,-0.0035493021588210993,3
1102,5.7641966138013725,5.963787827345556,0.19959121354418308,3
1103,5.893122665896436,6.093421685162235,0.20029901926579896,3
1104,5.083126548091742,4.88309335857569,-0.2000331895160521,3
1105,4.358103911771206,3.3010299956639813,-1.0570739161072247,3
1106,6.192923195489576,6.392978186542541,0.20005499105296476,3
1107,6.273626389418676,6.463445031770428,0.18981864235175205,3
1108,5.751483446428991,5.0,-0.751483446428991,3
1109,6.344222685937546,6.544068044350276,0.19984535841272955,3
1110,6.460075432122159,6.75427186868346,0.29419643656130123,3
1111,6.141411705367693,6.152288344383057,0.010876639015363843,3
1112,6.098735370910923,6.544068044350276,0.4453326734393528,3
1113,6.0499726917448164,5.850033257689769,-0.19993943405504755,3
1114,5.6744696408584385,5.187520720836463,-0.4869489200219759,3
1115,6.632619872444696,6.432327792261604,-0.2002920801830923,3
1116,5.229214333754998,5.02938377768521,-0.19983055606978795,3
1117,6.160563308176547,6.360404054729939,0.19984074655339157,3
1118,5.97611471950553,6.176091259055681,0.1999765395501516,3
1119,5.822114549731075,5.787318756624548,-0.03479579310652703,3
1120,5.269258464140505,3.89209460269048,-1.3771638614500255,3
1121,3.8969237157916514,4.096910013008056,0.19998629721640482,3
1122,3.913916764266087,3.404833716619938,-0.5090830476461488,3
1123,5.616338334550221,5.816506437046357,0.2001681024961357,3
1124,5.5939390687186386,4.968482948553935,-0.6254561201647038,3
1125,4.033241869711281,3.833147111912785,-0.20009475779849595,3
1126,3.8969237157916514,4.008600171761918,0.11167645597026654,3
1127,4.200056466473731,4.0,-0.20005646647373077,3
1128,4.245296162423758,3.770852011642144,-0.47444415078161395,3
1129,3.669483766238684,3.869231719730976,0.19974795349229169,3
1130,3.7899854544892504,3.589949601325708,-0.20003585316354222,3
1131,3.1032526275152454,2.903089986991944,-0.20016264052330124,3
1132,4.544310770233017,4.167317334748176,-0.37699343548484165,3
1133,5.823961240332767,6.024046225131059,0.20008498479829218,3
1134,5.047966070704865,5.247973266361806,0.20000719565694158,3
1135,6.291389517288798,6.491361693834273,0.19997217654547494,3
1136,6.134325049987207,6.334453751150931,0.20012870116372383,3
1137,7.508439818427525,7.708420900134713,0.19998108170718787,3
1138,4.899035564450831,4.698970004336019,-0.2000655601148127,3
1139,6.1224812694957675,6.32221929473392,0.19973802523815287,3
1140,6.081261710161278,6.2812606870550125,0.1999989768937347,3
1141,6.030459196357616,6.230448921378274,0.19998972502065815,3
1142,5.676769493235072,5.0,-0.6767694932350716,3
1143,4.556518657148096,4.26150077319828,-0.2950178839498152,3
1144,6.877159800868318,7.077222510411053,0.20006270954273475,3
1145,3.6312374093239006,3.431363764158988,-0.1998736451649128,3
1146,5.878986697472372,6.079181246047625,0.20019454857525343,3
1147,3.971051286288529,3.770852011642144,-0.2001992746463852,3
1148,6.183762680218438,6.383653821462558,0.19989114124412044,3
1149,6.445521579207631,6.281941933440825,-0.16357964576680573,3
1150,4.352193840216672,4.152288344383057,-0.19990549583361528,3
1151,5.9762550328592825,6.176091259055681,0.19983622619639885,3
1152,4.518822144969127,4.195899652409234,-0.3229224925598926,3
1153,3.5012925674735214,3.3010299956639813,-0.2002625718095401,3
1154,6.241149543593926,6.079181246047625,-0.16196829754630127,3
1155,5.446921395769976,5.311753861055754,-0.13516753471422138,3
1156,5.1762255275870865,5.041392685158225,-0.13483284242886118,3
1157,5.981841368552966,4.249198357391113,-1.7326430111618532,3
1158,5.511370834746587,5.17897694729317,-0.33239388745341714,3
1159,5.920199930919776,6.119915410257991,0.19971547933821476,3
1160,5.799743312625442,6.0,0.2002566873745577,3
1161,3.940485347399601,3.740362689494244,-0.20012265790535677,3
1162,4.419552894542538,3.146128035678238,-1.2734248588643,3
1163,5.86440742527014,5.380211241711606,-0.48419618355853355,3
1164,5.4717080203043755,5.271841606536499,-0.19986641376787695,3
1165,6.578586331944404,6.778874472002739,0.20028814005833517,3
1166,6.47696824572492,5.880813592280791,-0.5961546534441284,3
1167,6.298377646425435,6.3979400086720375,0.0995623622466022,3
1168,6.225229071233216,5.518513939877887,-0.7067151313553293,3
1169,6.3169920227996315,4.698970004336019,-1.6180220184636127,3
1170,6.149506256191725,5.949390006644912,-0.20011624954681295,3
1171,6.299572362422977,6.247924190766308,-0.05164817165666946,3
1172,6.071542428414142,7.602059991327962,1.5305175629138192,3
1173,5.753818026577586,5.553883026643875,-0.19993499993371167,3
1174,6.202060245025711,6.278753600952829,0.07669335592711768,3
1175,6.212913853556901,6.201397124320452,-0.011516729236449308,3
1176,5.726892496685465,6.176091259055681,0.4491987623702167,3
1177,5.79048137885086,5.927370363039024,0.13688898418816464,3
1178,5.879372236891123,6.079181246047625,0.19980900915650235,3
1179,6.300966952497115,6.2405492482826,-0.06041770421451442,3
1180,6.091353669018723,5.891147030448771,-0.20020663856995213,3
1181,5.899929739832578,6.0,0.10007026016742238,3
1182,5.902681850607402,5.847572659142112,-0.0551091914652897,3
1183,5.796688224380834,5.931966114728173,0.1352778903473384,3
1184,5.924971245302686,5.146778989307833,-0.7781922559948526,3
1185,5.8659821287602725,5.079181246047625,-0.7868008827126474,3
1186,5.566571161623016,6.0,0.433428838376984,3
1187,5.808688649472025,6.008600171761918,0.19991152228989328,3
1188,6.020368058598006,6.220108088040055,0.19974002944204905,3
1189,5.851493705053459,6.113943352306837,0.26244964725337816,3
1190,5.920448388420971,6.257051875069349,0.3366034866483778,3
1191,5.12985545295294,5.2552725051033065,0.12541705215036636,3
1192,6.186592373073507,6.041392685158225,-0.14519968791528193,3
1193,6.444071923014375,6.6020599913279625,0.15798806831358725,3
1194,6.272577565892933,4.986771734266245,-1.2858058316266874,3
1195,6.139247400596041,6.08278537031645,-0.05646203027959107,3
1196,6.034567587749103,5.181843587944773,-0.8527239998043301,3
1197,5.888125755753606,5.687261346243506,-0.20086440951009976,3
1198,6.089081601683649,6.2455126678141495,0.15643106613050062,3
1199,6.380458533998212,6.776327733563306,0.3958691995650945,3
1200,5.934962645278826,6.113943352306837,0.1789807070280105,3
1201,6.022730823392655,6.441176499941076,0.418445676548421,3
1202,6.0956311908268885,5.332438459915605,-0.7631927309112836,3
1203,6.014437973873491,5.710117365111817,-0.30432060876167455,3
1204,5.958878338435212,6.008600171761918,0.04972183332670621,3
1205,5.968385048695119,5.552668216112194,-0.415716832582925,3
1206,5.230717069236345,5.093421685162235,-0.13729538407411024,3
1207,5.708383494557912,4.6020599913279625,-1.1063235032299499,3
1208,6.082679444741596,5.895422546039408,-0.18725689870218787,3
1209,6.300305212352144,6.100752969451338,-0.19955224290080587,3
1210,5.79993935949673,6.0,0.20006064050326966,3
1211,5.826649283594936,5.788875115775417,-0.03777416781951892,3
1212,5.934962645278826,6.176091259055681,0.2411286137768549,3
1213,5.699824051891916,5.193124598354461,-0.5066994535374549,3
1214,5.546733645821488,5.051923916046107,-0.4948097297753815,3
1215,5.956765123531718,5.756636108245848,-0.2001290152858699,3
1216,6.231018193231057,6.431363764158987,0.20034557092793026,3
1217,5.799850799250277,6.0,0.2001492007497232,3
1218,5.8088689976279575,5.599883072073688,-0.20898592555426987,3
1219,5.81858102710903,5.716837723299524,-0.10174330380950547,3
1220,5.777012611627283,5.812913356642856,0.03590074501557261,3
1221,6.708959146267489,7.929418925714293,1.220459779446804,3
1222,5.921291950080055,5.862727528317975,-0.05856442176207999,3
1223,5.218337825640634,5.079181246047625,-0.13915657959300898,3
1224,5.47894040076611,5.278753600952829,-0.2001867998132809,3
1225,5.37640243673628,5.176091259055681,-0.20031117768059836,3
1226,6.279646937959445,6.079181246047625,-0.20046569191181973,3
1227,5.321937596188964,5.121559844187501,-0.20037775200146335,3
1228,5.157966366398699,4.912275210498812,-0.24569115589988666,3
1229,5.577344372915288,5.700617195682057,0.12327282276676854,3
1230,5.8659821287602725,6.134495855834674,0.26851372707440113,3
1231,6.243353906094289,6.509202522331103,0.26584861623681366,3
1232,5.958878338435212,5.758911892397974,-0.19996644603723812,3
1233,5.90205828400952,6.079181246047625,0.17712296203810496,3
1234,5.8659821287602725,6.7626785637274365,0.896696434967164,3
1235,5.734845868661398,5.86391737695786,0.1290715082964624,3
1236,5.60753828509975,5.342422680822207,-0.2651156042775433,3
1237,5.9652891557570085,6.033423755486949,0.06813459972994096,3
1238,5.794546071425394,7.041392685158225,1.2468466137328313,3
1239,5.899463914620886,4.678518379040114,-1.2209455355807712,3
1240,5.5890160477310955,6.066773037085025,0.47775698935392974,3
1241,5.810485719072324,5.899820502427096,0.08933478335477218,3
1242,5.591127282077562,7.429752280002408,1.8386249979248452,3
1243,6.412582837583767,6.612783856719736,0.2002010191359691,3
1244,5.768922497966383,5.968482948553935,0.19956045058755212,3
1245,6.253128940623843,6.05307844348342,-0.2000504971404231,3
1246,6.257761462131061,4.954242509439325,-1.3035189526917357,3
1247,6.570259514481973,6.770115294787102,0.1998557803051293,3
1248,6.218428709419436,6.418301291319746,0.19987258190030932,3
1249,6.8220268599271865,7.0220157398177205,0.19998887989053404,3
1250,2.3796647637992066,1.9242792860618816,-0.45538547773732496,3
1251,4.750667653904535,4.550228353055094,-0.20043930084944073,3
1252,6.154362790640798,6.354621218722914,0.20025842808211625,3
1253,5.656049446035126,5.856227259455358,0.20017781342023255,3
1254,5.942417229430127,6.052936217579409,0.1105189881492814,3
1255,5.84806553558418,6.431363764158987,0.5832982285748072,3
1256,4.951893606088578,3.982723387668545,-0.9691702184200328,3
1257,3.6471200895580087,3.4471580313422194,-0.19996205821578927,3
1258,5.107849567458827,6.563836918664545,1.4559873512057173,3
1259,4.125394595828044,2.812913356642856,-1.3124812391851877,3
1260,3.758836961520053,3.0791812460476247,-0.6796557154724283,3
1261,5.356350558795274,5.556302500767287,0.19995194197201283,3
1262,4.429795411490173,4.334855689617291,-0.09493972187288158,3
1263,2.782755809583379,4.698970004336019,1.9162141947526399,3
1264,4.055339391590829,3.187520720836463,-0.867818670754366,3
1265,5.597396257522151,4.167317334748176,-1.4300789227739754,3
1266,3.4790862669366525,3.679427896612119,0.20034162967546676,3
1267,0.8992156464490408,0.6989700043360189,-0.20024564211302198,3
1268,4.584053486638045,4.754883228252168,0.17082974161412245,3
1269,3.44878275118024,2.556302500767288,-0.8924802504129516,3
1270,6.012801390089139,5.812913356642856,-0.1998880334462836,3
1271,5.656049446035126,5.186815124447454,-0.4692343215876713,3
1272,4.747320074133133,4.821513528404773,0.07419345427164004,3
1273,5.9670971943553095,6.167317334748176,0.20022014039286606,3
1274,6.010208730836054,5.903089986991944,-0.10711874384411058,3
1275,5.487415271574718,5.287129620719111,-0.2002856508556068,3
1276,5.518142427442285,5.773069340485962,0.25492691304367643,3
1277,4.704900642860924,4.505149978319906,-0.19975066454101764,3
1278,6.689374585056494,6.889301702506311,0.19992711744981673,3
1279,5.474986457179064,5.395850376018781,-0.07913608116028303,3
1280,6.055822763359593,6.74154551677621,0.6857227534166164,3
1281,5.869027279725505,5.698970004336019,-0.17005727538948623,3
1282,3.6591243401802576,3.845098040014257,0.18597369983399936,3
1283,3.0089146416998114,2.8090544272229425,-0.19986021447686886,3
1284,2.7051085066833194,2.505149978319906,-0.19995852836341355,3
1285,3.579420699197505,3.4471580313422194,-0.13226266785528562,3
1286,1.999428635963456,1.7993405494535817,-0.20008808650987442,3
1287,3.5226370118315717,3.322219294733919,-0.20041771709765266,3
1288,1.7589224382364321,1.5587085705331658,-0.20021386770326632,3
1289,5.487422216120818,5.434568904034199,-0.05285331208661859,3
1290,5.727047301087632,5.926856708949693,0.1998094078620607,3
1291,5.691284465680062,5.8750612633917,0.18377679771163802,3
1292,6.165282191533833,6.237040791379191,0.07175859984535826,3
1293,6.078791801716404,5.990782691803138,-0.08800910991326649,3
1294,6.058030096774426,6.2576785748691846,0.19964847809475827,3
1295,6.45337958744482,6.653212513775344,0.19983292633052407,3
1296,6.3557739319620445,6.2552725051033065,-0.10050142685873809,3
1297,6.731476432428178,6.531478917042255,-0.19999751538592303,3
1298,3.5008895621884304,3.3010299956639813,-0.19985956652444914,3
1299,5.433420681745688,5.301029995663981,-0.132390686081707,3
1300,6.1991137140093295,6.230448921378274,0.03133520736894457,3
1301,6.26681834061737,6.3979400086720375,0.13112166805466785,3
1302,4.547060359354864,4.346744054604849,-0.20031630475001538,3
1303,6.071142531045475,6.079181246047625,0.008038715002149921,3
1304,6.101128752349503,6.301029995663981,0.19990124331447845,3
1305,6.422892354600348,6.623249290397901,0.20035693579755254,3
1306,6.4085042190676385,6.531478917042255,0.12297469797461691,3
1307,5.008370360286927,4.352182518111363,-0.656187842175564,3
1308,5.970132559090404,6.1702617153949575,0.20012915630455375,3
1309,6.331642488376066,6.531478917042255,0.19983642866618911,3
1310,6.1592381442672375,6.358886204405869,0.19964806013863168,3
1311,5.251703009364569,4.314288660947498,-0.9374143484170707,3
1312,5.976439222012153,6.176091259055681,0.19965203704352863,3
1313,6.291472689578334,6.091315159697223,-0.20015752988111046,3
1314,6.086147774926034,6.286456469746983,0.20030869482094893,3
1315,6.390464465212338,6.913813852383717,0.523349387171379,3
1316,5.633749405776112,5.433321711630784,-0.20042769414532824,3
1317,6.108838146169328,6.308991029000164,0.2001528828308361,3
1318,5.3186061494759995,5.361727836017593,0.04312168654159354,3
1319,4.295582395825042,4.095518042323151,-0.20006435350189022,3
1320,6.344160782181579,6.544068044350276,0.19990726216869703,3
1321,6.380137321459898,6.57978359661681,0.1996462751569119,3
1322,2.897013405327491,2.6972293427597176,-0.19978406256777337,3
1323,4.946617494106292,4.746322765089953,-0.20029472901633838,3
1324,6.091566254409026,6.291391053078407,0.19982479866938174,3
1325,6.1898766276899115,6.747411807886423,0.5575351801965116,3
1326,6.413046459480915,6.491361693834273,0.07831523435335797,3
1327,6.282569808949404,6.113943352306837,-0.16862645664256704,3
1328,5.84806553558418,6.096910013008056,0.2488444774238765,3
1329,4.004992181105656,3.804820678721162,-0.20017150238449455,3
1330,4.879356120785536,5.079181246047625,0.1998251252620893,3
1331,2.4202543097781537,2.220108088040055,-0.2001462217380987,3
1332,5.3629081093859465,4.850646235183066,-0.5122618742028804,3
1333,5.845253687045486,6.045322978786658,0.20006929174117172,3
1334,6.101001437700154,5.791690649020118,-0.3093107886800359,3
1335,5.058783228696229,5.155609283678915,0.09682605498268604,3
1336,5.378390059353625,5.690196080028514,0.31180602067488916,3
1337,5.2008093730616745,5.000867721531227,-0.1999416515304473,3
1338,6.606075854107353,6.806179973983888,0.20010411987653498,3
1339,5.841613617689042,6.041392685158225,0.1997790674691835,3
1340,5.757096691674089,5.656960182742849,-0.10013650893124026,3
1341,5.3629081093859465,6.355068206348851,0.9921600969629045,3
1342,6.124423448207965,6.324282455297693,0.19985900708972792,3
1343,5.744487644799494,5.944482672150168,0.1999950273506741,3
1344,6.315284163432915,6.3979400086720375,0.08265584523912217,3
1345,5.9856627869722665,6.1702617153949575,0.184598928422691,3
1346,4.613553306103878,4.413634997198556,-0.19991830890532203,3
1347,6.019816340053124,5.949390006644912,-0.07042633340821158,3
1348,6.205700223125286,6.056904851336473,-0.14879537178881286,3
1349,5.273033170181464,5.072984744627931,-0.20004842555353353,3
1350,5.497603682507329,5.697229342759718,0.19962566025238893,3
1351,5.898627978435869,5.698970004336019,-0.19965797409984987,3
1352,6.464433891498345,6.664547962246547,0.2001140707482021,3
1353,6.736819780249061,6.937016107464814,0.2001963272157532,3
1354,7.271821069159074,7.531478917042255,0.25965784788318125,3
1355,5.926596516487475,6.012837224705172,0.08624070821769703,3
1356,6.291010892746808,6.44870631990508,0.15769542715827178,3
1357,5.813640376759281,6.580468783951002,0.7668284071917206,3
1358,5.655802103064941,5.778151250383644,0.12234914731870283,3
1359,5.669979845007466,5.732393759822968,0.06241391481550185,3
1360,5.153830980933792,4.954242509439325,-0.1995884714944669,3
1361,6.291010892746808,6.857332496431268,0.56632160368446,3
1362,5.508833567024997,5.308393649976259,-0.20043991704873765,3
1363,6.076835589547694,6.277090960334402,0.2002553707867074,3
1364,5.947343260764653,5.857332496431268,-0.09001076433338451,3
1365,5.552375974951911,5.0,-0.5523759749519108,3
1366,5.501337694801991,5.301029995663981,-0.20030769913801016,3
1367,3.831156613256857,4.123851640967086,0.2926950277102289,3
1368,5.0628332824816145,4.505149978319906,-0.5576833041617082,3
1369,5.85001289003222,6.32221929473392,0.4722064047017005,3
1370,6.054258354655767,4.568201724066995,-1.486056630588772,3
1371,5.554672566057116,5.477121254719663,-0.0775513113374533,3
1372,6.134309163724113,6.496791315700042,0.3624821519759287,3
1373,5.335873798097379,4.486713775982485,-0.8491600221148934,3
1374,5.701050843188661,5.0,-0.7010508431886606,3
1375,5.822114549731075,6.32221929473392,0.5001047450028455,3
1376,5.184488286762382,4.685741738602264,-0.4987465481601179,3
1377,5.924971245302686,6.504701881045554,0.5797306357428678,3
1378,3.44878275118024,2.146128035678238,-1.3026547155020016,3
1379,1.6468793038917502,1.4471580313422192,-0.19972127254953098,3
1380,3.313741709391131,3.113943352306837,-0.19979835708429405,3
1381,4.359361664060514,4.826074802700826,0.46671313864031205,3
1382,5.475268349936204,4.247973266361806,-1.2272950835743979,3
1383,4.57764490809334,5.0,0.42235509190665965,3
1384,5.873903429520244,5.653212513775344,-0.22069091574489974,3
1385,6.003905460662397,6.204119982655925,0.2002145219935283,3
1386,5.81043321090169,6.079181246047625,0.2687480351459355,3
1387,6.288430621851858,6.3979400086720375,0.10950938682017952,3
1388,5.971549363478387,5.079181246047625,-0.8923681174307623,3
1389,6.288430621851858,6.778151250383644,0.4897206285317859,3
1390,5.385618946866882,5.585460729508501,0.19984178264161923,3
1391,6.045150562082059,5.845098040014257,-0.20005252206780177,3
1392,5.734911203595485,5.934498451243568,0.19958724764808355,3
1393,5.971549363478387,5.771587480881255,-0.19996188259713232,3
1394,6.453441723415866,6.653212513775344,0.1997707903594783,3
1395,5.682127143048335,5.903089986991944,0.22096284394360843,3
1396,5.81043321090169,4.927370363039024,-0.8830628478626652,3
1397,5.02617199654464,4.826074802700826,-0.2000971938438143,3
1398,5.202423135139278,5.002166061756507,-0.20025707338277066,3
1399,6.46315826567935,6.662757831681574,0.19959956600222473,3
1400,5.871882577927786,6.071882007306125,0.19999942937833914,3
1401,3.1007168405287824,2.6766936096248664,-0.424023230903916,3
1402,5.142379655146761,4.184691430817598,-0.9576882243291625,3
1403,5.525466608803009,4.933993163831242,-0.5914734449717667,3
1404,5.349220309339776,5.3979400086720375,0.04871969933226161,3
1405,6.199760575846793,6.57978359661681,0.38002302077001726,3
1406,4.453227824891511,4.252853030979893,-0.2003747939116174,3
1407,4.879103852007971,5.079181246047625,0.20007739403965452,3
1408,6.078631626168947,6.491361693834273,0.4127300676653265,3
1409,6.078631626168947,6.278753600952829,0.20012197478388227,3
1410,4.092664759320776,3.892651033877301,-0.2000137254434753,3
1411,4.98764610110859,4.787743771646467,-0.19990232946212316,3
1412,5.610183850519975,5.575187844927661,-0.03499600559231375,3
1413,4.761487087146255,4.56157836830096,-0.19990871884529504,3
1414,6.574538175132579,7.133858125203335,0.5593199500707557,3
1415,5.143208037695278,5.221674997070769,0.07846695937549164,3
1416,5.11261278739109,4.239049093140191,-0.8735636942508984,3
1417,5.055235272096582,3.964730921053629,-1.0905043510429535,3
1418,3.4972948928407583,3.6972293427597176,0.19993444991895926,3
1419,4.565930589754055,5.041392685158225,0.47546209540417017,3
1420,6.165687114834823,6.0,-0.16568711483482268,3
1421,7.003882118483517,5.442479769064448,-1.561402349419069,3
1422,7.003882118483517,7.397940008672037,0.39405789018851944,3
1423,6.1224812694957675,6.079181246047625,-0.04330002344814243,3
1424,4.264297932034571,4.064457989226918,-0.19983994280765316,3
1425,3.8906975143029827,3.686636269262293,-0.2040612450406898,3
1426,5.591127282077562,5.168939213835978,-0.42218806824158417,3
1427,6.1677988642413375,6.079181246047625,-0.08861761819371239,3
1428,5.094931463070291,4.895201474778894,-0.19972998829139765,3
1429,6.076835589547694,6.079181246047625,0.0023456564999309037,3
1430,5.383660160225045,5.648360010980932,0.2646998507558873,3
1431,4.6738407583749435,4.473924693416158,-0.1999160649587859,3
1432,5.6939813375118105,5.931966114728173,0.23798477721636235,3
1433,5.139815192519633,4.93981866282138,-0.19999652969825288,3
1434,5.4040827464760826,5.732393759822968,0.3283110133468856,3
1435,3.1007168405287824,3.3010299956639813,0.20031315513519887,3
1436,4.779578248552394,4.57978359661681,-0.19979465193558354,3
1437,6.634927620820083,6.57978359661681,-0.05514402420327258,3
1438,6.974561667590573,7.19942604159399,0.22486437400341774,3
1439,6.595439429992682,6.795880017344075,0.2004405873513928,3
1440,3.952823060743408,4.0,0.04717693925659194,3
1441,5.732293782160746,5.532384880503846,-0.1999089016569,3
1442,6.310606429224353,6.32221929473392,0.011612865509567527,3
1443,6.124927759155884,6.176091259055681,0.05116349989979696,3
1444,5.512278618980536,5.311965660368366,-0.20031295861217036,3
1445,5.538374354253434,5.338456493604605,-0.19991786064882877,3
1446,6.61486501898024,5.489958479424835,-1.124906539555405,3
1447,5.4047336290239185,5.205096047578484,-0.1996375814454341,3
1448,6.356244345556358,6.531478917042255,0.17523457148589738,3
1449,5.8789346410496375,6.079181246047625,0.20024660499798763,3
1450,4.500693167544718,4.301029995663981,-0.19966317188073646,3
1451,6.019472240071264,6.0,-0.01947224007126369,3
1452,5.985374994508092,6.185542154854375,0.20016716034628335,3
1453,5.500935038200512,5.301029995663981,-0.19990504253653096,3
1454,5.092099737374962,4.892372907398436,-0.1997268299765258,3
1455,5.975765228894872,6.176091259055681,0.2003260301608094,3
1456,6.012801390089139,6.491361693834273,0.4785603037451338,3
1457,3.7383730262365997,3.556302500767288,-0.18207052546931157,3
1458,4.606559683728029,4.089905111439398,-0.5166545722886307,3
1459,4.055335376576859,4.653212513775344,0.597877137198485,3
1460,5.421234994701919,5.221022805204841,-0.20021218949707809,3
1461,6.034251153713906,5.698970004336019,-0.3352811493778871,3
1462,7.142519307112487,7.342422680822207,0.19990337370972,3
1463,6.129933354839708,6.176091259055681,0.04615790421597321,3
1464,6.214657113995523,6.414973347970818,0.20031623397529508,3
1465,6.777504541170402,6.977723605288848,0.20021906411844537,3
