idx,y_pred,y_true,residual
1,3.975231,3.049218,0.926013
2,3.975282,2.903090,1.072192
3,4.935706,2.954243,1.981463
4,5.338770,3.908485,1.430285
5,4.687746,3.322219,1.365527
6,4.909712,5.301030,-0.391318
7,5.077917,4.086360,0.991557
8,5.204491,6.035710,-0.831219
10,5.295265,3.949390,1.345875
11,4.434793,5.742725,-1.307932
12,4.122687,3.661813,0.460874
13,4.812026,3.505150,1.306876
14,4.471642,5.094820,-0.623178
15,4.692246,3.397940,1.294306
16,5.097265,3.832509,1.264757
17,5.549752,5.602060,-0.052308
18,4.139590,5.238046,-1.098456
19,3.834743,3.079181,0.755561
20,3.468620,3.823474,-0.354855
21,4.320576,3.838849,0.481727
22,4.230613,3.505150,0.725463
23,4.673278,6.041393,-1.368114
24,5.057700,3.881385,1.176315
25,4.947773,5.576341,-0.628569
26,6.192171,6.823539,-0.631368
27,6.532869,6.397940,0.134929
28,6.205164,6.707570,-0.502406
29,6.672647,6.397940,0.274707
30,5.680345,6.558709,-0.878364
31,5.680396,6.107549,-0.427153
32,5.520649,4.193681,1.326968
34,6.420905,6.531479,-0.110574
35,6.562962,6.414973,0.147988
36,6.338147,6.372912,-0.034765
37,6.380916,6.384891,-0.003975
38,5.889970,6.325844,-0.435874
39,7.320482,7.000000,0.320482
40,6.485064,6.875061,-0.389997
41,6.555889,6.835056,-0.279167
43,5.184011,4.072985,1.111026
44,5.581861,5.113943,0.467918
45,4.014159,5.096910,-1.082751
46,5.218927,5.342423,-0.123495
47,5.898347,6.240549,-0.342202
48,4.172480,5.278754,-1.106274
49,6.001125,6.255273,-0.254147
50,5.371758,5.023541,0.348218
51,5.650490,6.313867,-0.663377
53,6.040661,6.602060,-0.561399
54,5.628110,6.649335,-1.021225
55,6.040764,6.041393,-0.000628
56,5.397486,5.901295,-0.503809
57,5.085380,6.447158,-1.361778
58,5.774719,4.681241,1.093478
59,5.913448,5.815046,0.098402
61,3.999793,3.204120,0.795673
63,6.482406,6.890980,-0.408574
64,6.020134,6.000000,0.020134
65,4.865674,4.500374,0.365300
66,5.894230,6.397940,-0.503710
67,6.103646,6.447158,-0.343512
69,5.846059,5.045714,0.800345
70,6.217892,6.230449,-0.012557
72,5.821089,6.000000,-0.178911
73,6.389892,5.715167,0.674725
75,2.447953,3.645422,-1.197469
76,4.080895,3.146128,0.934767
78,3.647283,3.301030,0.346253
79,3.926015,3.313867,0.612148
81,4.091320,2.698970,1.392350
83,3.237209,3.243038,-0.005829
85,4.188870,2.108903,2.079967
86,3.930360,3.778151,0.152209
87,3.930412,3.301030,0.629382
88,4.208963,3.000000,1.208963
89,4.431364,4.431364,0.000000
90,3.961243,4.423246,-0.462003
91,4.295608,4.431364,-0.135756
93,4.169704,3.000000,1.169704
95,3.655370,2.740363,0.915007
96,3.653753,3.623249,0.030503
98,6.321429,6.361728,-0.040299
99,6.003704,6.409933,-0.406229
100,6.895816,6.477121,0.418695
101,6.406820,7.021189,-0.614370
103,5.379464,4.260071,1.119393
106,6.454728,6.099232,0.355496
107,6.362483,6.431364,-0.068881
108,4.656976,4.646404,0.010573
109,6.219688,6.142702,0.076986
111,6.311007,6.192584,0.118422
112,6.076100,6.238046,-0.161946
113,6.170493,6.950851,-0.780359
114,6.229540,4.819544,1.409997
115,5.854781,4.716504,1.138276
116,6.146585,6.612784,-0.466199
119,5.784512,6.077259,-0.292747
120,6.309337,6.614897,-0.305561
121,5.356680,5.009026,0.347654
122,5.503565,5.373831,0.129734
123,5.922080,6.477121,-0.555041
124,5.880798,4.862251,1.018547
126,6.361657,5.188084,1.173573
127,6.001768,6.079181,-0.077413
128,5.902684,6.146128,-0.243444
129,6.019733,5.326336,0.693397
130,5.761223,6.768638,-1.007415
131,6.039774,5.485721,0.554053
133,5.127849,5.083610,0.044239
134,6.129617,6.156852,-0.027235
135,6.588794,5.676694,0.912100
136,7.287551,7.252853,0.034698
138,6.150662,6.477121,-0.326459
139,6.166656,6.361728,-0.195072
140,5.310377,6.079181,-0.768805
141,5.363575,4.396199,0.967375
142,6.144863,6.147058,-0.002195
143,6.147978,5.195457,0.952521
144,6.210292,5.643551,0.566741
146,6.668456,6.079181,0.589274
147,5.880045,6.146128,-0.266084
148,5.485028,6.000000,-0.514972
149,4.006039,4.113943,-0.107904
150,5.645817,6.577492,-0.931675
151,6.690430,5.472756,1.217673
152,6.399797,6.334454,0.065343
153,6.287194,7.276921,-0.989728
154,4.826084,4.819544,0.006540
155,6.880510,7.483587,-0.603077
156,7.688089,8.041393,-0.353304
157,7.189440,7.477121,-0.287681
158,7.152693,6.479394,0.673299
159,7.379417,7.477121,-0.097705
160,6.710200,6.320146,0.390054
161,6.229609,6.397940,-0.168331
162,6.214261,6.113943,0.100318
163,6.710355,6.201397,0.508958
164,6.665760,6.986772,-0.321012
166,6.297517,6.004136,0.293380
167,6.527036,6.477121,0.049914
168,6.224738,6.434888,-0.210150
169,6.890885,8.122544,-1.231659
170,6.318635,6.281033,0.037602
171,6.205374,5.953421,0.251953
172,5.786604,6.518514,-0.731910
173,6.464691,6.556423,-0.091732
174,6.326824,6.348305,-0.021481
175,-0.255412,1.954243,-2.209655
176,2.154544,2.602060,-0.447516
177,2.298127,1.301030,0.997097
178,2.200477,1.954918,0.245559
179,2.896700,2.000000,0.896700
180,2.798877,2.146128,0.652749
181,2.566258,3.164353,-0.598095
184,2.967237,3.562293,-0.595056
185,2.701088,1.926857,0.774231
186,3.401407,1.146128,2.255279
187,3.181948,2.851258,0.330689
188,2.701543,2.000000,0.701543
189,3.734793,3.539452,0.195341
190,2.840023,1.380211,1.459812
191,2.605508,2.273233,0.332275
192,1.792043,2.579784,-0.787741
193,2.306163,0.633468,1.672694
195,5.379235,5.023952,0.355284
196,4.852543,6.232234,-1.379690
197,4.878013,3.247973,1.630040
198,5.131327,6.302547,-1.171220
199,5.545509,4.598572,0.946937
200,4.799267,4.812913,-0.013647
201,4.749034,3.562293,1.186742
202,5.521601,6.806180,-1.284579
203,4.878323,5.782473,-0.904150
205,5.906790,6.151247,-0.244458
206,5.499673,3.903633,1.596041
207,4.346253,6.501059,-2.154806
208,5.143190,4.892762,0.250427
209,7.004164,7.068186,-0.064022
210,4.858807,3.480007,1.378800
211,4.213640,4.336460,-0.122820
212,5.269436,5.000000,0.269436
213,5.601933,6.000000,-0.398067
214,3.556594,5.445604,-1.889010
215,2.202385,1.778151,0.424233
216,2.951274,2.400538,0.550736
217,4.634509,3.000000,1.634509
218,4.584683,3.653213,0.931471
219,4.818140,5.000000,-0.181860
220,5.470033,5.149219,0.320814
221,3.383598,4.101747,-0.718149
222,5.866159,6.255273,-0.389113
224,6.324059,6.421604,-0.097545
225,6.518831,6.176091,0.342740
226,6.395793,6.113943,0.281850
227,6.257926,6.313867,-0.055941
229,6.143999,5.993877,0.150122
230,6.276965,6.544068,-0.267103
231,5.920669,6.187521,-0.266851
232,6.013799,6.526985,-0.513186
233,6.455111,6.100371,0.354740
234,4.800655,5.806180,-1.005525
236,4.789910,3.963788,0.826122
237,5.474512,6.075145,-0.600633
239,4.719686,4.792392,-0.072706
240,6.501357,6.863323,-0.361965
241,6.181937,6.531479,-0.349542
242,6.060228,4.472025,1.588204
243,5.724575,5.315970,0.408604
244,6.089063,6.266114,-0.177051
245,3.494210,3.397940,0.096270
246,6.284870,6.109916,0.174954
247,6.462170,6.539076,-0.076906
251,6.390745,6.409764,-0.019019
252,6.661687,6.477121,0.184566
253,6.456142,6.137927,0.318215
254,6.456194,6.450711,0.005483
256,6.623256,6.187521,0.435735
257,6.522953,6.278754,0.244200
258,6.398283,6.518514,-0.120231
259,5.914504,4.342423,1.572081
260,6.254643,5.651762,0.602880
261,6.156820,6.301969,-0.145149
262,6.785513,6.903090,-0.117577
263,5.942608,5.983175,-0.040567
264,6.599809,6.587711,0.012098
265,6.599861,6.584331,0.015530
266,5.096477,5.229426,-0.132949
268,6.325334,5.000000,1.325334
269,6.032487,6.531479,-0.498992
270,5.756806,4.292256,1.464550
271,6.408547,6.371068,0.037480
272,6.079002,6.305351,-0.226350
273,6.325592,6.477121,-0.151529
274,6.718249,6.894106,-0.175856
275,6.201655,6.477121,-0.275466
276,5.653618,6.530840,-0.877222
277,6.624339,6.397940,0.226399
278,5.736389,5.681241,0.055148
279,6.600583,6.173186,0.427397
282,6.144965,6.486487,-0.341522
283,6.404749,6.505150,-0.100401
284,5.721754,5.549003,0.172751
285,6.174093,6.190332,-0.016239
286,6.275375,6.196729,0.078647
287,4.951579,4.968483,-0.016904
288,5.983462,6.568202,-0.584739
289,5.663515,4.913814,0.749701
290,6.326469,6.207581,0.118888
291,6.625061,6.225309,0.399752
292,6.100707,6.491362,-0.390654
293,5.807221,6.209515,-0.402294
294,6.458256,6.230449,0.227807
295,6.251882,6.361728,-0.109846
296,6.174794,5.089905,1.084889
297,6.256655,6.426511,-0.169857
298,5.828699,6.095030,-0.266331
299,6.044679,6.223080,-0.178401
300,6.348582,6.456366,-0.107784
301,5.536873,5.802774,-0.265901
303,5.777134,5.603642,0.173492
304,5.973291,6.206826,-0.233535
306,5.158209,6.301030,-1.142821
308,6.143598,6.176091,-0.032493
309,7.072121,7.100371,-0.028249
310,5.684170,5.836197,-0.152027
311,5.417215,6.054709,-0.637493
312,6.743086,6.477121,0.265965
313,5.584228,6.133644,-0.549416
314,5.759075,6.322219,-0.563144
315,5.759127,5.880814,-0.121687
316,5.352586,6.477121,-1.124536
317,5.549048,4.602060,0.946988
318,5.895750,6.025306,-0.129556
319,5.112292,5.477121,-0.364830
320,5.680368,6.505150,-0.824782
321,5.759436,6.812913,-1.053477
322,5.528723,5.178977,0.349746
323,5.682443,5.365488,0.316955
324,5.372734,6.158393,-0.785658
325,4.615952,4.477121,0.138831
326,5.554457,4.453624,1.100833
327,6.450300,6.086360,0.363940
328,6.245180,6.086360,0.158820
329,6.062280,6.319314,-0.257035
330,6.489695,6.477121,0.012573
331,5.992369,6.374198,-0.381829
332,5.895278,6.397940,-0.502662
333,5.249606,5.187521,0.062085
335,6.065710,6.568202,-0.502492
336,5.722205,5.000000,0.722205
337,5.012309,6.079181,-1.066872
338,5.668624,4.814913,0.853711
339,5.323608,5.081707,0.241901
340,5.475017,6.384712,-0.909695
341,6.084579,6.342423,-0.257844
342,6.333606,5.671173,0.662433
343,5.555373,6.278754,-0.723381
344,5.550440,6.284656,-0.734216
345,5.783520,6.356026,-0.572506
346,5.687062,5.671173,0.015889
347,6.201885,6.477121,-0.275236
348,4.990524,5.000000,-0.009476
349,5.733977,5.852175,-0.118198
350,5.822831,5.397940,0.424891
351,6.087759,6.139879,-0.052120
352,6.222081,6.273487,-0.051406
353,6.444281,6.320624,0.123657
354,5.692870,6.602060,-0.909190
355,6.307687,6.337459,-0.029773
356,6.301351,6.301030,0.000321
357,6.100873,6.397940,-0.297067
358,6.215945,6.454845,-0.238900
360,5.658704,4.582063,1.076641
361,6.640208,6.272306,0.367902
362,6.771410,5.728256,1.043154
363,5.971988,5.717171,0.254817
364,5.391391,6.049218,-0.657827
365,5.241253,6.396199,-1.154946
366,6.241317,5.550228,0.691089
367,5.586880,5.575072,0.011808
368,5.975083,6.100026,-0.124942
369,6.030153,4.860338,1.169815
370,6.916644,6.489958,0.426685
371,6.079227,6.397940,-0.318713
372,5.867396,6.356026,-0.488630
374,5.513081,4.833147,0.679934
375,5.925388,6.182671,-0.257283
376,5.642284,6.262024,-0.619740
377,5.806373,6.408240,-0.601867
378,6.309913,6.591065,-0.281152
379,6.261188,5.876218,0.384970
380,6.098675,6.104146,-0.005471
381,5.561486,4.630123,0.931363
382,5.926994,6.591065,-0.664071
383,6.494200,5.978181,0.516019
384,6.200244,6.322219,-0.121976
385,6.046965,6.100026,-0.053061
386,6.263175,5.675778,0.587397
387,6.494244,6.000000,0.494244
389,6.495105,6.152594,0.342511
390,6.486844,6.732394,-0.245550
391,5.752067,4.491362,1.260706
392,5.026058,4.779019,0.247039
393,6.539105,6.556303,-0.017198
394,5.130976,4.850033,0.280943
395,6.328820,6.278754,0.050067
396,6.317232,6.462398,-0.145166
397,6.067213,6.399154,-0.331941
398,5.890107,6.397940,-0.507833
399,5.756613,5.880814,-0.124200
400,5.906981,5.892095,0.014886
401,6.160637,5.716003,0.444634
402,6.185143,6.696837,-0.511694
403,5.103542,5.530481,-0.426939
405,5.538368,6.591065,-1.052696
406,6.332451,6.919078,-0.586627
407,5.926582,6.301030,-0.374448
408,6.122196,6.380211,-0.258015
409,6.361682,6.204120,0.157562
410,6.374414,6.301030,0.073384
411,5.671170,6.073106,-0.401936
412,5.189428,6.255273,-1.065844
413,6.219845,6.322219,-0.102374
414,5.923569,5.866287,0.057281
415,5.990012,6.318063,-0.328052
416,5.990063,6.368101,-0.378038
417,5.778280,6.378398,-0.600118
418,5.380734,6.326131,-0.945397
419,5.612230,4.354108,1.258122
420,5.696273,6.396722,-0.700449
422,5.132420,3.698970,1.433450
423,5.674834,5.766785,-0.091951
424,6.065240,6.474755,-0.409516
425,5.583923,5.643453,-0.059530
426,5.887318,6.453318,-0.566000
427,5.475863,4.764176,0.711687
428,5.670378,6.227115,-0.556737
429,5.670734,6.039255,-0.368521
430,5.632667,6.079181,-0.446514
431,6.138313,6.387212,-0.248899
432,6.091263,5.575072,0.516191
433,6.345130,6.539076,-0.193946
435,5.800125,6.113943,-0.313819
437,5.897571,5.276462,0.621109
438,6.004051,6.301030,-0.296979
439,6.010494,5.275104,0.735390
440,5.878147,6.884795,-1.006648
441,6.819991,6.849419,-0.029428
442,6.727746,6.797960,-0.070214
443,6.376946,7.505150,-1.128204
444,6.533718,6.517724,0.015995
447,5.316968,6.270679,-0.953710
450,6.728159,6.284453,0.443705
451,6.584996,6.501059,0.083937
452,6.327167,6.501059,-0.173892
453,6.636016,6.716003,-0.079987
454,6.493170,6.397940,0.095230
455,6.694480,6.271656,0.422825
456,6.009443,6.269513,-0.260070
458,6.443975,5.337459,1.106516
459,6.419964,6.755875,-0.335911
460,6.420016,6.596047,-0.176031
461,6.268083,6.372912,-0.104829
462,6.241021,4.484300,1.756721
463,6.615069,6.227887,0.387183
464,5.817964,6.477121,-0.659157
466,6.195459,6.397940,-0.202481
467,5.464889,4.742725,0.722164
468,6.154228,6.278754,-0.124525
469,6.292957,6.380211,-0.087254
470,6.312947,5.444669,0.868278
471,6.377785,6.436957,-0.059172
472,6.398500,6.063146,0.335355
473,6.385303,6.442480,-0.057177
474,6.523458,6.645324,-0.121866
475,6.306759,5.373500,0.933258
476,5.965392,6.477121,-0.511729
477,5.481999,5.283301,0.198697
478,5.192634,6.176091,-0.983458
479,6.065588,6.579784,-0.514196
481,5.323028,5.627980,-0.304952
482,5.978097,6.146128,-0.168031
483,5.737494,6.528737,-0.791242
484,6.015790,6.322219,-0.306430
485,6.400211,6.184691,0.215520
486,6.198404,6.602060,-0.403656
487,5.964276,5.900312,0.063963
488,5.626499,6.108227,-0.481727
489,5.858719,6.385606,-0.526887
490,5.765228,6.585461,-0.820233
491,5.760076,6.271842,-0.511765
492,6.153527,6.401573,-0.248046
493,4.918696,3.724276,1.194420
494,5.141021,6.176091,-1.035071
495,4.386523,6.176091,-1.789568
496,6.352439,6.301030,0.051409
497,6.028459,5.046885,0.981573
498,6.137073,6.068186,0.068887
499,6.204854,6.181844,0.023010
500,6.044147,6.322219,-0.278072
501,6.239903,6.855525,-0.615622
502,5.512833,6.342423,-0.829589
503,6.410917,6.447158,-0.036241
504,6.495749,6.491362,0.004387
505,5.889371,6.322219,-0.432848
506,6.279490,7.000000,-0.720510
508,6.401516,6.309758,0.091758
509,6.013445,5.751510,0.261935
510,5.200616,6.290035,-1.089418
511,6.172164,6.301030,-0.128866
512,6.595246,6.073352,0.521894
513,6.257717,6.057099,0.200618
514,6.260735,6.186278,0.074457
515,6.165924,6.301030,-0.135106
516,6.721235,6.477555,0.243679
517,5.341164,5.995635,-0.654471
518,5.816807,6.204120,-0.387313
520,5.618674,5.043755,0.574919
521,5.386067,6.394452,-1.008385
522,3.948860,3.397940,0.550920
523,5.746556,6.491362,-0.744806
524,5.816887,5.078094,0.738793
525,5.435979,5.120574,0.315405
526,5.173660,5.548758,-0.375098
527,5.430957,5.752048,-0.321091
528,5.155555,5.698970,-0.543415
529,5.604978,5.008600,0.596378
530,5.866817,6.000000,-0.133183
531,5.516131,4.534026,0.982104
532,5.068804,6.164353,-1.095549
533,6.557267,6.552668,0.004599
534,5.244815,6.423246,-1.178431
535,6.066963,6.079181,-0.012218
536,6.477442,6.908485,-0.431043
537,7.036171,6.913284,0.122887
538,6.342611,6.079181,0.263430
539,6.342662,6.657056,-0.314393
540,5.871473,4.615097,1.256376
542,6.122788,6.579784,-0.456996
543,6.039781,5.959041,0.080740
544,5.773632,6.079181,-0.305549
546,5.912413,7.012837,-1.100424
547,5.378449,5.950365,-0.571916
548,7.129168,7.727541,-0.598373
549,6.668732,7.176091,-0.507360
550,6.668783,5.939759,0.729024
551,7.110063,6.592177,0.517887
552,5.406751,5.136721,0.270030
553,5.200990,6.200303,-0.999313
554,5.146139,5.892095,-0.745955
555,7.579571,6.826075,0.753497
556,6.103950,6.919078,-0.815128
557,6.453062,5.875061,0.578000
558,6.256833,5.176091,1.080741
559,6.410289,6.644044,-0.233756
560,3.010689,2.778151,0.232537
561,5.564176,6.079181,-0.515005
562,2.515823,3.079181,-0.563359
563,5.842960,6.283301,-0.440341
564,6.318615,6.287802,0.030813
565,6.368066,5.536937,0.831129
566,6.257245,6.301030,-0.043785
567,6.233234,6.472903,-0.239668
568,4.885956,5.000000,-0.114044
569,6.213709,6.531479,-0.317770
570,5.590059,6.033424,-0.443365
571,4.321352,3.662758,0.658594
572,5.967292,6.260548,-0.293256
573,5.788690,5.301030,0.487660
574,6.121662,6.176091,-0.054429
575,5.319912,5.499687,-0.179776
576,5.833725,5.295127,0.538598
577,5.627114,5.301030,0.326084
578,3.769860,3.911690,-0.141830
579,5.989333,6.324282,-0.334949
580,5.629885,5.720292,-0.090407
581,6.106434,6.367048,-0.260615
582,6.126423,7.204120,-1.077697
583,6.820109,6.012837,0.807271
584,5.058505,5.176091,-0.117587
585,5.829955,6.278982,-0.449027
586,4.814118,6.178977,-1.364859
587,3.244279,4.329194,-1.084915
588,5.058711,6.002166,-0.943455
589,6.647651,6.489396,0.158255
590,5.032100,5.000000,0.032100
591,5.141831,5.000000,0.141831
592,5.572985,4.698970,0.874015
593,5.272503,5.294466,-0.021964
594,6.039199,5.477121,0.562078
595,6.331338,6.126456,0.204882
596,6.210667,5.000000,1.210667
597,5.809895,4.028164,1.781731
598,6.234833,7.079181,-0.844348
599,6.122951,6.018651,0.104301
600,6.210874,7.049218,-0.838344
601,5.567595,6.556303,-0.988707
602,5.986111,7.176091,-1.189981
604,6.425636,7.017451,-0.591815
605,4.440939,3.838849,0.602090
606,5.547976,6.278754,-0.730778
607,6.015807,7.079181,-1.063374
608,5.462833,5.181844,0.280990
610,4.832238,4.340444,0.491794
611,3.458095,3.403121,0.054975
612,5.386287,4.991226,0.395061
613,5.823004,6.342423,-0.519419
614,5.135786,5.447158,-0.311372
615,6.377764,6.741152,-0.363388
616,5.192380,6.350248,-1.157868
617,6.294809,6.361728,-0.066919
618,5.651530,4.176091,1.475439
619,5.339424,5.507856,-0.168432
620,6.340169,6.732394,-0.392224
621,6.211957,4.130334,2.081623
622,6.070003,6.290035,-0.220031
623,6.229234,6.204120,0.025114
624,6.172782,6.954243,-0.781461
625,6.956335,7.079181,-0.122846
626,5.543466,6.698970,-1.155504
627,6.343847,6.462398,-0.118551
628,6.428679,6.698970,-0.270291
629,5.911437,6.334454,-0.423017
630,5.911304,5.045323,0.865981
631,6.142193,6.544068,-0.401875
632,6.044371,6.602060,-0.557689
633,6.898084,7.589950,-0.691865
634,6.236689,6.942504,-0.705815
635,6.124808,6.435692,-0.310884
636,6.212730,7.079181,-0.866451
637,6.295840,6.838723,-0.542883
638,6.212833,6.365488,-0.152655
639,6.212885,4.880814,1.332071
640,6.060952,4.752356,1.308596
641,5.422825,6.823546,-1.400721
642,5.569710,6.120574,-0.550864
643,5.257603,6.000000,-0.742397
645,5.091096,5.903090,-0.811994
646,6.192472,6.692847,-0.500375
647,6.427853,6.672098,-0.244244
648,5.813376,6.980912,-1.167536
649,5.606765,7.100371,-1.493606
650,6.980751,7.176091,-0.195341
651,5.968984,6.612784,-0.643800
652,6.086032,6.886491,-0.800458
653,4.172326,3.472756,0.699570
654,6.654887,6.812913,-0.158026
655,6.654939,7.000000,-0.345061
656,6.066660,5.477121,0.589539
657,5.807893,6.161368,-0.353475
658,5.945725,6.397940,-0.452215
659,5.550709,7.041393,-1.490684
660,6.018540,6.861534,-0.842994
661,6.214019,4.740363,1.473657
662,5.175265,4.698970,0.476295
663,5.563647,6.113943,-0.550296
664,5.241169,5.716003,-0.474835
665,6.477388,6.431364,0.046024
667,6.271065,6.146128,0.124937
668,5.702632,6.531479,-0.828847
669,5.684475,5.447158,0.237317
670,6.064794,6.361728,-0.296933
671,5.470942,4.778151,0.692791
672,4.436487,4.317227,0.119259
674,5.496515,5.954243,-0.457727
675,5.308204,5.484769,-0.176566
677,4.964394,4.147676,0.816717
678,5.476844,6.397940,-0.921096
679,5.944676,6.556303,-0.611627
680,5.911030,6.079181,-0.168151
681,4.960689,6.079181,-1.118492
682,5.539920,6.079181,-0.539261
683,5.329970,5.775465,-0.445495
684,5.357237,6.106803,-0.749566
685,5.846781,5.681241,0.165540
686,5.812756,5.444825,0.367931
687,6.645427,6.301898,0.343529
689,5.997033,6.018284,-0.021252
690,5.732873,5.949878,-0.217005
691,6.887767,6.000000,0.887767
692,6.024304,6.161368,-0.137064
693,6.252296,5.049218,1.203078
694,5.899607,6.011993,-0.112386
696,6.315195,6.418301,-0.103107
697,6.324899,6.301030,0.023869
698,5.297492,6.079181,-0.781689
699,6.195576,6.544068,-0.348492
700,6.372704,6.176091,0.196613
701,6.212064,6.342423,-0.130358
702,6.253397,6.579784,-0.326386
703,6.099883,6.000000,0.099883
704,6.427634,6.313593,0.114041
705,6.137768,6.079181,0.058587
706,6.106604,5.623249,0.483355
707,5.896254,6.033424,-0.137170
709,5.501638,6.360057,-0.858419
710,6.064562,6.261427,-0.196865
711,6.150473,6.124635,0.025838
712,6.064665,6.363612,-0.298947
713,6.064464,5.707570,0.356894
714,6.145322,6.322219,-0.176897
715,6.206176,6.600973,-0.394797
717,5.912938,6.193125,-0.280186
718,5.918792,5.450757,0.468035
719,6.145580,6.283301,-0.137722
720,5.780134,4.380211,1.399923
721,6.227674,6.230449,-0.002775
722,6.154244,6.278754,-0.124510
723,5.275069,5.599883,-0.324814
724,5.109796,4.153205,0.956591
725,6.093348,7.498311,-1.404962
726,6.279943,6.357935,-0.077992
727,5.535057,4.963788,0.571269
728,5.820970,6.220108,-0.399138
729,5.938019,7.495406,-1.557387
730,5.679509,6.096910,-0.417401
731,5.958060,5.149835,0.808225
732,5.649643,6.000000,-0.350357
734,5.962848,5.888179,0.074669
735,6.045493,6.060698,-0.015205
736,5.951872,5.814394,0.137478
738,6.323143,6.167317,0.155825
739,6.507286,6.298853,0.208433
740,5.707863,6.079181,-0.371318
741,5.610712,5.663701,-0.052989
742,5.127318,6.004321,-0.877003
743,6.469653,6.222716,0.246936
744,6.449801,6.079181,0.370620
745,4.822573,5.786751,-0.964178
747,6.078967,6.079181,-0.000214
748,6.247846,5.995196,0.252649
749,5.830045,6.079181,-0.249136
750,5.711217,6.000000,-0.288783
751,6.004009,6.015360,-0.011351
752,5.218650,5.530200,-0.311550
753,6.000333,6.000000,0.000333
754,6.249376,6.330414,-0.081038
755,5.815463,5.607455,0.208008
756,6.231173,6.103462,0.127711
757,6.051821,6.024732,0.027089
758,5.661573,4.711807,0.949766
759,5.825022,5.824054,0.000968
760,5.926741,6.301030,-0.374289
761,6.046098,6.188647,-0.142550
763,5.936222,6.000000,-0.063778
764,6.112273,4.103804,2.008469
765,5.939016,6.720573,-0.781556
766,6.143180,6.103804,0.039376
767,5.894679,6.000000,-0.105321
768,6.102718,6.000000,0.102718
769,5.763304,5.342423,0.420881
772,6.041413,6.414973,-0.373560
773,5.803037,5.774517,0.028520
774,5.920761,6.377124,-0.456363
775,6.067914,5.938019,0.129894
776,5.406427,6.000000,-0.593573
777,5.404810,6.332236,-0.927427
779,5.872692,6.165244,-0.292552
780,6.931999,6.969416,-0.037417
781,6.545298,6.447158,0.098140
782,6.343474,6.729165,-0.385690
783,6.691514,6.397940,0.293574
784,6.456371,6.426999,0.029372
785,5.627904,4.778151,0.849753
786,6.383010,6.380211,0.002799
787,6.255539,6.397940,-0.142401
789,6.294094,6.633468,-0.339374
790,6.027809,6.243038,-0.215229
791,6.259924,6.187521,0.072403
792,5.191232,6.176091,-0.984859
793,5.977451,4.770852,1.206599
794,6.445686,6.397940,0.047746
795,6.188047,6.419956,-0.231909
797,5.151861,5.128399,0.023462
798,5.277292,4.948070,0.329222
800,6.395356,6.284656,0.110699
801,5.952259,6.556303,-0.604044
802,5.680880,4.858537,0.822343
803,5.425314,5.230449,0.194865
804,5.289225,4.728029,0.561196
805,5.562863,4.000000,1.562863
806,5.827665,6.049218,-0.221553
807,5.431385,4.826075,0.605310
808,4.788106,5.760422,-0.972316
809,4.114619,4.041393,0.073226
810,5.187020,5.009876,0.177144
811,5.359581,5.029384,0.330197
812,5.459093,5.544812,-0.085719
813,5.073449,5.041393,0.032056
814,5.450630,5.610660,-0.160030
815,4.770259,5.045323,-0.275064
816,4.935352,4.017868,0.917485
817,4.476357,5.961895,-1.485539
818,3.710862,4.022428,-0.311567
819,5.539507,4.468347,1.071160
820,5.839897,5.748188,0.091709
821,4.910192,4.389095,0.521097
822,4.022328,4.178977,-0.156649
823,5.710625,5.781037,-0.070412
825,5.652611,4.812913,0.839697
827,5.458655,5.851258,-0.392603
828,5.020962,5.189209,-0.168248
829,4.334656,4.049218,0.285438
830,5.579404,4.716003,0.863401
831,4.806941,6.763428,-1.956487
832,5.579507,3.832509,1.746998
833,5.181737,5.079181,0.102555
834,4.789447,3.477121,1.312326
835,4.936332,5.285557,-0.349225
836,6.015084,6.255273,-0.240188
837,4.935847,4.845098,0.090749
838,5.888908,6.079181,-0.190273
839,4.624381,4.404834,0.219547
840,5.701843,4.799823,0.902020
841,5.313771,6.698970,-1.385199
842,4.023360,3.494155,0.529205
843,5.515361,6.079181,-0.563820
844,5.794682,4.017033,1.777649
845,5.180205,4.544068,0.636137
846,4.973594,3.342423,1.631171
847,3.131700,4.102777,-0.971077
848,4.790889,3.919078,0.871811
850,5.889527,5.736397,0.153131
851,5.452964,4.562174,0.890791
853,5.194506,5.477121,-0.282615
854,5.338786,5.064458,0.274328
855,5.473109,7.176091,-1.702982
856,5.896191,6.041393,-0.145201
857,6.022025,5.541579,0.480446
859,5.599784,5.079181,0.520603
860,4.642058,4.542825,0.099232
861,5.559909,6.477121,-0.917212
863,5.744637,6.633468,-0.888832
864,6.590516,6.363048,0.227469
865,4.405603,4.212188,0.193415
866,5.123992,4.972619,0.151373
867,4.692601,6.079181,-1.386581
868,4.799076,5.073792,-0.274716
870,5.434366,5.518514,-0.084148
871,4.799230,4.953663,-0.154433
872,5.643833,4.792392,0.851441
873,4.920083,4.117271,0.802812
874,5.185503,6.397940,-1.212437
875,4.683953,4.568202,0.115751
876,4.668039,4.357172,0.310867
877,5.313689,5.089905,0.223784
878,4.918672,4.683947,0.234725
879,5.386504,5.903090,-0.516586
880,5.775580,5.390122,0.385458
882,6.216911,6.462398,-0.245487
883,5.985898,4.767898,1.218000
884,4.314543,4.743510,-0.428967
885,4.167706,4.643453,-0.475747
886,4.969964,5.811709,-0.841745
887,5.128181,4.887054,0.241126
888,5.035203,3.857332,1.177871
889,3.402365,3.792392,-0.390027
890,3.817209,3.763428,0.053781
891,3.754172,3.544068,0.210104
892,3.567926,3.924279,-0.356353
893,6.291876,6.397940,-0.106064
894,4.504096,4.382017,0.122079
895,5.402179,6.079181,-0.677002
896,5.344114,5.658011,-0.313898
897,4.880634,3.879096,1.001538
900,4.315368,6.102135,-1.786767
901,4.315420,5.176091,-0.860671
902,4.497091,3.462398,1.034693
903,5.392933,6.049218,-0.656285
904,4.871089,4.303196,0.567893
905,4.664478,3.698970,0.965508
906,5.026646,4.817565,0.209080
907,5.143694,5.505150,-0.361456
908,4.885185,4.397940,0.487245
909,5.249186,4.721811,0.527375
910,4.332478,4.505150,-0.172672
911,3.234733,3.238046,-0.003313
912,4.423397,4.591065,-0.167667
913,4.095920,4.822168,-0.726248
914,5.271578,3.230449,2.041129
915,4.610091,2.602060,2.008031
916,4.608474,3.008600,1.599874
917,5.781919,5.949390,-0.167471
918,4.810074,6.778151,-1.968077
919,6.471169,7.000000,-0.528831
920,6.203337,5.331589,0.871747
921,4.481426,5.176091,-0.694665
922,6.310071,6.170555,0.139516
923,5.680704,6.146128,-0.465424
924,6.415791,5.982271,0.433520
925,5.706226,6.209247,-0.503021
926,6.373670,5.750045,0.623624
927,6.349659,5.401056,0.948603
928,6.481292,6.419129,0.062162
929,6.512307,6.380211,0.132096
930,6.215324,6.505150,-0.289826
931,5.559702,6.204120,-0.644418
932,5.706587,4.939020,0.767567
933,5.453845,4.793092,0.660753
934,5.394532,6.322219,-0.927687
935,6.471994,6.382017,0.089977
936,6.083923,6.366983,-0.283060
937,5.900660,6.176091,-0.275431
938,5.743590,6.535864,-0.792273
939,5.843546,5.924279,-0.080734
940,5.994922,6.062206,-0.067284
941,5.944917,6.000000,-0.055083
942,6.219360,6.120574,0.098786
943,5.174878,4.666612,0.508266
944,6.347472,7.017868,-0.670395
945,6.177954,6.079181,0.098772
946,6.203537,6.567144,-0.363607
947,5.944770,5.414973,0.529797
948,5.787859,6.021189,-0.233330
949,6.677472,6.517196,0.160276
950,5.689307,5.934498,-0.245192
951,5.720460,6.322219,-0.601759
952,5.687741,6.301030,-0.613289
953,5.696677,6.531479,-0.834802
954,6.155239,6.003116,0.152123
955,5.727946,6.397940,-0.669994
956,4.095108,3.924279,0.170829
957,5.294335,4.597827,0.696508
958,5.196684,3.428459,1.768225
959,6.094767,6.462398,-0.367631
960,6.036702,6.898665,-0.861963
961,5.573222,5.847276,-0.274055
962,5.479631,5.441789,0.037841
964,6.553149,6.607455,-0.054306
965,5.808904,4.440909,1.367995
967,5.237273,4.275081,0.962192
968,5.340178,5.110590,0.229588
969,6.046760,5.041393,1.005368
970,5.963753,7.000000,-1.036247
971,5.963805,5.998808,-0.035003
972,5.811872,7.602060,-1.790188
974,5.320630,5.000000,0.320630
975,5.697811,4.661813,1.035998
977,6.178671,6.939519,-0.760849
978,4.268278,4.249027,0.019251
979,3.086142,1.633468,1.452673
980,3.086193,2.182300,0.903893
981,5.389870,4.008600,1.381269
982,5.719852,5.400711,0.319142
983,5.640565,6.078819,-0.438254
985,5.837004,6.000000,-0.162996
987,5.578546,5.648360,-0.069814
989,5.942599,7.217484,-1.274885
991,4.789230,3.959041,0.830189
992,5.282918,6.477121,-1.194203
993,6.378221,7.544068,-1.165847
994,4.222381,6.079181,-1.856800
995,5.397261,6.146128,-0.748867
996,5.694962,5.146128,0.548834
997,5.658742,5.534026,0.124716
998,6.027460,7.434569,-1.407109
999,5.303711,5.826075,-0.522364
1000,5.538111,6.401401,-0.863289
1001,5.103827,6.079181,-0.975354
1002,5.697264,5.021189,0.676075
1003,5.302248,5.604118,-0.301870
1004,5.770079,4.124504,1.645575
1005,3.453083,3.557507,-0.104424
1006,4.073650,2.954243,1.119407
1007,4.197294,3.942008,0.255286
1008,3.895457,3.511883,0.383574
1009,6.287991,6.621975,-0.333983
1010,6.260030,5.423361,0.836669
1011,6.015561,5.677607,0.337955
1012,5.484228,6.000000,-0.515772
1013,5.882288,6.146128,-0.263840
1014,6.190674,6.161847,0.028827
1015,6.069495,6.079181,-0.009686
1016,2.989367,3.103804,-0.114437
1017,6.661490,7.244277,-0.582787
1018,6.211951,7.082785,-0.870834
1019,6.222171,6.133539,0.088632
1020,6.613313,6.778151,-0.164839
1021,6.661696,7.579784,-0.918088
1022,5.785653,5.274158,0.511495
1023,5.706528,5.342423,0.364105
1024,5.583575,5.826075,-0.242500
1025,4.391424,4.359835,0.031588
1027,5.664767,5.832509,-0.167742
1028,5.189642,3.871164,1.318477
1029,5.637596,5.426023,0.211573
1031,8.145336,8.229682,-0.084346
1032,7.630498,8.414973,-0.784475
1034,2.404433,1.698970,0.705463
1035,4.860219,4.431364,0.428855
1037,6.230445,6.400365,-0.169920
1038,5.626824,6.301030,-0.674206
1039,4.983546,4.845098,0.138448
1040,5.360727,3.845098,1.515629
1041,5.020343,4.845098,0.175245
1042,5.499508,6.707570,-1.208062
1043,5.120350,6.386677,-1.266327
1044,5.926602,5.664642,0.261960
1045,4.255503,4.342225,-0.086722
1046,4.965699,5.672098,-0.706399
1048,3.558937,3.301464,0.257473
1049,6.324440,5.987635,0.336805
1050,6.101911,6.506505,-0.404594
1051,6.279337,6.068186,0.211151
1053,5.505572,5.673021,-0.167449
1054,5.873571,5.892095,-0.018523
1055,6.011404,5.673021,0.338383
1056,5.616387,6.207096,-0.590708
1059,5.592295,6.533518,-0.941222
1060,4.494761,4.462398,0.032363
1061,6.014189,5.000000,1.014189
1062,6.383858,6.152288,0.231570
1064,5.990281,5.639486,0.350795
1065,5.838348,5.672098,0.166251
1066,5.706625,6.176091,-0.469466
1067,5.200273,5.774838,-0.574565
1068,5.347158,4.681241,0.665916
1069,5.403679,4.017033,1.386646
1070,5.900872,6.123165,-0.222293
1071,5.724442,6.835500,-1.111058
1072,5.645155,6.078819,-0.433665
1073,3.339155,3.633468,-0.294313
1074,5.746277,6.278754,-0.532476
1075,5.746329,3.819873,1.926456
1076,5.585436,6.322219,-0.736783
1077,5.859879,5.737272,0.122607
1078,5.322563,3.886491,1.436072
1079,4.815448,5.797268,-0.981819
1081,5.329620,5.647715,-0.318096
1082,5.328002,4.872739,0.455263
1083,5.966253,7.332438,-1.366185
1084,4.240386,3.096910,1.143476
1085,6.108361,5.146128,0.962233
1086,5.956428,7.427122,-1.470694
1087,5.842264,5.000000,0.842264
1088,6.323072,7.860937,-1.537865
1089,5.981045,5.174932,0.806113
1090,6.549848,8.096423,-1.546576
1091,6.087577,6.021189,0.066387
1092,5.678845,5.729327,-0.050482
1093,5.447236,5.346353,0.100883
1094,6.004308,5.149527,0.854781
1095,5.445670,5.255273,0.190397
1097,5.223039,5.301030,-0.077991
1098,2.153993,2.698970,-0.544977
1099,0.973140,3.079181,-2.106041
1100,4.219439,2.615529,1.603910
1101,3.379115,2.650502,0.728614
1102,4.195480,2.630428,1.565052
1103,4.317454,3.556303,0.761152
1104,2.154302,2.991226,-0.836924
1105,3.020028,2.947434,0.072595
1106,3.564259,3.488551,0.075709
1107,3.508507,3.510545,-0.002038
1109,5.464954,5.278754,0.186200
1111,5.584940,6.176091,-0.591151
1112,5.027315,5.008600,0.018714
1113,5.987738,5.819544,0.168194
1115,5.894813,6.462398,-0.567585
1116,2.907713,2.886491,0.021222
1118,6.154063,6.397940,-0.243877
1119,6.130053,6.246499,-0.116446
1120,5.978120,5.286614,0.691506
1121,5.848077,6.079181,-0.231104
1122,4.631300,3.886491,0.744810
1123,5.486929,5.698970,-0.212041
1124,5.864110,5.704151,0.159960
1125,6.158375,5.260071,0.898304
1126,6.344970,5.738067,0.606903
1127,6.175671,6.146128,0.029543
1128,5.240260,4.477121,0.763139
1129,6.022984,6.278754,-0.255770
1130,6.446066,6.365488,0.080578
1131,6.108537,6.447158,-0.338621
1132,6.129642,6.000000,0.129642
1133,6.016744,6.397940,-0.381196
1134,4.887033,5.938920,-1.051887
1135,5.879459,5.484300,0.395159
1136,6.109835,7.301030,-1.191195
1137,5.999908,5.954243,0.045666
1138,5.469494,6.602060,-1.132566
1139,6.869561,6.972203,-0.102642
1140,5.764003,6.301030,-0.537027
1141,6.194503,6.248268,-0.053764
1142,6.074684,6.380211,-0.305527
1143,6.177411,6.301030,-0.123619
1144,5.912342,6.322219,-0.409877
1145,6.433205,6.380211,0.052994
1146,6.290360,6.380211,-0.089852
1147,6.064963,5.603199,0.461764
1148,6.379544,6.322219,0.057324
1149,5.975195,6.017033,-0.041839
1150,6.109517,6.197832,-0.088315
1151,6.103123,6.171481,-0.068358
1152,6.236089,7.105510,-0.869421
1153,5.555718,6.373096,-0.817378
1154,5.554101,5.419956,0.134145
1155,6.011433,6.332438,-0.321006
1156,5.973530,6.079181,-0.105651
1157,6.017982,5.124830,0.893152
1158,6.011587,6.486147,-0.474560
1159,7.122157,6.174932,0.947226
1161,4.813108,5.725912,-0.912803
1162,6.641754,5.413132,1.228622
1163,7.287929,7.292256,-0.004327
1164,6.448069,6.698970,-0.250901
1165,6.441602,7.519828,-1.078226
1166,7.190799,7.188037,0.002762
1167,6.942349,8.071882,-1.129533
1168,6.012644,5.982271,0.030373
1169,6.813026,6.973128,-0.160102
1170,6.754960,6.077731,0.677229
1171,6.611268,6.397940,0.213328
1172,7.142087,7.294466,-0.152379
1173,6.705713,7.333649,-0.627936
1174,6.681702,7.793755,-1.112053
1175,6.764812,6.087071,0.677741
1176,6.681805,6.000000,0.681805
1179,6.038630,7.301030,-1.262400
1180,5.726524,6.975432,-1.248908
1181,6.415863,6.184691,0.231172
1182,5.513887,6.281033,-0.767147
1183,6.308221,5.012837,1.295384
1184,6.554695,7.735998,-1.181303
1185,6.660135,5.301030,1.359105
1186,7.123550,6.618634,0.504916
1187,6.701257,7.665018,-0.963761
1189,6.661382,6.886491,-0.225109
1190,6.382140,7.477121,-1.094981
1191,6.528258,6.079181,0.449077
1192,6.846161,6.744919,0.101243
1193,6.682682,5.245513,1.437169
1194,6.696725,6.698970,-0.002245
1195,6.745048,7.174234,-0.429186
1196,6.021298,6.047140,-0.025842
1197,5.733601,5.628389,0.105212
1198,6.019733,7.204120,-1.184387
1199,7.193178,6.900312,0.292865
1200,4.899065,6.000000,-1.100935
1201,5.164571,4.041393,1.123179
1202,7.124375,5.352240,1.772134
1203,6.039868,6.000000,0.039868
1204,6.021711,6.380754,-0.359043
1205,5.525581,6.077004,-0.551423
1206,6.438369,6.252125,0.186244
1207,5.907992,6.006038,-0.098046
1208,6.097222,5.913019,0.184204
1210,5.749594,4.845098,0.904496
1211,6.006059,5.857031,0.149028
1212,5.617987,6.078094,-0.460107
1213,6.098795,6.382233,-0.283438
1215,5.639823,5.786254,-0.146432
1218,5.400629,4.883093,0.517535
1219,5.331897,5.123852,0.208045
1220,6.280614,6.176091,0.104523
1222,6.119828,6.392978,-0.273150
1223,6.393466,6.463445,-0.069979
1224,5.878645,5.000000,0.878645
1225,5.871920,6.544068,-0.672148
1226,6.262039,6.754272,-0.492232
1228,5.618813,6.079181,-0.460369
1229,5.995994,6.544068,-0.548074
1230,6.017726,5.850033,0.167693
1231,6.154713,5.187521,0.967192
1232,6.240215,6.432328,-0.192113
1233,6.495693,6.776701,-0.281008
1234,5.904207,5.029384,0.874823
1237,5.601068,5.787319,-0.186250
1238,5.599451,3.892095,1.707356
1240,4.202606,3.404834,0.797772
1241,5.265705,5.816506,-0.550801
1242,5.153102,4.968483,0.184619
1243,4.349650,3.833147,0.516503
1244,5.324074,6.146128,-0.822054
1245,4.366347,4.008600,0.357747
1246,5.039640,4.000000,1.039640
1247,4.899880,4.089905,0.809975
1248,4.967933,3.770852,1.197081
1249,4.642240,3.602060,1.040180
1250,3.898222,3.869232,0.028991
1251,3.532099,3.206826,0.325274
1252,4.045215,3.589950,0.455265
1253,4.061860,2.903090,1.158770
1254,4.339267,4.167317,0.171950
1255,4.337650,4.035830,0.301820
1256,5.920598,6.024046,-0.103449
1257,4.287759,5.247973,-0.960214
1258,5.854617,6.491362,-0.636744
1259,6.370342,4.833147,1.537195
1260,5.816867,6.334454,-0.517587
1262,5.887801,4.698970,1.188831
1263,5.492785,6.322219,-0.829434
1264,5.123256,6.281261,-1.158005
1265,5.819479,6.230449,-0.410970
1266,5.737825,5.000000,0.737825
1267,5.552399,4.261501,1.290898
1268,6.475962,7.077223,-0.601260
1269,6.425958,7.058654,-0.632696
1270,4.549268,5.000000,-0.450732
1271,4.441910,3.709270,0.732640
1272,4.458556,3.431364,1.027192
1273,4.153708,5.000000,-0.846292
1274,5.742793,6.079181,-0.336389
1275,4.126339,3.770852,0.355487
1276,6.257988,6.383654,-0.125666
1277,6.564867,6.281942,0.282925
1278,5.319233,4.152288,1.166945
1279,4.843693,6.176091,-1.332399
1280,5.435012,4.195900,1.239112
1281,3.972604,3.301030,0.671574
1282,5.840579,6.079181,-0.238602
1283,5.197301,5.311754,-0.114453
1284,4.901788,5.041393,-0.139604
1285,5.435270,4.411620,1.023650
1286,5.641179,4.249198,1.391981
1290,4.902277,3.824126,1.078151
1291,3.862331,3.740363,0.121968
1292,3.146128,3.146128,-0.000000
1293,6.170192,5.380211,0.789980
1294,5.459117,5.271842,0.187275
1295,6.357200,5.365488,0.991712
1297,6.442084,5.880814,0.561270
1298,6.299238,6.397940,-0.098702
1299,5.815459,6.377563,-0.562104
1300,6.225877,5.518514,0.707363
1301,6.073944,4.698970,1.374974
1302,6.055838,5.949390,0.106448
1303,6.388577,6.247924,0.140653
1304,5.959883,7.602060,-1.642177
1306,6.118602,6.278754,-0.160152
1307,6.667467,6.445311,0.222155
1308,5.770841,5.622214,0.148627
1312,5.821032,6.079181,-0.258149
1313,6.205453,6.240549,-0.035096
1314,6.095526,5.891147,0.204379
1316,5.889239,5.847573,0.041667
1317,5.961980,5.931966,0.030014
1318,5.565267,5.146779,0.418488
1319,5.985806,5.079181,0.906624
1320,5.014553,5.021189,-0.006636
1321,5.250321,6.000000,-0.749679
1323,6.077755,6.220108,-0.142353
1324,6.229899,6.214844,0.015056
1325,6.481376,6.113943,0.367433
1326,5.424682,6.257052,-0.832370
1327,5.350840,5.255273,0.095568
1329,6.426052,6.602060,-0.176008
1330,6.333807,4.986772,1.347035
1332,5.808648,5.181844,0.626805
1333,6.191064,5.687261,0.503803
1335,6.141766,6.776328,-0.634562
1336,6.117755,6.056905,0.060850
1337,5.781884,6.113943,-0.332060
1338,5.965874,6.441176,-0.475303
1339,6.172728,5.332438,0.840290
1340,6.271185,5.710117,0.561067
1341,5.659490,6.008600,-0.349110
1342,6.280609,5.552668,0.727941
1343,5.327953,5.093422,0.234531
1344,5.851967,4.602060,1.249907
1345,5.972835,5.895423,0.077413
1347,5.873802,6.000000,-0.126198
1348,5.863896,5.788875,0.075021
1349,5.782502,6.176091,-0.393589
1350,5.336589,5.193125,0.143465
1351,5.991006,5.051924,0.939082
1352,5.826850,5.756636,0.070214
1354,5.732599,6.000000,-0.267401
1355,6.011150,5.599883,0.411267
1356,5.583939,5.716838,-0.132899
1357,6.004807,5.812913,0.191894
1358,6.560118,7.929419,-1.369301
1359,6.137825,5.862728,0.275098
1360,5.180099,5.079181,0.100918
1361,5.293334,5.278754,0.014580
1362,6.030025,6.017033,0.012992
1363,5.763739,5.176091,0.587648
1364,6.100423,6.079181,0.021242
1366,5.271224,5.121560,0.149664
1367,5.466178,4.912275,0.553902
1368,5.713941,6.218273,-0.504332
1369,5.559323,5.700617,-0.141295
1370,6.098414,6.924279,-0.825865
1371,5.988487,6.134496,-0.146009
1372,6.419043,6.509203,-0.090159
1373,6.123285,6.590507,-0.467223
1374,5.661192,5.758912,-0.097720
1375,5.837862,6.079181,-0.241319
1376,5.988745,6.762679,-0.773933
1377,5.368097,5.863917,-0.495821
1378,5.782458,5.342423,0.440035
1379,5.972871,6.033424,-0.060553
1380,5.458486,5.518514,-0.060028
1381,5.625595,7.041393,-1.415798
1382,5.615206,4.678518,0.936687
1383,5.411689,6.066773,-0.655084
1384,5.852091,5.899821,-0.047730
1385,5.457075,7.429752,-1.972678
1386,5.942764,6.612784,-0.670020
1387,6.097136,6.503791,-0.406654
1388,6.538417,5.240799,1.297618
1389,6.578622,5.968483,0.610139
1390,6.180109,6.053078,0.127031
1391,4.547271,6.008600,-1.461329
1392,5.771916,4.954243,0.817674
1393,6.629854,6.770115,-0.140261
1394,7.371468,6.418301,0.953166
1395,6.287878,7.022016,-0.734138
1396,1.854130,1.924279,-0.070149
1397,4.286764,4.550228,-0.263465
1398,5.198621,6.354621,-1.156000
1399,5.100532,5.856227,-0.755695
1400,5.871983,6.052936,-0.180953
1401,5.076573,6.431364,-1.354791
1402,5.135265,3.982723,1.152542
1403,4.664074,3.447158,1.216916
1404,5.084751,6.563837,-1.479086
1405,4.711284,2.812913,1.898371
1406,4.810631,3.079181,1.731449
1407,5.291439,5.556303,-0.264864
1408,4.470298,4.334856,0.135443
1409,3.332031,4.698970,-1.366939
1410,4.806150,3.187521,1.618629
1411,4.832569,4.167317,0.665252
1412,3.580039,3.679428,-0.099389
1413,2.528153,0.698970,1.829183
1414,5.490525,4.754883,0.735642
1415,4.415757,2.556303,1.859454
1416,4.881919,5.812913,-0.930994
1417,5.101460,5.186815,-0.085355
1418,5.199372,4.821514,0.377859
1419,6.246981,6.167317,0.079664
1420,5.581347,5.903090,-0.321742
1422,5.606869,5.773069,-0.166200
1423,5.864167,5.845098,0.019069
1424,5.074696,4.505150,0.569546
1425,6.224011,6.889302,-0.665291
1426,6.061391,5.395850,0.665541
1427,6.013951,6.741546,-0.727595
1428,5.283381,5.698970,-0.415589
1429,1.155546,3.845098,-2.689552
1430,2.809055,2.809054,0.000000
1431,2.505150,2.505150,0.000000
1432,3.292137,3.447158,-0.155021
1433,3.557690,1.799341,1.758349
1434,3.276675,3.322219,-0.045545
1435,3.509467,1.558709,1.950758
1436,5.579058,5.434569,0.144490
1437,4.814196,5.926857,-1.112661
1438,5.681591,5.875061,-0.193471
1439,6.177684,6.237041,-0.059357
1440,5.764743,5.990783,-0.226040
1441,6.079324,6.447158,-0.367834
1442,5.672311,6.257679,-0.585368
1444,6.667679,6.255273,0.412406
1445,6.401530,6.531479,-0.129949
1446,3.285271,3.301030,-0.015759
1448,6.121411,6.230449,-0.109038
1449,6.063345,6.340444,-0.277099
1451,5.915140,4.346744,1.568396
1452,6.716772,6.079181,0.637590
1453,5.199924,6.301030,-1.101106
1454,6.608123,6.623249,-0.015126
1455,6.578383,6.531479,0.046904
1456,5.346912,4.352183,0.994729
1458,5.745825,6.531479,-0.785654
1459,5.584933,6.358886,-0.773953
1460,5.328910,4.314289,1.014621
1461,5.795072,6.176091,-0.381019
1462,6.077227,6.091315,-0.014088
1463,6.319650,6.286456,0.033194
1464,5.859059,6.913814,-1.054755
1465,5.625011,5.433322,0.191689
1466,6.299067,6.308991,-0.009924
1467,5.465152,5.361728,0.103424
1468,4.932927,4.095518,0.837409
1469,5.840445,6.544068,-0.703623
1470,5.715472,6.579784,-0.864311
1471,2.763472,2.697229,0.066242
1472,5.985708,4.746323,1.239385
1473,6.139555,6.291391,-0.151836
1474,6.255944,6.747412,-0.491468
1475,6.216666,6.491362,-0.274696
1478,3.922087,3.804821,0.117266
1479,4.844650,5.079181,-0.234531
1481,5.444464,4.850646,0.593818
1482,5.811106,6.045323,-0.234217
1483,5.982069,5.791691,0.190378
1484,5.716049,5.155609,0.560440
1485,5.687381,5.690196,-0.002815
1486,5.207312,5.000868,0.206445
1487,6.065250,6.806180,-0.740930
1488,5.606226,6.041393,-0.435167
1489,5.703696,5.656960,0.046736
1490,5.444928,6.355068,-0.910140
1491,6.314974,6.324282,-0.009308
1492,5.183572,5.944483,-0.760911
1493,6.246671,6.397940,-0.151269
1494,6.003799,6.170262,-0.166463
1495,5.495940,4.413635,1.082305
1496,5.930747,5.949390,-0.018643
1497,5.765790,6.056905,-0.291115
1498,5.094171,5.072985,0.021186
1499,6.381759,5.697229,0.684529
1500,5.217170,5.698970,-0.481800
1501,5.545214,6.664548,-1.119334
1502,6.177646,6.937016,-0.759370
1503,7.225203,7.531479,-0.306276
1504,6.280424,6.240799,0.039625
1505,6.780293,6.012837,0.767456
1506,6.319857,6.448706,-0.128850
1507,5.676578,6.580469,-0.903890
1508,6.053760,5.778151,0.275608
1509,6.299237,5.732394,0.566844
1510,5.713427,4.954243,0.759185
1512,5.332170,5.308394,0.023777
1513,5.657011,6.277091,-0.620080
1514,6.124842,5.857332,0.267510
1515,5.454515,5.000000,0.454515
1516,5.361538,5.301030,0.060508
1517,3.728699,4.123852,-0.395152
1519,5.620788,6.322219,-0.701431
1520,5.596778,4.505150,1.091628
1521,5.518105,4.568202,0.949903
1522,4.558467,4.900367,-0.341900
1523,5.635338,5.477121,0.158217
1524,5.682527,6.041393,-0.358865
1525,5.718958,6.496791,-0.777833
1526,5.469564,4.486714,0.982851
1527,5.489554,5.000000,0.489554
1528,5.616075,6.322219,-0.706145
1529,4.759795,4.685742,0.074054
1530,5.576199,6.504702,-0.928503
1531,4.421739,2.146128,2.275611
1532,1.440741,1.447158,-0.006417
1533,3.053390,3.113943,-0.060554
1534,4.860793,4.826075,0.034718
1535,5.353166,4.247973,1.105193
1536,4.177397,5.000000,-0.822603
1537,4.936116,5.653213,-0.717096
1538,5.751186,5.653213,0.097973
1539,5.402330,6.204120,-0.801790
1540,5.723069,6.079181,-0.356113
1541,6.122841,6.397940,-0.275099
1542,5.601243,5.223755,0.377488
1543,5.991363,5.079181,0.912181
1544,6.122995,6.778151,-0.655156
1545,5.348136,5.585461,-0.237325
1546,6.113440,5.845098,0.268342
1547,5.726795,5.934498,-0.207703
1548,5.991620,5.771587,0.220033
1549,5.585752,6.653213,-1.067461
1550,5.330185,5.903090,-0.572905
1551,5.723636,4.927370,0.796266
1552,4.867044,4.826075,0.040970
1553,4.920227,5.002166,-0.081939
1554,6.567659,6.662758,-0.095098
1555,6.413916,6.071882,0.342034
1556,4.933758,2.676694,2.257064
1557,5.296846,4.184691,1.112155
1558,5.455063,4.933993,0.521070
1559,5.362086,5.397940,-0.035854
1560,5.557842,6.579784,-1.021942
1561,6.004019,6.000000,0.004019
1562,4.830824,4.469365,0.361458
1563,4.925248,4.252853,0.672395
1564,5.728959,6.041393,-0.312434
1566,5.597481,6.491362,-0.893881
1567,5.597532,6.278754,-0.681221
1569,4.954306,5.079181,-0.124876
1570,5.032131,4.787744,0.244387
1571,5.331538,5.575188,-0.243649
1572,5.812346,4.561578,1.250768
1573,5.197869,7.133858,-1.935989
1574,4.991258,5.221675,-0.230417
1575,5.353425,4.239049,1.114376
1576,5.470474,3.964731,1.505743
1577,3.556767,3.697229,-0.140462
1578,4.917107,5.041393,-0.124286
1579,5.490567,6.000000,-0.509433
1580,6.039432,5.442480,0.596952
1581,6.039483,7.397940,-1.358457
1582,5.617190,6.690196,-1.073006
1583,5.509287,6.079181,-0.569894
1584,4.760963,4.064458,0.696505
1585,4.406373,3.686636,0.719736
1586,5.467440,5.168939,0.298500
1587,5.762095,6.079181,-0.317087
1588,4.423009,5.322219,-0.899210
1589,5.451566,4.895201,0.556364
1590,5.660981,6.079181,-0.418200
1591,4.937232,5.648360,-0.711128
1593,5.980472,5.931966,0.048506
1594,4.923357,4.939819,-0.016462
1595,4.978147,5.732394,-0.754246
1596,4.935821,3.301030,1.634791
1597,4.964482,4.579784,0.384699
1598,6.636180,6.579784,0.056396
1599,6.027633,7.199426,-1.171793
1600,6.318369,6.795880,-0.477511
1601,2.844881,4.000000,-1.155119
1602,5.651467,5.532385,0.119082
1603,6.198750,6.322219,-0.123469
1604,6.140684,6.176091,-0.035407
1605,5.899119,5.311966,0.587153
1608,5.755960,5.205096,0.550864
1609,5.992634,6.531479,-0.538845
1610,5.424200,6.079181,-0.654982
1611,5.112093,4.301030,0.811063
1612,6.189555,5.491362,0.698194
1613,6.476655,6.000000,0.476655
1614,6.383885,6.185542,0.198343
1615,5.298236,5.301030,-0.002794
1616,6.509068,6.079181,0.429887
1617,6.086775,4.892373,1.194402
1618,6.046848,6.176091,-0.129243
1619,4.892387,6.491362,-1.598974
1620,3.627853,3.556303,0.071550
1621,5.404890,4.089905,1.314985
1622,4.010281,4.653213,-0.642931
1623,5.239628,5.221023,0.018605
1624,6.315845,5.698970,0.616875
1625,7.284103,7.342423,-0.058319
1626,5.818481,6.176091,-0.357611
1627,6.988576,6.414973,0.573603
1628,6.752978,6.977724,-0.224746
