idx,y_pred,y_true,residual,fold
0,4.444842405559489,5.698970004336019,1.2541275987765301,8
1,2.880866812368543,3.049218022670181,0.16835121030163824,8
2,2.880866812368543,2.903089986991944,0.022223174623401398,8
3,4.596099940816704,2.9542425094393248,-1.6418574313773795,8
4,4.286030969733287,3.322219294733919,-0.9638116749993677,8
5,5.406946996252647,5.301029995663981,-0.10591700058866582,8
6,5.6991151135932805,4.086359830674748,-1.612755282918532,8
7,5.592684050948271,6.035709837827862,0.44302578687959127,8
8,5.218509254348346,5.954242509439325,0.7357332550909792,8
9,5.671186259339753,3.949390006644913,-1.72179625269484,8
10,4.993786012990722,5.742725131304698,0.7489391183139755,8
11,3.9261725056260413,3.661812685537261,-0.26435982008878023,8
12,4.145631756167402,3.505149978319906,-0.6404817778474965,8
13,4.469954459081616,5.0948203803548,0.6248659212731837,8
14,4.356001022500728,3.397940008672037,-0.9580610138286914,8
15,4.325951259568112,5.238046103128795,0.9120948435606833,8
16,3.498654573874533,3.823474229170301,0.32481965529576806,8
17,4.527647717349301,3.838849090737255,-0.6887986266120456,8
18,3.9867644996181957,6.041392685158225,2.0546281855400297,8
19,5.058267587104292,3.8813846567705728,-1.1768829303337194,8
20,4.899042138954043,5.576341350205793,0.67729921125175,8
21,6.3167223037849975,6.823539433656859,0.5068171298718616,8
22,6.366667891177188,6.3979400086720375,0.031272117494849816,8
23,6.273846949861027,6.707570176097937,0.43372322623690973,8
24,6.498685871677247,6.3979400086720375,-0.10074586300520938,8
25,5.828216773977938,6.558708570533166,0.7304917965552278,8
26,5.828216773977938,6.107549129744687,0.27933235576674864,8
27,5.293738850747586,4.193681029541281,-1.1000578212063052,8
28,5.847784909534356,5.929418925714293,0.08163401617993671,8
29,6.304564875311918,6.531478917042255,0.22691404173033725,8
30,6.33098114824843,6.372912002970106,0.04193085472167635,8
31,6.324605425791463,6.384890796530554,0.06028537073909135,8
32,5.897663291897341,6.325843928293292,0.4281806363959513,8
33,6.722294151549133,7.0,0.277705848450867,8
34,6.511379597718607,6.8750612633917,0.36368166567309324,8
35,6.2122302521367105,6.835056101720117,0.622825849583406,8
36,6.715290036279174,7.079181246047625,0.36389120976845124,8
37,4.958122796899133,4.072984744627931,-0.885138052271202,8
38,5.502349854708974,5.113943352306837,-0.3884065024021375,8
39,4.53613807538217,5.096910013008056,0.5607719376258862,8
40,5.578901788541377,6.2405492482826,0.6616474597412232,8
41,4.327815421847686,5.278753600952829,0.950938179105143,8
42,6.0114973793485555,6.2552725051033065,0.2437751257547509,8
43,5.255106662925949,6.313867220369153,1.058760557443204,8
44,5.621299305847534,6.361727836017593,0.7404285301700595,8
45,6.070928638519031,6.6020599913279625,0.5311313528089316,8
46,6.059121951929577,6.649334858712142,0.5902129067825648,8
47,6.070928638519031,6.041392685158225,-0.0295359533608055,8
48,5.683750258777727,5.901294817165567,0.21754455838784015,8
49,4.923704373103343,6.447158031342219,1.5234536582388767,8
50,5.571107243037543,4.681241237375588,-0.889866005661955,8
51,5.918177904309718,5.81504617606463,-0.10313172824508765,8
52,5.422102854739831,4.992818520066679,-0.4292843346731514,8
53,3.79933434098164,3.204119982655925,-0.5952143583257148,8
54,5.943604423078423,6.8750612633917,0.9314568403132775,8
55,6.373593606696617,6.8909795969896885,0.5173859902930715,8
56,5.956086280429621,6.0,0.04391371957037915,8
57,5.202784755968731,4.5003737143533735,-0.7024110416153571,8
58,5.7079793270300145,6.3979400086720375,0.689960681642023,8
59,6.301753302645361,6.447158031342219,0.1454047286968585,8
60,5.7296324802314595,7.267171728403014,1.5375392481715542,8
61,5.437653460089573,5.045714058940868,-0.3919394011487043,8
62,5.677400339992624,6.230448921378274,0.5530485813856503,8
63,5.497872627675497,4.127104798364807,-1.3707678293106893,8
64,5.718963987248947,6.0,0.28103601275105294,8
65,6.259576070931936,5.715167357848458,-0.5444087130834783,8
66,5.616465406882827,6.024046225131059,0.4075808182482321,8
67,2.266303218113995,3.645422269349092,1.3791190512350968,8
68,3.993174231447439,3.146128035678238,-0.847046195769201,8
69,2.266303218113995,2.8750612633917,0.608758045277705,8
70,4.105396758207275,3.3010299956639813,-0.8043667625432933,8
71,4.01820991485356,3.3138672203691533,-0.7043426944844065,8
72,4.8375617681740755,5.905795880367869,1.0682341121937933,8
73,3.714474437595781,2.6989700043360187,-1.0155044332597623,8
74,3.3698149643666166,4.146128035678238,0.7763130713116215,8
75,2.940628308525895,3.2430380486862944,0.30240974016039956,8
76,3.4109956387481346,2.6532125137753435,-0.7577831249727911,8
77,4.049524765052951,2.1089031276673134,-1.9406216373856373,8
78,3.8702139008496346,3.7781512503836434,-0.09206265046599116,8
79,3.8702139008496346,3.3010299956639813,-0.5691839051856533,8
80,4.376301243074713,3.0,-1.376301243074713,8
81,4.361264865723024,4.431363764158987,0.07009889843596273,8
82,4.638576838805817,4.423245873936808,-0.21533096486900938,8
83,4.44766368552573,4.431363764158987,-0.016299921366742964,8
84,4.245898337088029,5.544068044350276,1.2981697072622467,8
85,4.882518725746302,3.1583624920952498,-1.7241562336510525,8
86,3.753011278919557,2.740362689494244,-1.012648589425313,8
87,3.824416761442672,3.6232492903979,-0.20116747104477195,8
88,5.760925428613596,5.375092713083399,-0.3858327155301966,8
89,6.141704951005635,6.361727836017593,0.2200228850119581,8
90,6.0114973793485555,6.409933123331294,0.3984357439827386,8
91,6.668893577163991,6.477121254719663,-0.1917723224443284,8
92,6.217754615341163,7.021189299069938,0.8034346837287751,8
93,5.275378500715347,3.413299764081252,-1.8620787366340954,8
94,5.182950852650669,4.260071387985075,-0.922879464665594,8
95,6.039037357059108,6.0,-0.03903735705910805,8
96,6.0949868109489636,6.740362689494244,0.6453758785452806,8
97,6.2314410675097855,6.099231615080882,-0.1322094524289037,8
98,6.0717274928293365,6.431363764158987,0.35963627132965037,8
99,6.241168544376028,4.6464037262230695,-1.5947648181529583,8
100,6.077102674300078,6.142702245737616,0.06559957143753792,8
101,6.086930651219555,6.431363764158987,0.3444331129394316,8
102,5.904899814681426,6.19258417809083,0.2876843634094044,8
103,6.336294951549873,6.238046103128795,-0.09824884842107817,8
104,6.149717949459826,6.950851458888547,0.8011335094287206,8
105,6.032250523972835,4.819543935541868,-1.212706588430967,8
106,6.004220860113674,4.716504163773217,-1.287716696340457,8
107,5.98555258936337,5.7160033436348,-0.26954924572856953,8
108,6.033396262862456,6.3979400086720375,0.3645437458095815,8
109,6.0475878910799326,6.614897216033135,0.5673093249532029,8
110,5.299209908290892,5.00902574208691,-0.29018416620398124,8
111,5.387150701791473,5.37383114507383,-0.013319556717642733,8
112,5.90474364043049,6.477121254719663,0.5723776142891728,8
113,5.915685817777556,4.862250674597925,-1.0534351431796312,8
114,6.214677314889999,6.466867620354109,0.2521903054641097,8
115,6.174514687792461,5.188084373714938,-0.9864303140775226,8
116,5.736168580300212,6.146128035678238,0.4099594553780266,8
117,5.970407616885476,5.326335860928752,-0.6440717559567242,8
118,5.855900852053831,6.768638101247615,0.9127372491937837,8
119,5.9872014365879656,5.48572142648158,-0.5014800101063859,8
120,5.940584810354712,5.507072896756503,-0.43351191359820884,8
121,6.093471001169366,5.08361010516231,-1.0098608960070559,8
122,5.951385674101577,6.156851901070011,0.20546622696843375,8
123,6.2181961888399355,5.676693609624866,-0.5415025792150692,8
124,6.676527822178771,7.252853030979893,0.5763252088011219,8
125,6.25098091580598,6.301029995663981,0.050049079858001555,8
126,6.3506288651135945,6.477121254719663,0.12649238960606812,8
127,6.067995485429226,6.361727836017593,0.29373235058836666,8
128,6.03714913995814,6.079181246047625,0.04203210608948549,8
129,5.690250851723415,4.396199347095736,-1.2940515046276788,8
130,5.928247908606636,6.14705767102836,0.21880976242172423,8
131,6.0185849101913265,5.195456833628169,-0.8231280765631572,8
132,5.786860449015914,5.643551368562945,-0.14330908045296908,8
133,5.565011907743883,6.016197353512439,0.451185445768556,8
134,5.451238257941792,6.079181246047625,0.6279429881058327,8
135,5.739068901254218,6.146128035678238,0.40705913442401975,8
136,5.716220317059087,6.0,0.2837796829409127,8
137,6.1472552939407334,6.577491799837225,0.43023650589649165,8
138,5.337426778550509,5.472756449317212,0.1353296707667031,8
139,6.397595999261626,6.334453751150931,-0.06314224811069558,8
140,7.2505749019085375,7.483587296968894,0.23301239506035643,8
141,7.340527857692677,8.041392685158225,0.7008648274655487,8
142,6.942096976713347,6.479393896404411,-0.4627030803089358,8
143,6.417813570817747,6.320146286111054,-0.09766728470669239,8
144,6.3988893186147155,6.3979400086720375,-0.000949309942678056,8
145,6.297334008927037,6.113943352306837,-0.18339065662020015,8
146,6.417813570817747,6.201397124320452,-0.21641644649729486,8
147,6.36460675095296,6.986771734266245,0.6221649833132856,8
148,6.3306965955027215,6.474216264076255,0.14351966857353382,8
149,6.410410650768854,6.004136436761356,-0.40627421400749775,8
150,6.282615831627072,6.477121254719663,0.19450542309259067,8
151,6.554820049906061,6.434888120867316,-0.11993192903874483,8
152,6.481370413406608,8.122543524068755,1.6411731106621472,8
153,6.360908087281791,6.281033367247727,-0.0798747200340637,8
154,6.294038924413317,5.953421399681036,-0.3406175247322807,8
155,6.187818313423677,6.518513939877887,0.3306956264542098,8
156,6.162656210954904,6.556423121371285,0.3937669104163808,8
157,6.207075572206473,6.348304863048161,0.14122929084168767,8
158,0.11754353495497336,1.954242509439325,1.8366989744843516,8
159,1.3156546430205247,2.6020599913279625,1.2864053483074378,8
160,2.4247410145790065,1.3010299956639813,-1.1237110189150252,8
161,1.8150313205653181,1.9549175537349588,0.13988623316964066,8
162,2.6649792108292756,2.0,-0.6649792108292756,8
163,3.35756427437859,3.164352855784437,-0.19321141859415292,8
164,2.334781961227858,1.390935107103379,-0.9438468541244791,8
165,3.194318780056019,2.9552065375419416,-0.23911224251407726,8
166,3.5938049629443345,3.562292864456474,-0.031512098487860296,8
167,2.104019736133479,1.9268567089496924,-0.17716302718378674,8
168,3.1609497627568874,1.146128035678238,-2.0148217270786493,8
169,3.3916570444854313,2.8512583487190755,-0.5403986957663558,8
170,3.0355018917609313,2.0,-1.0355018917609313,8
171,3.530205696887749,3.539452491549461,0.009246794661712077,8
172,2.046902287684232,2.273232834043045,0.22633054635881278,8
173,3.4132985160947493,2.57978359661681,-0.8335149194779392,8
174,2.1127574466261256,0.6334684555795865,-1.479288991046539,8
175,5.398177494491699,6.079181246047625,0.6810037515559264,8
176,5.436174553690358,5.023951707423388,-0.41222284626697014,8
177,5.398177494491699,6.2322335211147335,0.8340560266230348,8
178,4.997661931391493,3.247973266361807,-1.749688665029686,8
179,5.664025650485398,6.302547372487486,0.6385217220020882,8
180,5.808345957001355,4.598571663482141,-1.2097742935192137,8
181,5.394867843542948,4.812913356642856,-0.5819544869000923,8
182,4.749676786749965,3.562292864456474,-1.1873839222934905,8
183,5.86460354733474,6.806179973983888,0.9415764266491484,8
184,4.997661931391493,5.782472624166286,0.7848106927747933,8
185,5.4799219553223315,6.054957596012407,0.5750356406900758,8
186,5.107352743634196,6.15124723746237,1.0438944938281747,8
187,5.187796212001857,3.9036325160842376,-1.284163695917619,8
188,5.601668185897942,6.501059262217751,0.8993910763198096,8
189,5.2158079013336875,4.892762234615817,-0.3230456667178707,8
190,6.069444050959933,7.068185861746161,0.9987418107862283,8
191,4.714353066159274,3.4800069429571505,-1.2343461232021231,8
192,5.06077622554039,4.336459733848529,-0.7243164916918605,8
193,5.855843560528061,5.0,-0.8558435605280614,8
194,6.116474060296256,6.0,-0.11647406029625618,8
195,3.1681623383076367,5.445604203273597,2.2774418649659607,8
196,1.8150313205653181,1.7781512503836436,-0.036880070181674496,8
197,3.1114963129659112,2.400537989391946,-0.7109583235739652,8
198,4.800658136479677,3.653212513775344,-1.1474456227043328,8
199,4.500314167592236,5.0,0.49968583240776443,8
200,5.555076876145475,5.14921911265538,-0.4058577634900953,8
201,3.0610234190844006,4.101747073946366,1.0407236548619654,8
202,6.090545999957462,6.2552725051033065,0.1647265051458442,8
203,5.665862831193942,6.361727836017593,0.6958650048236512,8
204,6.19598697501807,6.421603926869831,0.22561695185176056,8
205,6.33162122731207,6.176091259055681,-0.15552996825638843,8
206,6.197742951683888,6.113943352306837,-0.08379959937705106,8
207,6.14284349848968,6.313867220369153,0.17102372187947346,8
208,6.283007160746405,6.544068044350276,0.2610608836038706,8
209,6.106384169532253,5.993876914941211,-0.11250725459104238,8
210,6.366310136450856,6.544068044350276,0.17775790789941937,8
211,5.892743954713609,6.187520720836463,0.29477676612285375,8
212,6.091785347045668,6.526985068559996,0.4351997215143273,8
213,6.122836060353335,6.1003705451175625,-0.02246551523577267,8
214,4.670222829291261,5.806179973983888,1.135957144692627,8
215,5.97321086032915,5.093421685162235,-0.8797891751669153,8
216,5.260414608319237,3.963787827345555,-1.2966267809736816,8
217,5.596203819491975,6.0751453270538525,0.4789415075618777,8
218,6.5144768283480055,7.146128035678238,0.6316512073302327,8
219,6.213826097931623,4.792391689498253,-1.4214344084333703,8
220,6.629454594178447,6.863322860120456,0.23386826594200905,8
221,6.0250963232037025,6.531478917042255,0.5063825938385529,8
222,6.1713175903927615,4.472024697700282,-1.6992928926924797,8
223,5.823477103596142,5.315970345456917,-0.5075067581392245,8
224,5.941977971225403,6.266114049531676,0.3241360783062728,8
225,6.039037357059108,6.109915863023793,0.07087850596468481,8
226,6.314342378861197,6.539076098792776,0.22473371993157887,8
227,6.415943157645865,6.342817314635733,-0.07312584301013203,8
228,3.1811354295529544,2.0791812460476247,-1.1019541835053297,8
229,5.635290095767362,5.202352067809752,-0.4329380279576105,8
230,6.247925835253223,6.409764104266346,0.16183826901312237,8
231,6.563643151081121,6.477121254719663,-0.08652189636145824,8
232,6.122836060353335,6.137926673293154,0.015090612939818726,8
233,6.122836060353335,6.45071087814692,0.3278748177935844,8
234,6.42188825988488,6.60422605308447,0.18233779319958998,8
235,6.180200147757195,6.187520720836463,0.007320573079267589,8
236,6.2514719119121835,6.518513939877887,0.26704202796570353,8
237,5.571834405940655,4.342422680822207,-1.2294117251184487,8
238,6.4591513896261015,5.651762447380111,-0.8073889422459901,8
239,6.234706884366573,6.301969226865995,0.06726234249942209,8
240,6.847578723924021,6.903089986991944,0.05551126306792309,8
241,6.297823340800993,6.587710965018911,0.28988762421791847,8
242,6.297823340800993,6.5843312243675305,0.28650788356653756,8
243,5.704512008217067,5.229425847920695,-0.47508616029637185,8
244,5.881073924541826,6.136720567156407,0.2556466426145807,8
245,6.023807661331051,6.531478917042255,0.5076712557112044,8
246,5.915165801921985,4.292256071356476,-1.6229097305655085,8
247,6.201193983834027,6.371067862271736,0.16987387843770918,8
248,5.927117639820934,6.305351369446623,0.37823372962568946,8
249,6.123233692440183,6.477121254719663,0.35388756227947926,8
250,6.399471860956248,6.894105511777515,0.4946336508212674,8
251,5.833134536226969,6.477121254719663,0.6439867184926937,8
252,5.873056243221335,6.530839778616521,0.6577835353951862,8
253,6.180200147757195,6.3979400086720375,0.21773986091484243,8
254,6.22569841745913,5.681241237375588,-0.5444571800835423,8
255,6.297823340800993,6.173186268412274,-0.1246370723887189,8
256,6.189716535811584,6.5910646070265,0.4013480712149162,8
257,6.426767112579449,7.074450718954592,0.6476836063751437,8
258,6.123158207580134,6.486487153065907,0.3633289454857733,8
259,6.294178564345833,6.505149978319906,0.21097141397407349,8
260,5.973719880947961,5.549003262025788,-0.42471661892217316,8
261,6.1837683814788145,6.190331698170292,0.006563316691477361,8
262,6.187259397161788,6.196728722623287,0.009469325461498812,8
263,6.3075589902034235,4.968482948553935,-1.3390760416494887,8
264,5.960962512627918,6.568201724066995,0.6072392114390768,8
265,6.277883928339641,4.913813852383717,-1.364070075955924,8
266,6.123233692440183,6.207580514765431,0.08434682232524793,8
267,6.180200147757195,6.225309281725863,0.045109133968668225,8
268,5.906779268840883,6.491361693834273,0.58458242499339,8
269,6.029569694863359,6.209515014542631,0.17994531967927152,8
270,6.122836060353335,6.230448921378274,0.10761286102493894,8
271,6.079783971619015,6.361727836017593,0.28194386439857766,8
272,6.11662010422839,5.089905111439398,-1.0267149927889916,8
273,6.105315932289916,6.426511261364575,0.32119532907465853,8
274,6.23767906854436,6.095029796648452,-0.14264927189590804,8
275,6.411502791192251,6.223080397831155,-0.18842239336109579,8
276,6.244999679631518,6.456366033129043,0.21136635349752453,8
277,5.823477103596142,6.3979400086720375,0.5744629050758956,8
278,5.916324740221757,5.603642280263075,-0.3126824599586824,8
279,5.92107422987105,6.342422680822207,0.4213484509511565,8
280,5.43939904877073,6.301029995663981,0.8616309468932508,8
281,5.705513592233413,6.505149978319906,0.799636386086493,8
282,5.829130947014809,6.176091259055681,0.3469603120408724,8
283,5.949886511622393,7.1003705451175625,1.1504840334951698,8
284,5.687750547457288,5.836197480778925,0.1484469333216376,8
285,5.584448397824626,6.054708787938054,0.47026039011342835,8
286,6.109429688057232,6.477121254719663,0.3676915666624305,8
287,5.915165801921985,6.32221929473392,0.4070534928119356,8
288,5.915165801921985,5.880813592280791,-0.034352209641193454,8
289,5.492753457048778,6.477121254719663,0.9843677976708847,8
290,5.74256173082164,4.6020599913279625,-1.1405017394936774,8
291,5.821174511130626,6.02530586526477,0.20413135413414452,8
292,5.3660742328708055,5.477121254719663,0.11104702184885706,8
293,5.915165801921985,6.812913356642856,0.8977475547208709,8
294,5.555223057614217,5.17897694729317,-0.3762461103210475,8
295,5.792382340532687,5.365487984890899,-0.4268943556417879,8
296,5.20067508319061,6.15839265038712,0.9577175671965099,8
297,5.567486472953189,4.477121254719663,-1.0903652182335266,8
298,5.9180057890330255,4.453624073591451,-1.4643817154415748,8
299,6.24500025730487,6.086359830674748,-0.15864042663012157,8
300,6.259257823157871,6.086359830674748,-0.1728979924831222,8
301,6.008350614195212,6.319314304090512,0.3109636898953001,8
302,6.088124137606507,6.477121254719663,0.38899711711315543,8
303,6.189716535811584,6.374198257929082,0.18448172211749814,8
304,5.973544979252471,6.3979400086720375,0.42439502941956686,8
305,5.3707364959112285,5.187520720836463,-0.18321577507476583,8
306,6.383353049151948,5.528916700277655,-0.8544363488742928,8
307,5.660687868390169,5.0,-0.6606878683901689,8
308,5.349247463205956,6.079181246047625,0.7299337828416688,8
309,5.854662417994258,4.814913181275074,-1.0397492367191843,8
310,5.666656374940585,5.08170727009735,-0.5849491048432354,8
311,5.841890203473192,6.342422680822207,0.5005324773490143,8
312,6.018909800543775,5.671172842715083,-0.3477369578286922,8
313,5.851831599696389,6.278753600952829,0.42692200125643964,8
314,5.74256173082164,6.284656282788515,0.5420945519668754,8
315,5.616277936989431,6.3560258571931225,0.7397479202036914,8
316,5.306890656887647,5.671172842715083,0.3642821858274363,8
317,6.141388537584844,6.477121254719663,0.33573271713481834,8
318,5.762261155554364,5.0,-0.7622611555543637,8
319,5.849009842141684,5.852174904420303,0.003165062278618791,8
320,5.5562659737711,5.3979400086720375,-0.1583259650990625,8
321,5.876034402853088,6.139879086401237,0.2638446835481485,8
322,6.151981347933978,6.273487409697184,0.12150606176320622,8
323,6.21876694564411,6.320623955053538,0.10185700940942777,8
324,5.890101808679073,6.6020599913279625,0.7119581826488899,8
325,6.244672701850448,6.337459261290656,0.0927865594402073,8
326,6.028820449724634,6.3979400086720375,0.36911955894740345,8
327,6.070944197377112,6.45484486000851,0.3839006626313983,8
328,6.35108860609407,8.146128035678238,1.7950394295841683,8
329,5.507601904355372,4.5820633629117085,-0.9255385414436637,8
330,5.820567560845503,6.272305844402086,0.4517382835565833,8
331,6.35108860609407,5.728256359248493,-0.6228322468455767,8
332,5.922633261152609,5.71717102683231,-0.20546223432029898,8
333,5.732856953795128,6.049218022670182,0.3163610688750538,8
334,5.343588964582036,6.396199347095736,1.0526103825137003,8
335,5.807490509158122,5.550228353055094,-0.25726215610302816,8
336,6.114328145556297,5.575072325713813,-0.5392558198424844,8
337,5.861383533303705,6.100025730107863,0.23864219680415744,8
338,6.491460551901608,6.489958479424835,-0.001502072476773364,8
339,6.10966183378264,6.3979400086720375,0.2882781748893972,8
340,5.863198825619406,6.3560258571931225,0.4928270315737162,8
341,5.354839346648913,4.705863712283919,-0.6489756343649944,8
342,5.734507946033343,4.833147111912785,-0.9013608341205579,8
343,5.974812650370825,6.182671386675478,0.20785873630465357,8
344,6.013320744287406,6.262023704606317,0.24870296031891126,8
345,5.702366238401699,6.408239965311849,0.7058737269101503,8
346,6.141680953636926,6.5910646070265,0.44938365338957453,8
347,6.133233082079037,5.876217840591642,-0.2570152414873945,8
348,5.309036956364458,6.1041455505540085,0.7951085941895508,8
349,6.145072725800676,4.630122642859312,-1.5149500829413647,8
350,5.898249554604963,6.5910646070265,0.6928150524215377,8
351,6.036313727238184,5.978180516937414,-0.058133210300770344,8
352,5.992734535050636,6.32221929473392,0.32948475968328417,8
353,6.06709526309482,6.100025730107863,0.03293046701304281,8
354,6.099478270088027,5.675778341674085,-0.4236999284139422,8
355,6.209524520547318,6.0,-0.20952452054731818,8
356,5.786930556198867,6.431363764158987,0.6444332079601196,8
357,6.318046317954971,6.1525940779274695,-0.16545224002750114,8
358,6.385838967289221,6.732393759822968,0.3465547925337473,8
359,5.398550239470745,4.491361693834273,-0.9071885456364717,8
360,5.09018064168998,4.77901897191487,-0.3111616697751103,8
361,5.498888858162013,6.556302500767287,1.0574136426052743,8
362,5.055114818397522,4.850033257689769,-0.20508156070775296,8
363,6.13324286243549,6.278753600952829,0.14551073851733864,8
364,5.7053788481228915,6.4623979978989565,0.757019149776065,8
365,5.92434958199074,6.399154333958217,0.4748047519674765,8
366,5.815584310561175,6.3979400086720375,0.5823556981108622,8
367,6.082391663744747,5.892094602690481,-0.1902970610542658,8
368,5.853885665970423,5.7160033436348,-0.13788232233562248,8
369,5.9805492143393595,6.696836730575163,0.7162875162358038,8
370,5.704512008217067,5.530481449815745,-0.17403055840132264,8
371,5.666656374940585,6.465828815357437,0.7991724404168519,8
372,5.6328030319205284,6.5910646070265,0.958261575105972,8
373,6.123233692440183,6.919078092376074,0.7958443999358904,8
374,6.207493746530962,6.380211241711606,0.1727174951806445,8
375,6.231064875837833,6.204119982655925,-0.02694489318190829,8
376,5.952602332732751,6.301029995663981,0.34842766293122995,8
377,5.764661695693183,6.073105874968971,0.3084441792757877,8
378,5.404988818106303,6.2552725051033065,0.8502836869970034,8
379,5.911032224850163,6.32221929473392,0.4111870698837574,8
380,6.036978891249703,5.866287339084195,-0.1706915521655077,8
381,5.960962512627918,6.318063334962762,0.35710082233484375,8
382,5.960962512627918,6.368100851709351,0.40713833908143293,8
383,5.891313803973899,6.378397900948138,0.4870840969742387,8
384,5.5149449755747435,6.326130956710794,0.8111859811360507,8
385,5.773216776991652,4.354108439147401,-1.4191083378442508,8
386,5.890101808679073,6.396722278503773,0.5066204698247008,8
387,5.744380337559854,5.619093330626742,-0.125287006933112,8
388,5.055114818397522,3.6989700043360174,-1.3561448140615044,8
389,5.583741472159931,5.766784515497859,0.18304304333792754,8
390,5.903421250080447,6.474755154291798,0.5713339042113512,8
391,5.986808357151315,5.643452676486188,-0.3433556806651268,8
392,6.006794971988447,6.453318340047038,0.4465233680585907,8
393,5.754409240066569,4.764176132390331,-0.9902331076762385,8
394,6.02106253693226,6.227115082589125,0.20605254565686515,8
395,6.277883928339641,6.039255443806487,-0.23862848453315344,8
396,5.836006641892678,6.079181246047625,0.24317460415494718,8
397,5.989215698076133,5.575072325713813,-0.4141433723623198,8
398,5.660988362583818,6.539076098792776,0.8780877362089585,8
399,5.709054730486587,6.008600171761918,0.2995454412753311,8
400,6.205995022313207,6.113943352306837,-0.09205167000637005,8
401,6.265884387069263,6.222456336679247,-0.043428050390015294,8
402,6.2468554274262305,5.276461804173244,-0.9703936232529866,8
403,6.314007428158593,6.301029995663981,-0.012977432494611918,8
404,5.460799430209533,5.275103949569196,-0.18569548064033636,8
405,6.14223342731417,6.884795363948981,0.7425619366348108,8
406,6.551111855267043,6.849419413796899,0.29830755852985646,8
407,6.458098317068137,6.7979596437371965,0.33986132666905977,8
408,6.494019632238216,6.517723594833735,0.0237039625955191,8
409,6.541233668044231,6.6349808000512285,0.0937471320069978,8
410,6.267992989810984,6.6452748593294935,0.3772818695185096,8
411,5.947181464685458,6.270678836144707,0.32349737145924884,8
412,6.36460675095296,6.024895960107485,-0.3397107908454746,8
413,6.372193655731835,7.385606273598312,1.0134126178664769,8
414,6.458098317068137,6.284453294010853,-0.1736450230572837,8
415,6.401703199976411,6.501059262217751,0.0993560622413403,8
416,6.191780836595446,6.501059262217751,0.30927842562230534,8
417,6.267992989810984,6.7160033436348,0.4480103538238165,8
418,6.2814274396790255,6.3979400086720375,0.11651256899301199,8
419,6.269201845742761,6.2716557723522754,0.0024539266095144896,8
420,5.57091916411695,6.269512944217916,0.6985937801009658,8
421,6.678515953964868,6.32221929473392,-0.35629665923094755,8
422,6.444938653661244,5.337459261290656,-1.1074793923705881,8
423,6.191132295131949,6.755874855672492,0.5647425605405436,8
424,6.191132295131949,6.596047007545439,0.40491471241349064,8
425,6.262477557713857,6.372912002970106,0.11043444525624935,8
426,6.225089629448467,4.484299839346786,-1.7407897901016813,8
427,6.263484205207542,6.227886704613674,-0.03559750059386779,8
428,6.136914988428981,6.477121254719663,0.3402062662906813,8
429,5.679311132677008,6.079181246047625,0.39987011337061684,8
430,6.313984717864919,6.3979400086720375,0.08395529080711839,8
431,5.303823727313966,4.742725131304698,-0.561098596009268,8
432,6.309710557036152,6.278753600952829,-0.030956956083323384,8
433,6.320191848325267,6.380211241711606,0.060019393386339104,8
434,6.286706868516227,6.43695733066945,0.15025046215322302,8
435,6.182958510366403,6.063145637106638,-0.11981287325976453,8
436,6.161995900560594,6.645324001562293,0.48332810100169876,8
437,6.12406379209158,5.373500477967874,-0.7505633141237062,8
438,5.802811368334996,5.283301228703549,-0.5195101396314463,8
439,5.4275492025071665,6.176091259055681,0.7485420565485148,8
440,5.9153696480393085,6.57978359661681,0.6644139485775016,8
441,6.048217251998328,5.845098040014257,-0.20311921198407124,8
442,5.648870341479909,5.62797998982998,-0.02089035164992925,8
443,5.956748331068808,6.146128035678238,0.1893797046094301,8
444,6.064175578963459,6.528736777724652,0.46456119876119306,8
445,6.25732019204743,6.32221929473392,0.06489910268649002,8
446,6.325535156214829,6.184691430817598,-0.14084372539723056,8
447,6.04322469190252,6.6020599913279625,0.5588352994254429,8
448,5.740362831229326,6.108226656374929,0.36786382514560323,8
449,5.9351736127547285,6.585460729508501,0.6502871167537725,8
450,5.919446612188754,6.271841606536499,0.3523949943477449,8
451,5.989481778775693,6.401572845676446,0.4120910669007527,8
452,4.869333825117817,3.724275869600789,-1.1450579555170277,8
453,5.675927545399298,6.176091259055681,0.5001637136563835,8
454,4.904025955036215,6.176091259055681,1.272065304019466,8
455,6.061233621496604,5.04688519083771,-1.0143484306588944,8
456,6.249255972340784,6.068185861746161,-0.1810701105946224,8
457,6.0642519062811875,6.181843587944773,0.11759168166358513,8
458,6.0659065457166,6.32221929473392,0.2563127490173205,8
459,6.077102674300078,6.855525212731306,0.7784225384312284,8
460,5.758927424889474,6.342422680822207,0.5834952559327329,8
461,6.2514719119121835,6.447158031342219,0.1956861194300359,8
462,6.2814274396790255,6.491361693834273,0.20993425415524758,8
463,5.868080332377416,6.32221929473392,0.4541389623565042,8
464,6.140949045270669,7.0,0.859050954729331,8
465,6.294165247428389,6.357934847000454,0.06376959957206463,8
466,6.27970403437729,6.309757882316366,0.03005384793907595,8
467,6.255099529286055,5.751510050270041,-0.5035894790160143,8
468,5.882012479185078,6.290034611362518,0.40802213217744043,8
469,6.065038427259879,6.057099097526547,-0.007939329733332556,8
470,6.215773355419575,6.186278103445368,-0.02949525197420666,8
471,6.252654640731069,6.477555332198981,0.22490069146791214,8
472,6.183104621051004,6.204119982655925,0.021015361604921345,8
473,5.801019431079447,6.089905111439398,0.2888856803599511,8
474,5.923040545688877,5.043755126968679,-0.8792854187201975,8
475,4.01820991485356,3.397940008672037,-0.6202699061815227,8
476,5.9691314886777205,6.491361693834273,0.5222302051565526,8
477,5.51895990972101,5.078094150406411,-0.44086575931459926,8
478,5.627061176697975,5.12057393120585,-0.5064872454921252,8
479,5.364956647150378,5.548757828573704,0.18380118142332602,8
480,5.2558499536952885,5.752048447819439,0.4961984941241502,8
481,5.100893275545592,5.698970004336019,0.598076728790427,8
482,5.229337115193689,5.008600171761918,-0.22073694343177142,8
483,5.69334219363515,6.0,0.30665780636484996,8
484,5.258876351136681,4.534026106056135,-0.7248502450805461,8
485,6.019966850922161,6.164352855784437,0.14438600486227582,8
486,6.093958268547531,6.552668216112194,0.458709947564663,8
487,5.521850925301177,6.423245873936808,0.9013949486356312,8
488,6.0472898589830395,6.079181246047625,0.03189138706458561,8
489,6.4148112045015955,6.9084850188786495,0.49367381437705404,8
490,6.313671525752796,6.079181246047625,-0.2344902797051711,8
491,6.313671525752796,6.657055852857104,0.34338432710430755,8
492,5.947658363250805,4.615097451301758,-1.332560911949047,8
493,6.582026797751486,6.962369335670021,0.38034253791853523,8
494,6.220322501217894,6.57978359661681,0.3594610953989159,8
495,6.096553080492364,5.959041392321094,-0.13751168817127013,8
496,5.998578073957307,6.079181246047625,0.08060317209031798,8
497,6.428234066926523,6.857332496431268,0.4290984295047453,8
498,5.831210036500299,5.950364854376123,0.11915481787582394,8
499,7.255070041094512,7.727541257028556,0.4724712159340445,8
500,6.698710272468094,7.176091259055681,0.47738098658758776,8
501,6.698710272468094,5.939758797292041,-0.7589514751760529,8
502,6.885140194227058,6.592176757395867,-0.2929634368311911,8
503,4.917180105745372,5.136720567156407,0.219540461411035,8
504,5.225736584912298,6.200303182981585,0.9745665980692877,8
505,5.329148581089702,5.892094602690481,0.5629460216007791,8
506,7.759497592043068,6.826074802700826,-0.9334227893422424,8
507,6.944108067436913,6.919078092376074,-0.02502997506083915,8
508,5.803319440146936,5.8750612633917,0.07174182324476419,8
509,5.252593651625504,5.176091259055681,-0.0765023925698225,8
510,2.334781961227858,2.7781512503836434,0.4433692891557852,8
511,5.808345957001355,6.079181246047625,0.2708352890462704,8
512,2.8847053701840744,3.0791812460476247,0.1944758758635503,8
513,5.631695454669848,6.283301228703549,0.6516057740337011,8
514,5.941970686794652,6.2878017299302265,0.34583104313557467,8
515,6.137930615700186,5.536937022704674,-0.6009935929955121,8
516,5.252593651625504,6.301029995663981,1.0484363440384774,8
517,6.1964837543415205,6.472902651803664,0.2764188974621433,8
518,5.237281438024414,5.0,-0.23728143802441437,8
519,5.657275743713041,6.033423755486949,0.37614801177390866,8
520,5.291030662122129,3.662757831681574,-1.628272830440555,8
521,5.224590841942193,6.260548372636979,1.0359575306947857,8
522,5.88068189233289,5.301029995663981,-0.579651896668909,8
523,5.382610068988135,5.4996870826184034,0.11707701363026857,8
524,5.206549480277813,5.295127085252191,0.08857760497437805,8
525,5.262923806050005,5.301029995663981,0.03810618961397605,8
526,5.178554891301542,3.911690158753861,-1.2668647325476812,8
527,5.923549704124405,6.324282455297693,0.40073275117328766,8
528,5.4919203915802,6.3670482644844935,0.8751278729042937,8
529,5.900323973018283,7.204119982655925,1.303796009637642,8
530,6.405313263727394,6.012837224705172,-0.39247603902222217,8
531,6.124048961087944,5.176091259055681,-0.9479577020322623,8
532,5.882309515989813,6.278982116865443,0.39667260087562983,8
533,5.783229471347963,6.17897694729317,0.3957474759452069,8
534,5.4260488924978345,4.329194415088451,-1.0968544774093836,8
535,6.124048961087944,6.002166061756507,-0.12188289933143626,8
536,6.585089874990897,6.489395921727129,-0.09569395326376728,8
537,5.246393902210773,5.0,-0.24639390221077306,8
538,5.005880844264353,5.0,-0.00588084426435298,8
539,5.438159249963131,4.698970004336019,-0.7391892456271121,8
540,5.390672150882591,5.294466226161593,-0.09620592472099787,8
541,5.482570181711329,5.477121254719663,-0.005448926991665992,8
542,6.025971206537521,6.1264561134318045,0.10048490689428391,8
543,5.7394716094041325,5.0,-0.7394716094041325,8
544,5.27599969023875,4.02816441942447,-1.2478352708142806,8
545,6.1964837543415205,7.079181246047625,0.8826974917061046,8
546,6.054906334384174,6.018650576891155,-0.03625575749301824,8
547,5.7394716094041325,7.049218022670182,1.3097464132660495,8
548,5.656886177999019,6.556302500767287,0.8994163227682677,8
549,6.120805285057203,7.176091259055681,1.0552859739984788,8
550,5.735856611752992,5.615539749308947,-0.12031686244404494,8
551,6.414452078908466,7.017450729510536,0.6029986506020695,8
552,5.4201738767777226,3.838849090737255,-1.5813247860404673,8
553,6.112512568613553,7.079181246047625,0.9666686774340718,8
554,5.20416438551694,5.181843587944773,-0.022320797572167095,8
555,5.437771461946209,5.181843587944773,-0.25592787400143635,8
556,4.864254672781401,4.340444114840119,-0.5238105579412817,8
557,4.073398974996946,3.403120521175818,-0.6702784538211284,8
558,5.377143534457113,4.991226075692495,-0.38591745876461747,8
559,5.887917421935341,6.342422680822207,0.4545052588868659,8
560,5.788370727523586,5.447158031342219,-0.3412126961813664,8
561,6.174200107155162,6.741151598851785,0.5669514916966234,8
562,5.695067791412521,6.350248018334163,0.655180226921642,8
563,6.082192871217397,6.361727836017593,0.27953496480019613,8
564,5.660200201736603,4.176091259055681,-1.4841089426809217,8
565,5.237329357552718,5.507855871695831,0.27052651414311324,8
566,6.2159509101316575,6.732393759822968,0.5164428496913107,8
567,5.7394716094041325,4.130333768495007,-1.609137840909125,8
568,6.070928638519031,6.290034611362518,0.21910597284348743,8
569,5.709163856220948,6.204119982655925,0.49495612643497733,8
570,6.0185849101913265,6.954242509439325,0.9356575992479987,8
571,5.86460354733474,6.698970004336019,0.8343664570012788,8
572,6.123233692440183,6.4623979978989565,0.3391643054587732,8
573,6.191132295131949,6.698970004336019,0.50783770920407,8
574,5.680667365113421,6.334453751150931,0.6537863860375097,8
575,5.64456475610991,5.045322978786658,-0.5992417773232521,8
576,6.570035957974974,6.544068044350276,-0.02596791362469819,8
577,6.096553080492364,6.6020599913279625,0.5055069108355985,8
578,6.1964837543415205,6.942504106168081,0.7460203518265605,8
579,5.7394716094041325,7.079181246047625,1.3397096366434926,8
580,6.082192871217397,6.838723190031372,0.7565303188139749,8
581,5.7394716094041325,6.365487984890899,0.6260163754867669,8
582,5.7394716094041325,4.880813592280791,-0.8586580171233411,8
583,6.0733668312396,4.752355804153501,-1.321011027086099,8
584,5.751312384626987,6.823545953567112,1.072233568940125,8
585,5.656886177999019,6.12057393120585,0.4636877532068304,8
586,5.328991658733078,6.0,0.6710083412669219,8
587,6.097380959966787,6.119317224092021,0.021936264125233862,8
588,6.070163569934472,5.903089986991944,-0.16707358294252828,8
589,6.229771858902447,6.69284691927723,0.4630750603747824,8
590,6.414452078908466,6.672097857935717,0.25764577902725083,8
591,5.646872377503892,6.980911937776844,1.3340395602729513,8
592,5.602373852923274,7.1003705451175625,1.4979966921942882,8
593,6.981939620439997,7.176091259055681,0.19415163861568452,8
594,5.419136984408312,6.612783856719736,1.1936468723114242,8
595,6.112808453674441,6.886490725172482,0.7736822714980409,8
596,6.199840457344158,6.812913356642856,0.6130728992986976,8
597,5.882254044101892,6.161368002234975,0.2791139581330837,8
598,6.000987390250622,7.041392685158225,1.040405294907603,8
599,6.112512568613553,6.861534410859038,0.7490218422454848,8
600,5.7394716094041325,4.740362689494244,-0.9991089199098884,8
601,4.8378507951060685,4.698970004336019,-0.13888079077004978,8
602,5.74841321519312,6.113943352306837,0.3655301371137165,8
603,5.22753955970781,5.7160033436348,0.4884637839269903,8
604,6.122836060353335,6.431363764158987,0.30852770380565175,8
605,6.123233692440183,6.414973347970818,0.29173965553063486,8
606,6.079783971619015,6.146128035678238,0.06634406405922277,8
607,5.687750547457288,6.531478917042255,0.8437283695849676,8
608,5.764661695693183,5.447158031342219,-0.3175036643509639,8
609,5.918360661419813,6.361727836017593,0.4433671745977801,8
610,5.313708706036992,4.778151250383644,-0.5355574556533478,8
611,5.272381613643846,4.31722734917642,-0.955154264467426,8
612,6.083768453853526,6.079181246047625,-0.004587207805901272,8
613,5.546646953461627,5.954242509439325,0.40759555597769825,8
614,5.186305055793888,5.484769477716173,0.2984644219222856,8
615,5.802420450062297,6.045322978786658,0.24290252872436024,8
616,4.782407434620036,4.1476763242410986,-0.6347311103789375,8
617,5.87197718114401,6.3979400086720375,0.5259628275280273,8
618,5.853791067692758,6.556302500767287,0.7025114330745286,8
619,6.0678520817687325,6.079181246047625,0.011329164278892634,8
620,5.218509254348346,6.079181246047625,0.8606719916992791,8
621,5.943521190804647,6.079181246047625,0.13566005524297786,8
622,5.671186259339753,5.775464809345739,0.1042785500059864,8
623,6.00479333292508,5.444825199509748,-0.5599681334153317,8
624,5.979666257809966,6.301897717195208,0.3222314593852422,8
625,5.845706694493818,6.0,0.15429330550618214,8
626,6.126213309719207,5.949877704036875,-0.17633560568233175,8
627,6.288046280310524,6.0,-0.2880462803105237,8
628,5.98555258936337,6.161368002234975,0.1758154128716054,8
629,6.033396262862456,5.049218022670182,-0.9841782401922741,8
630,5.931656343175391,6.011993114659257,0.08033677148386609,8
631,5.849643406111475,6.315970345456917,0.4663269393454428,8
632,6.410410650768854,6.301029995663981,-0.10938065510487238,8
633,5.283491136424362,6.079181246047625,0.7956901096232629,8
634,6.11662010422839,6.544068044350276,0.427447940121886,8
635,6.419764570029043,6.176091259055681,-0.24367331097336198,8
636,6.2289951276290685,6.342422680822207,0.11342755319313813,8
637,6.225089629448467,6.57978359661681,0.3546939671683429,8
638,6.1891074091382166,6.313593064521326,0.12448565538310952,8
639,6.20730898981287,6.079181246047625,-0.12812774376524505,8
640,6.104717565062413,5.623249290397901,-0.48146827466451203,8
641,6.1556302078508445,6.033423755486949,-0.12220645236389505,8
642,6.051921565051352,6.6020599913279625,0.5501384262766109,8
643,5.497783469796542,6.36005731412298,0.8622738443264382,8
644,6.0733668312396,6.26142703676955,0.1880602055299505,8
645,6.155172684330176,6.124634624019139,-0.030538060311037007,8
646,6.0733668312396,6.363611979892144,0.29024514865254414,8
647,6.141727518000425,5.707570176097937,-0.43415734190248845,8
648,6.126311737213471,6.32221929473392,0.19590755752044942,8
649,6.0529178253842435,6.600972895686748,0.5480550703025049,8
650,6.0875936127961925,5.9954289654317074,-0.09216464736448504,8
651,6.0678520817687325,6.193124598354461,0.1252725165857287,8
652,6.137004402891084,5.45075702813707,-0.6862473747540143,8
653,6.126311737213471,6.283301228703549,0.15698949149007824,8
654,5.961736413401369,4.380211241711606,-1.581525171689763,8
655,6.26403738167713,6.230448921378274,-0.03358846029885587,8
656,6.002658048547025,6.278753600952829,0.2760955524058035,8
657,5.495138569356526,5.599883072073688,0.1047445027171614,8
658,5.04904100658629,4.153204900084284,-0.8958361065020055,8
659,6.36047813195309,7.498310553789601,1.137832421836511,8
660,5.643934271039506,4.963787827345556,-0.6801464436939506,8
661,5.768604304594604,6.220108088040055,0.4515037834454514,8
662,6.0739185383412835,7.4954055631461936,1.42148702480491,8
663,5.947550297447317,6.096910013008056,0.14935971556073913,8
664,6.095835209820523,5.149834696715785,-0.946000513104738,8
665,5.932095715087482,6.0,0.06790428491251799,8
666,5.981149863207316,5.939808685806208,-0.0413411774011081,8
667,6.0716690049708895,5.888179493918325,-0.1834895110525645,8
668,6.239481479297733,6.060697840353612,-0.17878363894412086,8
669,5.963138071996377,5.814394112097142,-0.1487439598992344,8
670,6.061615905800141,6.060932673519882,-0.0006832322802594604,8
671,5.98425046479023,6.167317334748176,0.18306686995794585,8
672,6.314735948958056,6.298853076409706,-0.015882872548349525,8
673,5.636939930299148,5.663700925389648,0.026760995090500117,8
674,5.636031894806967,6.004321373782642,0.368289478975675,8
675,5.845706694493818,6.222716471147583,0.37700977665376545,8
676,5.894724104039574,6.079181246047625,0.18445714200805075,8
677,5.574741529235134,5.786751422145561,0.2120098929104266,8
678,5.740220364381028,6.176091259055681,0.435870894674653,8
679,5.629303826656495,6.079181246047625,0.4498774193911297,8
680,5.921518406244771,5.995196291597179,0.07367788535240827,8
681,5.827597395076059,6.079181246047625,0.2515838509715662,8
682,5.783450080867748,6.0,0.21654991913225174,8
683,5.828109193577193,6.015359755409214,0.1872505618320215,8
684,5.729264564433161,5.5301996982030825,-0.19906486623007869,8
685,5.866581962970465,6.0,0.1334180370295348,8
686,5.899741252441463,6.330413773349191,0.430672520907728,8
687,6.034642352760033,5.607455023214668,-0.4271873295453643,8
688,6.055185599944834,6.103461622094705,0.04827602214987081,8
689,6.006712411119305,6.024731889655249,0.01801947853594399,8
690,6.003831489234547,5.824054205231849,-0.17977728400269832,8
691,5.618365385067025,6.301029995663981,0.682664610596956,8
692,6.119554622760638,6.977723605288848,0.85816898252821,8
693,5.955341608909568,6.0,0.044658391090432126,8
694,6.030896261519921,4.103803720955957,-1.9270925405639634,8
695,6.0712746695576945,6.720572720364261,0.6492980508065669,8
696,5.997780119676047,6.103803720955957,0.10602360127990984,8
697,6.1517842356993615,6.0,-0.1517842356993615,8
698,5.898992320468547,5.342422680822207,-0.55656963964634,8
699,5.804192360817879,6.079181246047625,0.27498888522974596,8
700,5.9076893567307485,6.278753600952829,0.3710642442220804,8
701,5.999619693124405,6.414973347970818,0.4153536548464132,8
702,5.929827233339175,6.377124042346456,0.4472968090072813,8
703,6.0733668312396,5.93801909747621,-0.13534773376338993,8
704,5.701922080151611,6.0,0.2980779198483887,8
705,5.945568002090492,6.332236415491443,0.38666841340095104,8
706,5.882667029381465,6.176091259055681,0.29342422967421644,8
707,5.822540941203406,6.165244326125311,0.3427033849219052,8
708,7.0348057815750105,6.969415912353981,-0.06538986922102907,8
709,6.027317130585578,6.447158031342219,0.4198409007566415,8
710,6.0475878910799326,6.72916478969277,0.6815768986128372,8
711,6.441685022908172,6.3979400086720375,-0.043745014236134416,8
712,6.336664950510548,4.778151250383644,-1.5585137001269045,8
713,6.256519752634974,6.380211241711606,0.12369148907663252,8
714,5.982304967662764,6.3979400086720375,0.4156350410092733,8
715,5.347764036668498,3.556302500767288,-1.79146153590121,8
716,6.0681502902157405,6.187520720836463,0.11937043062072217,8
717,5.236751449314929,6.176091259055681,0.9393398097407522,8
718,5.68452873869817,4.770852011642144,-0.9136767270560266,8
719,6.0537142983746,6.3979400086720375,0.34422571029743754,8
720,5.735958615199251,6.419955748489758,0.6839971332905073,8
721,6.024517520313223,6.819543935541868,0.7950264152286453,8
722,5.962976468730403,5.128399268717806,-0.834577200012597,8
723,5.7866921501552975,4.948070481518941,-0.8386216686363568,8
724,5.3935553974119115,6.4679039465228,1.0743485491108888,8
725,6.245316569114704,6.284656282788515,0.039339713673811616,8
726,5.429199830864241,4.858537197569639,-0.5706626332946021,8
727,5.288488828034462,5.230448921378274,-0.0580399066561883,8
728,5.288240571357766,4.728028954420519,-0.5602116169372469,8
729,5.599441028367269,4.0,-1.599441028367269,8
730,5.92107422987105,6.049218022670182,0.1281437927991318,8
731,5.751312384626987,4.826074802700826,-0.9252375819261607,8
732,4.619038034714246,5.760422483423212,1.1413844487089655,8
733,4.3406357426988835,4.041392685158225,-0.29924305754065816,8
734,5.449976547620776,5.00987563371216,-0.4401009139086156,8
735,5.671341855727168,5.02938377768521,-0.6419580780419585,8
736,5.18896108978825,5.544811911757776,0.35585082196952644,8
737,5.15675641503191,5.041392685158225,-0.11536372987368448,8
738,5.195143997374994,5.61066016308988,0.4155161657148856,8
739,4.682956028073966,5.045322978786658,0.3623669507126914,8
740,4.869333825117817,4.0178677189635055,-0.8514661061543114,8
741,4.993786012990722,5.96189547366785,0.9681094606771277,8
742,3.9575045132274553,4.022428371185487,0.06492385795803202,8
743,5.387150701791473,4.468347330412158,-0.9188033713793153,8
744,5.84248691229218,5.748188027006201,-0.09429888528597896,8
745,4.997661931391493,4.389095173354185,-0.6085667580373073,8
746,5.687750547457288,5.781036938621132,0.0932863911638444,8
747,4.869333825117817,4.0,-0.8693338251178169,8
748,5.802808626967015,4.812913356642856,-0.9898952703241592,8
749,5.364956647150378,5.68930885912362,0.3243522119732418,8
750,5.478015052604634,5.189209489582306,-0.2888055630223274,8
751,5.291030662122129,4.049218022670182,-1.2418126394519469,8
752,5.437771461946209,6.763427993562937,1.325656531616728,8
753,5.656886177999019,3.832508912706236,-1.824377265292783,8
754,4.619038034714246,3.4771212547196626,-1.1419167799945837,8
755,4.869333825117817,5.285557309007774,0.416223483889957,8
756,5.482284254290341,6.2552725051033065,0.7729882508129657,8
757,5.321828201701762,6.079181246047625,0.7573530443458631,8
758,4.4563812811273555,4.4048337166199385,-0.05154756450741704,8
759,5.878312562462946,4.79982283099332,-1.0784897314696256,8
760,5.435463921125996,6.698970004336019,1.2635060832100224,8
761,5.073218429228508,3.494154594018443,-1.5790638352100648,8
762,5.570218651092568,6.079181246047625,0.5089625949550571,8
763,5.70205174524674,4.017033339298781,-1.6850184059479592,8
764,5.009284009522092,4.544068044350276,-0.46521596517181596,8
765,4.859603688174668,3.342422680822206,-1.517181007352462,8
766,3.257653515286359,4.1027766148834415,0.8451230995970826,8
767,4.979268196399894,3.9190780923760737,-1.0601901040238202,8
768,5.377980098619704,6.0,0.6220199013802956,8
769,5.321828201701762,5.7363965022766426,0.4145683005748806,8
770,5.5555563628359765,4.445604203273597,-1.1099521595623791,8
771,5.195557804345575,5.064457989226918,-0.13109981511865687,8
772,5.592459487762565,7.176091259055681,1.583631771293116,8
773,5.78915505843749,6.041392685158225,0.2522376267207358,8
774,6.04149442489462,5.541579243946581,-0.49991518094803933,8
775,4.915621879775817,4.994317152669637,0.07869527289381928,8
776,5.662689977361368,5.079181246047625,-0.583508731313743,8
777,4.831559347764251,4.54282542695918,-0.288733920805071,8
778,5.6538423447952875,6.477121254719663,0.8232789099243751,8
779,5.482127413497072,5.571708831808688,0.08958141831161548,8
780,5.799370589452663,6.633468455579586,0.8340978661269229,8
781,6.150416236615677,6.363047594521094,0.21263135790541643,8
782,4.904025955036215,4.212187604403958,-0.6918383506322572,8
783,4.844719886815819,6.079181246047625,1.2344613592318057,8
784,4.748790640074909,5.073791642808014,0.3250010027331047,8
785,5.568534447916787,4.704853744566289,-0.8636807033504983,8
786,5.2402019504850825,5.518513939877887,0.27831198939280455,8
787,4.748790640074909,4.953663063747091,0.20487242367218172,8
788,5.4502213223497735,4.792391689498253,-0.657829632851521,8
789,5.058409400460758,4.117271295655764,-0.9411381048049936,8
790,5.495886403087563,6.3979400086720375,0.9020536055844746,8
791,4.778980223047806,4.568201724066995,-0.2107784989808108,8
792,5.369594880951291,5.089905111439398,-0.2796897695118927,8
793,4.96636456765568,4.683947130751513,-0.28241743690416765,8
794,5.390754711570797,5.903089986991944,0.5123352754211465,8
795,4.874063748921665,5.390122251506701,0.5160585025850359,8
796,5.448652014934942,5.477121254719663,0.02846923978472038,8
797,6.313984717864919,6.4623979978989565,0.14841328003403742,8
798,5.59030333078261,4.76789761601809,-0.8224057147645194,8
799,4.218640303512711,4.743509764728429,0.5248694612157179,8
800,3.9261725056260413,4.643452676486188,0.7172801708601466,8
801,5.112714159241066,5.811709026696192,0.6989948674551263,8
802,4.923704373103343,4.887054378050957,-0.036649995052385975,8
803,4.580061214060735,3.857332496431269,-0.7227287176294661,8
804,3.3698149643666166,3.792391689498254,0.42257672513163724,8
805,4.344263253523308,3.763427993562937,-0.580835259960371,8
806,3.994040855891568,3.544068044350276,-0.44997281154129176,8
807,4.273883089874491,3.9242792860618816,-0.349603803812609,8
808,5.621989382811415,6.3979400086720375,0.7759506258606228,8
809,3.8994343568864904,4.382017042574868,0.4825826856883779,8
810,5.502718905810769,5.658011396657113,0.15529249084634333,8
811,5.092441519744626,3.8790958795000727,-1.2133456402445533,8
812,5.04904100658629,6.079181246047625,1.0301402394613355,8
813,4.4563812811273555,4.495544337546448,0.03916305641909279,8
814,4.218640303512711,6.102135154272175,1.8834948507594644,8
815,4.218640303512711,5.176091259055681,0.9574509555429707,8
816,5.603695690024671,6.049218022670182,0.44552233264551067,8
817,4.444509274758253,4.303196057420489,-0.14131321733776403,8
818,4.15896726931005,3.6989700043360174,-0.4599972649740329,8
819,5.124737745711543,4.817565369559781,-0.30717237615176174,8
820,4.615178245151824,5.505149978319906,0.8899717331680819,8
821,4.476811189547505,4.3979400086720375,-0.07887118087546785,8
822,4.842281855840869,4.721810615212546,-0.12047124062832282,8
823,4.08457609691068,4.505149978319906,0.4205738814092266,8
824,4.30557931282287,4.5910646070265,0.2854852942036308,8
825,5.165337595657308,4.8221680793680175,-0.34316951628929093,8
826,5.328991658733078,3.230448921378274,-2.098542737354804,8
827,4.339906601756385,2.6020599913279625,-1.7378466104284227,8
828,4.044098166669938,3.008600171761917,-1.0354979949080212,8
829,5.826268589289854,5.949390006644912,0.12312141735505833,8
830,5.272325820971193,6.778151250383644,1.5058254294124511,8
831,6.267343247168024,7.0,0.7326567528319758,8
832,5.096736183161082,5.176091259055681,0.07935507589459956,8
833,6.133504620830069,6.170555058521209,0.03705043769113914,8
834,5.941251506603307,6.146128035678238,0.20487652907493104,8
835,6.278824284219604,5.982271233039568,-0.2965530511800356,8
836,5.878312562462946,6.209246848753374,0.33093428629042787,8
837,6.524290944932111,5.750045312011768,-0.7742456329203433,8
838,6.24500025730487,6.419129307741976,0.1741290504371058,8
839,6.4584931628032525,6.380211241711606,-0.07828192109164611,8
840,6.123935272149619,6.505149978319906,0.3812147061702875,8
841,6.00567079730335,6.204119982655925,0.19844918535257516,8
842,5.878312562462946,4.939019776448666,-0.9392927860142795,8
843,5.924676040015553,4.79309160017658,-1.1315844398389734,8
844,5.603695690024671,6.32221929473392,0.7185236047092491,8
845,6.297896010823791,6.366982975977851,0.06908696515405932,8
846,6.0248774614617,6.176091259055681,0.15121379759398135,8
847,5.922467574312779,6.535863520712453,0.6133959463996739,8
848,5.782601249213979,5.924279286061882,0.14167803684790314,8
849,5.941881216437207,6.062205808819713,0.12032459238250581,8
850,6.3372626101317335,6.0,-0.33726261013173353,8
851,6.153504949310582,6.12057393120585,-0.032931018104732424,8
852,5.347527807521082,4.66661156841903,-0.6809162391020527,8
853,6.18920522845666,7.0178677189635055,0.8286624905068454,8
854,5.938279923816737,6.079181246047625,0.1409013222308877,8
855,6.16553998028467,6.567144045195657,0.40160406491098666,8
856,6.115487870619002,5.414973347970818,-0.7005145226481835,8
857,6.210487368149755,6.021189299069938,-0.1892980690798165,8
858,5.897339235028297,6.517195897949974,0.6198566629216771,8
859,5.98365192112739,5.934498451243568,-0.049153469883822076,8
860,5.794573097855774,6.32221929473392,0.5276461968781465,8
861,6.364713624858153,6.301029995663981,-0.06368362919417159,8
862,5.229411049448999,6.531478917042255,1.302067867593256,8
863,6.098012130878799,6.003115717099806,-0.09489641377899272,8
864,5.573866403823102,6.3979400086720375,0.8240736048489357,8
865,3.831816369289395,3.9242792860618816,0.09246291677248664,8
866,5.0729540427413715,4.597826770377936,-0.47512727236343544,8
867,4.580088340246395,3.42845877351558,-1.1516295667308154,8
868,6.255099529286055,6.898664858722267,0.6435653294362114,8
869,5.36917132796204,5.44178936653435,0.07261803857231008,8
870,5.998578073957307,4.530839778616521,-1.4677382953407863,8
871,5.8788832418420975,6.607455023214668,0.7285717813725707,8
872,5.88068189233289,4.440909082065217,-1.439772810267673,8
873,6.054906334384174,5.596597095626461,-0.458309238757713,8
874,5.193907320754045,4.275080898456858,-0.9188264222971867,8
875,5.382610068988135,5.110589710299249,-0.2720203586888861,8
876,6.165476073494092,5.041392685158225,-1.1240833883358663,8
877,6.097380959966787,7.0,0.9026190400332128,8
878,5.9386313544231415,7.602059991327962,1.6634286369048201,8
879,5.584480734543547,5.653212513775344,0.06873177923179696,8
880,5.435463921125996,5.0,-0.4354639211259963,8
881,5.229411049448999,4.661812685537261,-0.5675983639117383,8
882,6.070341685413709,6.7160033436348,0.6456616582210915,8
883,6.3404919390187136,6.939519252618618,0.5990273135999047,8
884,5.153021147847851,4.249027052547187,-0.9039940953006642,8
885,3.0279950927271067,1.6334684555795864,-1.3945266371475202,8
886,5.801725967103134,4.008600171761918,-1.7931257953412159,8
887,5.744171198592812,5.400710636773232,-0.3434605618195805,8
888,5.778525046670031,6.078819183098848,0.30029413642881764,8
889,5.876284918604837,4.736149402104994,-1.1401355164998428,8
890,5.545568948600616,6.0,0.4544310513993839,8
891,5.021760216084297,4.821840927200454,-0.19991928888384258,8
892,5.340668604914778,5.648360010980932,0.3076914060661542,8
893,6.178974053365649,6.3979400086720375,0.21896595530638852,8
894,6.2095601766671304,7.217483944213907,1.0079237675467763,8
895,5.886695658703694,5.050147658020303,-0.8365480006833907,8
896,6.770133219542582,7.544068044350276,0.7739348248076938,8
897,4.9444762919530625,6.079181246047625,1.1347049540945626,8
898,5.419385322383863,6.146128035678238,0.7267427132943753,8
899,5.565183463072006,5.534026106056135,-0.031157357015870524,8
900,6.081660064358072,7.434568904034199,1.352908839676127,8
901,5.323998828369622,5.826074802700826,0.5020759743312038,8
902,5.686684758893157,6.401400540781544,0.7147157818883869,8
903,5.277748887205186,6.079181246047625,0.8014323588424395,8
904,5.248503284858418,4.124504224834283,-1.1239990600241354,8
905,5.45336723595674,3.5575072019056577,-1.8958600340510818,8
906,3.310042195431597,2.9542425094393248,-0.3557996859922721,8
907,3.925475512679804,3.942008053022313,0.016532540342509172,8
908,6.530624261947041,6.621974524899735,0.09135026295269366,8
909,6.230838666044895,5.423360578084977,-0.8074780879599182,8
910,5.586417346707033,6.0,0.4135826532929672,8
911,6.16072710124807,6.146128035678238,-0.014599065569831815,8
912,6.204285237684576,6.161846959528519,-0.04243827815605705,8
913,2.9359558015598064,3.103803720955957,0.1678479193961504,8
914,6.499480073040859,7.244277120801843,0.7447970477609838,8
915,6.286433351366363,7.08278537031645,0.7963520189500866,8
916,5.995317669153189,6.778151250383644,0.782833581230455,8
917,6.499480073040859,7.57978359661681,1.0803035235759513,8
918,5.99749662236979,5.27415784926368,-0.7233387731061107,8
919,5.167923300470755,5.342422680822207,0.17449938035145163,8
920,5.376647610123885,5.826074802700826,0.4494271925769411,8
921,5.381227088261542,4.359835482339888,-1.0213916059216537,8
922,6.484353558132402,6.763427993562937,0.2790744354305348,8
923,5.746406064263177,5.832508912706237,0.08610284844305927,8
924,5.009284009522092,3.871164132802949,-1.1381198767191427,8
925,5.174027826406015,5.426023015689876,0.25199518928386055,8
926,7.729893147210871,8.229681842317676,0.49978869510680557,8
927,7.729893147210871,8.229681842317676,0.49978869510680557,8
928,7.329616047856051,8.414973347970818,1.085357300114767,8
929,4.550348890574634,4.515343893088381,-0.03500499748625341,8
930,1.916539422018919,1.6989700043360187,-0.21756941768290017,8
931,4.500314167592236,4.431363764158987,-0.06895040343324865,8
932,5.262923806050005,5.406540180433956,0.14361637438395114,8
933,5.871043270295812,6.400365273349939,0.5293220030541272,8
934,5.602373852923274,6.301029995663981,0.698656142740707,8
935,5.154309748949492,3.845098040014257,-1.3092117089352353,8
936,4.550348890574634,4.845098040014257,0.2947491494396228,8
937,5.208634878266557,6.707570176097937,1.4989352978313795,8
938,4.935687038282644,6.386677283960838,1.4509902456781933,8
939,5.77205097406688,5.664641975556125,-0.10740899851075447,8
940,5.705602859845874,4.342225229360791,-1.3633776304850835,8
941,4.905087250703839,5.672097857935717,0.7670106072318781,8
942,3.0355018917609313,3.083502619830268,0.04800072806933686,8
943,3.883794919673177,3.3014640731433,-0.5823308465298771,8
944,6.132155278982099,5.987634987448437,-0.14452029153366208,8
945,6.257827117409394,6.506505032404872,0.2486779149954783,8
946,6.04207322069149,6.068185861746161,0.026112641054671037,8
947,5.717333437566219,5.509202522331103,-0.20813091523511584,8
948,5.9543089436663665,5.673020907128897,-0.2812880365374699,8
949,5.953988622751353,5.892094602690481,-0.061894020060872634,8
950,5.945908010954295,5.673020907128897,-0.2728871038253988,8
951,6.088807137337997,6.207095540419218,0.11828840308122057,8
952,5.112547096475558,4.176091259055681,-0.936455837419877,8
953,5.822996209085272,5.146128035678238,-0.6768681734070334,8
954,5.851831599696389,6.533517862016968,0.6816862623205786,8
955,5.221747266227339,4.4623979978989565,-0.7593492683283829,8
956,5.923549704124405,5.0,-0.9235497041244054,8
957,5.419136984408312,5.238522812218293,-0.18061417219001896,8
958,5.419136984408312,5.639486489268586,0.22034950486027416,8
959,5.768604304594604,5.672097857935717,-0.09650644665888652,8
960,5.959031352680382,6.176091259055681,0.21705990637529915,8
961,5.449976547620776,5.774838005983815,0.32486145836303937,8
962,5.377980098619704,4.681241237375588,-0.6967388612441168,8
963,5.744171198592812,6.835500327867319,1.0913291292745066,8
964,4.839013492904761,3.633468455579586,-1.2055450373251748,8
965,5.112547096475558,6.278753600952829,1.1662065044772705,8
966,5.112547096475558,3.819872821950546,-1.2926742745250124,8
967,5.779191271858337,6.32221929473392,0.5430280228755837,8
968,5.642226583618223,3.886490725172482,-1.7557358584457412,8
969,5.091553816462596,5.797267540830717,0.7057137243681204,8
970,5.576360706298357,5.371067862271736,-0.20529284402662107,8
971,5.649920668014974,4.872738827472669,-0.7771818405423048,8
972,5.918177904309718,7.332438459915605,1.4142605556058871,8
973,4.049524765052951,3.096910013008056,-0.9526147520448949,8
974,6.112808453674441,5.146128035678238,-0.9666804179962032,8
975,6.0739185383412835,7.4271224218663345,1.353203883525051,8
976,5.545568948600616,5.0,-0.5455689486006161,8
977,6.3456843087933335,7.860936620700094,1.5152523119067602,8
978,5.611051373866586,5.174931593528442,-0.436119780338144,8
979,6.597305455940888,8.09642333059527,1.4991178746543818,8
980,6.044403761617166,6.021189299069938,-0.023214462547227477,8
981,5.443955607552621,5.346352974450639,-0.09760263310198258,8
982,5.906066211203635,5.149527013754348,-0.7565391974492872,8
983,5.265518899818262,5.2552725051033065,-0.010246394714955365,8
984,5.576829234312036,6.176091259055681,0.5992620247436458,8
985,4.483520219676976,5.301029995663981,0.8175097759870056,8
986,2.4747528854911502,2.6989700043360187,0.2242171188448685,8
987,3.818447547775212,2.615529223637133,-1.202918324138079,8
988,3.9578066824566287,2.650501794878367,-1.3073048875782618,8
989,4.132912918208764,2.630427875025024,-1.5024850431837402,8
990,4.454929566198264,3.556302500767288,-0.898627065430976,8
991,2.4747528854911502,2.9912260756924947,0.5164731902013444,8
992,3.83618402414963,2.9474337218870508,-0.8887503022625793,8
993,3.859519434207229,3.4885507165004443,-0.37096871770678463,8
994,4.220361936088248,3.510545010206612,-0.7098169258816363,8
995,3.659631542924764,2.419955748489758,-1.2396757944350059,8
996,5.257629110783646,5.278753600952829,0.02112449016918294,8
997,5.947550297447317,6.004321373782642,0.05677107633532508,8
998,5.340668604914778,6.176091259055681,0.8354226541409036,8
999,4.972886102259,5.008600171761918,0.03571406950291767,8
1000,5.943604423078423,5.819543935541868,-0.1240604875365543,8
1001,5.776572244607157,5.600972895686748,-0.17559934892040818,8
1002,2.756114648812682,2.886490725172482,0.13037607635979986,8
1003,6.316514610109469,6.3979400086720375,0.08142539856256814,8
1004,5.900323973018283,6.3979400086720375,0.49761603565375445,8
1005,6.095835209820523,5.286613631657004,-0.8092215781635188,8
1006,5.997780581810546,6.079181246047625,0.08140066423707903,8
1007,4.800658136479677,3.886490725172482,-0.9141674113071949,8
1008,5.592459487762565,5.698970004336019,0.10651051657345345,8
1009,5.80261985249116,5.704150516839799,-0.09846933565136151,8
1010,6.3503230073983765,5.260071387985075,-1.0902516194133014,8
1011,6.431420401301604,5.738066714777469,-0.6933536865241345,8
1012,5.3579250455595036,4.477121254719663,-0.880803790839841,8
1013,6.018797223785267,6.278753600952829,0.2599563771675619,8
1014,6.31572118223499,6.365487984890899,0.049766802655909714,8
1015,6.203682416519534,6.447158031342219,0.24347561482268532,8
1016,5.970586130369673,6.0,0.029413869630326772,8
1017,5.963924058471171,6.3979400086720375,0.4340159502008669,8
1018,5.3655840707579,5.938919812244772,0.573335741486872,8
1019,6.023773966414571,5.484299839346786,-0.539474127067785,8
1020,6.121243910403122,7.301029995663981,1.1797860852608588,8
1021,5.949154767755836,5.954242509439325,0.005087741683489355,8
1022,5.641093095364977,6.6020599913279625,0.9609668959629856,8
1023,5.510013832672109,6.301029995663981,0.7910161629918724,8
1024,6.321045604964663,6.380211241711606,0.059165636746943306,8
1025,5.940584810354712,6.301029995663981,0.3604451853092696,8
1026,5.957216743991123,6.32221929473392,0.36500255074279764,8
1027,6.182958510366403,6.380211241711606,0.1972527313452037,8
1028,6.065038427259879,6.380211241711606,0.31517281445172696,8
1029,6.218208759799427,5.603198520676098,-0.615010239123329,8
1030,5.759692352870593,6.017033339298781,0.25734098642818815,8
1031,5.864574554710586,6.171480722621874,0.3069061679112881,8
1032,6.391831547906658,7.105510184769974,0.7136786368633166,8
1033,5.789630309183077,6.373095987078727,0.5834656778956502,8
1034,5.7825152306297065,5.419955748489758,-0.3625594821399485,8
1035,6.0449289130649,6.332438459915605,0.2875095468507052,8
1036,5.963138071996377,6.079181246047625,0.11604317405124842,8
1037,5.963924058471171,5.124830149413859,-0.8390939090573113,8
1038,6.0449289130649,6.486146996806573,0.44121808374167326,8
1039,6.203040383675603,6.174931593528442,-0.02810879014716061,8
1040,6.373593606696617,5.886490725172482,-0.4871028815241347,8
1041,5.447547861854732,5.725911632295048,0.27836377044031657,8
1042,6.2181961888399355,5.413132050434872,-0.8050641384050632,8
1043,6.651646067333847,7.292256071356476,0.640610004022629,8
1044,6.25098091580598,6.698970004336019,0.44798908853003905,8
1045,6.191627889200272,7.519827993775719,1.3282001045754468,8
1046,6.481370413406608,8.071882007306126,1.5905115938995182,8
1047,6.042188114240985,5.982271233039568,-0.05991688120141703,8
1048,6.35108860609407,6.973127853599698,0.6220392475056284,8
1049,6.252654640731069,6.077731179652392,-0.17492346107867718,8
1050,6.95454667873373,6.3979400086720375,-0.5566066700616927,8
1051,6.885140194227058,7.294466226161593,0.4093260319345351,8
1052,6.792079034225856,7.333648756514701,0.5415697222888447,8
1053,6.199840457344158,7.793755472155577,1.5939150148114187,8
1054,6.337719036875888,6.087071205906535,-0.2506478309693527,8
1055,6.199840457344158,6.0,-0.19984045734415812,8
1056,6.314735948958056,6.544068044350276,0.22933209539221977,8
1057,7.2505749019085375,7.845098040014257,0.5945231381057194,8
1058,6.04149442489462,7.301029995663981,1.2595355707693612,8
1059,5.752037517658367,6.975431808509263,1.2233942908508952,8
1060,6.487639727443845,6.184691430817598,-0.3029482966262469,8
1061,6.145294510866043,6.281033367247727,0.1357388563816846,8
1062,5.934625050532911,5.012837224705172,-0.9217878258277388,8
1063,6.597305455940888,7.735997884091794,1.1386924281509057,8
1064,6.185501371419137,5.301029995663981,-0.8844713757551554,8
1065,6.203040383675603,6.618633737597086,0.41559335392148267,8
1066,6.531032739733864,7.665017825412472,1.1339850856786082,8
1067,6.620828058852589,6.361727836017593,-0.2591002228349959,8
1068,6.393032247439351,6.886490725172482,0.4934584777331317,8
1069,5.985017406235085,6.079181246047625,0.0941638398125404,8
1070,6.333117153254137,6.744918542441353,0.4118013891872163,8
1071,6.199840457344158,5.2455126678141495,-0.9543277895300086,8
1072,6.222962636081911,6.698970004336019,0.47600736825410817,8
1073,6.154168518828742,6.047140468477217,-0.1070280503515253,8
1074,6.014314694201096,5.628388930050312,-0.3859257641507847,8
1075,6.575812271070631,7.204119982655925,0.6283077115852942,8
1076,5.0402454161001655,6.0,0.9597545838998345,8
1077,5.1033158156323175,4.041392685158225,-1.0619231304740921,8
1078,6.203040383675603,5.352240420182231,-0.8507999634933716,8
1079,6.04149442489462,6.0,-0.041494424894620074,8
1080,6.154168518828742,6.3807537708039,0.2265852519751581,8
1081,5.600766095479387,6.07700432679335,0.47623823131396303,8
1082,5.900393330649895,6.252124552505644,0.3517312218557489,8
1083,5.837730045627115,6.006037954997317,0.1683079093702018,8
1084,6.024093709753317,5.913018683747961,-0.11107502600535657,8
1085,5.858152658289524,5.742725131304698,-0.11542752698482595,8
1086,5.560463608037387,4.845098040014257,-0.7153655680231301,8
1087,6.1008022871506435,5.857030798272624,-0.24377148887801958,8
1088,5.620854699211551,6.078094150406411,0.45723945119485965,8
1089,6.017756071530338,6.093421685162235,0.07566561363189628,8
1090,5.6694792994301,5.78625439578978,0.11677509635967986,8
1091,5.5304887864424215,5.963787827345556,0.4332990409031341,8
1092,5.576860631414845,6.093421685162235,0.5165610537473899,8
1093,5.041693098614499,4.88309335857569,-0.1585997400388095,8
1094,4.995771801193935,5.123851640967086,0.12807983977315107,8
1095,5.878490494218753,6.176091259055681,0.2976007648369281,8
1096,4.659240065427255,3.3010299956639813,-1.358210069763274,8
1097,5.817534527625135,6.392978186542541,0.5754436589174059,8
1098,6.152044998220767,6.463445031770428,0.3114000335496616,8
1099,6.084118522956948,5.0,-1.084118522956948,8
1100,5.3890357732766345,6.544068044350276,1.1550322710736411,8
1101,6.249725006456848,6.75427186868346,0.5045468622266123,8
1102,6.101239357393577,6.152288344383057,0.05104898698948013,8
1103,5.662689977361368,6.079181246047625,0.41649126868625697,8
1104,5.639017025566059,6.544068044350276,0.9050510187842162,8
1105,5.936657523406693,5.850033257689769,-0.0866242657169245,8
1106,6.034668217966311,5.187520720836463,-0.847147497129848,8
1107,6.391831547906658,6.432327792261604,0.04049624435494614,8
1108,6.339897271577107,6.776701183988411,0.4368039124113041,8
1109,5.821259403579427,5.02938377768521,-0.7918756258942174,8
1110,6.259467967328532,6.360404054729939,0.10093608740140692,8
1111,5.5107140475560366,6.176091259055681,0.6653772114996448,8
1112,5.628313541538714,5.787318756624548,0.1590052150858341,8
1113,5.6469439659383,3.89209460269048,-1.7548493632478204,8
1114,4.261992784030474,4.096910013008056,-0.16508277102241742,8
1115,4.325951259568112,3.404833716619938,-0.9211175429481737,8
1116,5.477560617767197,5.816506437046357,0.3389458192791599,8
1117,5.636031894806967,4.968482948553935,-0.6675489462530324,8
1118,5.532676811566598,6.146128035678238,0.6134512241116399,8
1119,4.261992784030474,4.008600171761918,-0.2533926122685557,8
1120,5.2401974893084935,4.0,-1.2401974893084935,8
1121,4.799075491822135,4.089905111439398,-0.7091703803827372,8
1122,5.2839392331565795,3.770852011642144,-1.5130872215144358,8
1123,4.526474128622078,3.6020599913279625,-0.9244141372941153,8
1124,3.745521710192401,3.869231719730976,0.1237100095385748,8
1125,3.498654573874533,3.206825876031849,-0.29182869784268384,8
1126,3.9339769846277686,3.589949601325708,-0.3440273833020604,8
1127,4.3218253537279345,2.903089986991944,-1.4187353667359903,8
1128,4.788278934150595,4.167317334748176,-0.6209615994024196,8
1129,4.472594604112768,4.035829825252828,-0.43676477885993936,8
1130,5.616465406882827,6.024046225131059,0.4075808182482321,8
1131,4.815125682340497,5.247973266361806,0.4328475840213093,8
1132,5.893147552957287,4.833147111912785,-1.0600004410445019,8
1133,6.038451107548604,6.334453751150931,0.29600264360232664,8
1134,6.120688758568952,7.708420900134713,1.5877321415657608,8
1135,5.5233069453506625,4.698970004336019,-0.8243369410146437,8
1136,5.938586476767384,6.32221929473392,0.3836328179665367,8
1137,5.325980310561651,6.2812606870550125,0.9552803764933611,8
1138,5.783450080867748,5.0,-0.7834500808677483,8
1139,5.615210036474725,4.26150077319828,-1.3537092632764445,8
1140,6.392607989352686,7.05865374157237,0.6660457522196843,8
1141,4.879994943540949,5.0,0.12000505645905069,8
1142,4.30557931282287,3.709269960975831,-0.5963093518470388,8
1143,4.727433153365642,3.431363764158988,-1.2960693892066546,8
1144,4.6965059908318105,5.0,0.30349400916818947,8
1145,5.929653041490816,6.079181246047625,0.14952820455680893,8
1146,4.592952837418328,3.770852011642144,-0.8221008257761842,8
1147,6.055185599944834,6.383653821462558,0.32846822151772415,8
1148,6.161995900560594,6.281941933440825,0.11994603288023065,8
1149,5.451945758727425,6.176091259055681,0.7241455003282562,8
1150,4.710124631185006,4.195899652409234,-0.514224978775772,8
1151,3.6451044613530783,3.3010299956639813,-0.34407446568909705,8
1152,6.1224822226955995,6.079181246047625,-0.04330097664797439,8
1153,5.257441512895222,5.311753861055754,0.054312348160531876,8
1154,4.710124631185006,4.41161970596323,-0.29850492522177596,8
1155,6.029198505175117,4.249198357391113,-1.780000147784004,8
1156,5.6431158214057175,5.17897694729317,-0.46413887411254784,8
1157,5.621069416100727,6.119915410257991,0.49884599415726427,8
1158,5.465735341376624,6.0,0.5342646586233757,8
1159,5.132833697918087,3.824125833916549,-1.3087078640015375,8
1160,4.040061787277167,3.740362689494244,-0.2996990977829226,8
1161,5.067020420831436,3.146128035678238,-1.9208923851531976,8
1162,5.850962422881543,5.380211241711606,-0.47075118116993675,8
1163,5.258788673188171,5.271841606536499,0.013052933348327578,8
1164,6.141680953636926,5.365487984890899,-0.7761929687460265,8
1165,6.497190568711706,6.778874472002739,0.2816839032910332,8
1166,6.325535156214829,5.880813592280791,-0.4447215639340376,8
1167,6.270653233982592,6.3979400086720375,0.12728677468944571,8
1168,5.566157002891722,6.377563035549853,0.8114060326581312,8
1169,6.112279580240247,5.518513939877887,-0.5937656403623599,8
1170,6.1255450379357095,5.949390006644912,-0.17615503129079713,8
1171,6.27950869456702,6.247924190766308,-0.03158450380071187,8
1172,5.886695658703694,7.602059991327962,1.7153643326242678,8
1173,5.799175488059466,5.553883026643875,-0.24529246141559113,8
1174,6.121243910403122,6.278753600952829,0.15750969054970643,8
1175,6.393032247439351,6.445311461756064,0.05227921431671323,8
1176,5.6366594739555165,5.622214022966295,-0.014445450989221342,8
1177,6.0898696346986325,6.201397124320452,0.11152748962181924,8
1178,5.617500897112788,6.176091259055681,0.5585903619428931,8
1179,5.845960811556375,5.927370363039024,0.08140955148264961,8
1180,5.804211444279509,6.079181246047625,0.27496980176811636,8
1181,6.107985211890244,6.2405492482826,0.13256403639235614,8
1182,5.963397521417444,5.891147030448771,-0.0722504909686732,8
1183,5.742970394514816,6.0,0.25702960548518394,8
1184,5.964737531167141,5.847572659142112,-0.1171648720250289,8
1185,5.934522665637746,5.931966114728173,-0.0025565509095732963,8
1186,5.695853528971765,5.146778989307833,-0.5490745396639314,8
1187,5.7933979412850185,5.079181246047625,-0.7142166952373934,8
1188,4.899042138954043,5.021189299069938,0.12214716011589566,8
1189,5.641354555569383,6.0,0.35864544443061686,8
1190,5.7235271630970725,6.008600171761918,0.2850730086648454,8
1191,5.8744726187597,6.220108088040055,0.3456354692803547,8
1192,6.039136035508622,6.214843848047698,0.17570781253907608,8
1193,5.690250851723415,6.257051875069349,0.566801023345934,8
1194,5.068578000458333,5.2552725051033065,0.18669450464497306,8
1195,5.992734535050636,6.041392685158225,0.048658150107589115,8
1196,6.348240686551317,6.6020599913279625,0.2538193047766457,8
1197,6.101837099570084,6.08278537031645,-0.01905172925363452,8
1198,5.9351736127547285,5.181843587944773,-0.7533300248099559,8
1199,6.134306787650757,5.687261346243506,-0.44704544140725044,8
1200,5.399815027779297,6.2455126678141495,0.8456976400348521,8
1201,5.826510327299398,6.776327733563306,0.9498174062639082,8
1202,5.985191993888432,6.056904851336473,0.07171285744804035,8
1203,5.711959973625167,6.113943352306837,0.40198337868166956,8
1204,5.955341608909568,6.441176499941076,0.4858348910315078,8
1205,5.997780119676047,5.332438459915605,-0.6653416597604425,8
1206,6.019521675821362,5.710117365111817,-0.309404310709545,8
1207,5.907417268303891,6.008600171761918,0.10118290345802716,8
1208,6.121923069276761,5.552668216112194,-0.5692548531645674,8
1209,5.273288742191954,5.093421685162235,-0.1798670570297194,8
1210,5.71829409150035,4.6020599913279625,-1.1162341001723872,8
1211,6.239239512990356,5.895422546039408,-0.3438169669509481,8
1212,7.094642924998364,6.100752969451338,-0.9938899555470257,8
1213,5.672385938948353,6.0,0.3276140610516469,8
1214,5.890569317191223,5.788875115775417,-0.10169420141580598,8
1215,5.711959973625167,6.176091259055681,0.46413128543051396,8
1216,5.642226583618223,5.193124598354461,-0.4491019852637619,8
1217,5.8772397882335365,5.051923916046107,-0.8253158721874296,8
1218,6.172849932710073,6.431363764158987,0.25851383144891393,8
1219,5.748477331193029,6.0,0.25152266880697116,8
1220,5.949154767755836,5.599883072073688,-0.3492716956821482,8
1221,5.905694048672664,5.716837723299524,-0.18885632537313946,8
1222,5.927974269434469,5.862727528317975,-0.06524674111649453,8
1223,5.457279670416358,5.079181246047625,-0.37809842436873264,8
1224,5.684994729924651,6.017033339298781,0.33203860937412966,8
1225,5.706270590643363,5.176091259055681,-0.5301793315876813,8
1226,5.620719187564503,6.079181246047625,0.45846205848312227,8
1227,6.390433121729718,6.079181246047625,-0.31125187568209256,8
1228,5.548508001909149,5.121559844187501,-0.4269481577216485,8
1229,5.707355689054187,4.912275210498812,-0.7950804785553744,8
1230,5.6431158214057175,6.218272853571447,0.5751570321657296,8
1231,5.516288475409843,5.700617195682057,0.18432872027221325,8
1232,5.963397521417444,6.924279286061882,0.9608817646444381,8
1233,5.7933979412850185,6.134495855834674,0.3410979145496551,8
1234,5.597134643395846,6.509202522331103,0.9120678789352565,8
1235,6.000202095823773,6.590507462008583,0.5903053661848103,8
1236,5.907417268303891,5.758911892397974,-0.14850537590591717,8
1237,5.7933979412850185,6.7626785637274365,0.969280622442418,8
1238,5.621140712205279,5.86391737695786,0.24277666475258108,8
1239,5.816887257117426,5.342422680822207,-0.47446457629521976,8
1240,5.7256258082079805,6.033423755486949,0.3077979472789689,8
1241,5.513056943238418,5.518513939877887,0.005456996639469303,8
1242,5.850572838223187,7.041392685158225,1.190819846935038,8
1243,5.842851059314686,4.678518379040114,-1.1643326802745717,8
1244,5.389738494943871,6.066773037085025,0.6770345421411541,8
1245,5.759160312168816,5.899820502427096,0.1406601902582807,8
1246,5.7188888642063995,7.429752280002408,1.710863415796008,8
1247,5.3267552268741,6.612783856719736,1.286028629845636,8
1248,5.7363218951321615,6.503790683057181,0.7674687879250195,8
1249,5.985017406235085,5.240798771117332,-0.7442186351177531,8
1250,6.173805672952759,5.968482948553935,-0.20532272439882426,8
1251,6.167239824368193,6.05307844348342,-0.11416138088477279,8
1252,5.299179458989152,6.008600171761918,0.7094207127727659,8
1253,5.799370589452663,4.954242509439325,-0.8451280800133381,8
1254,6.389194437941964,6.770115294787102,0.38092085684513766,8
1255,7.0839235126985125,6.418301291319746,-0.6656222213787668,8
1256,6.407565262011347,7.0220157398177205,0.6144504778063737,8
1257,3.4132985160947493,1.9242792860618816,-1.4890192300328677,8
1258,5.316430241868226,4.550228353055094,-0.7662018888131321,8
1259,6.124048961087944,5.856227259455358,-0.26782170163258545,8
1260,5.882309515989813,6.052936217579409,0.1706267015895957,8
1261,5.216274553896011,6.431363764158987,1.2150892102629758,8
1262,4.921909634220459,3.982723387668545,-0.9391862465519139,8
1263,4.546259894314838,3.4471580313422194,-1.0991018629726188,8
1264,5.090157368133246,6.563836918664545,1.4736795505312985,8
1265,4.778980223047806,2.812913356642856,-1.9660668664049497,8
1266,5.453681013758209,5.556302500767287,0.10262148700907758,8
1267,4.454697933733203,4.334855689617291,-0.11984224411591171,8
1268,3.591600218815132,4.698970004336019,1.1073697855208868,8
1269,4.4975488674612984,3.187520720836463,-1.3100281466248354,8
1270,5.091553816462596,4.167317334748176,-0.9242364817144209,8
1271,3.859519434207229,3.679427896612119,-0.18009153759510976,8
1272,3.369855051695074,0.6989700043360189,-2.670885047359055,8
1273,4.65526836064718,4.754883228252168,0.09961486760498772,8
1274,4.70255961084785,2.556302500767288,-2.1462571100805614,8
1275,5.6712027788912165,5.812913356642856,0.1417105777516392,8
1276,6.124048961087944,5.186815124447454,-0.9372338366404893,8
1277,5.347527807521082,4.821513528404773,-0.5260142791163096,8
1278,5.976810487004257,6.167317334748176,0.19050684774391868,8
1279,5.67029459829068,5.903089986991944,0.23279538870126348,8
1280,6.004149867902092,5.287129620719111,-0.7170202471829814,8
1281,5.568534447916787,5.773069340485962,0.2045348925691748,8
1282,6.031012135509908,5.845098040014257,-0.18591409549565086,8
1283,5.1713751547587865,4.505149978319906,-0.6662251764388802,8
1284,5.460799430209533,5.395850376018781,-0.06494905419075181,8
1285,5.59030333078261,6.74154551677621,1.1512421859936,8
1286,2.672925697735293,3.845098040014257,1.172172342278964,8
1287,3.151090025730281,2.8090544272229425,-0.34203559850733845,8
1288,3.0593366036262135,2.505149978319906,-0.5541866253063077,8
1289,3.047266355026206,3.4471580313422194,0.39989167631601363,8
1290,2.8695340182809668,1.7993405494535817,-1.070193468827385,8
1291,3.348315114648545,3.322219294733919,-0.02609581991462573,8
1292,3.9089362764872106,1.5587085705331658,-2.350227705954045,8
1293,5.527543710598205,5.434568904034199,-0.0929748065640057,8
1294,5.54875297609319,5.926856708949693,0.3781037328565029,8
1295,5.705928058031854,5.8750612633917,0.169133205359846,8
1296,6.0351492707595655,6.237040791379191,0.20189152061962545,8
1297,5.9076893567307485,5.990782691803138,0.08309333507238925,8
1298,5.926830946840025,6.447158031342219,0.5203270845021946,8
1299,5.5793791919948985,6.2576785748691846,0.678299382874286,8
1300,6.488346746500611,6.653212513775344,0.16486576727473334,8
1301,6.770133219542582,6.531478917042255,-0.2386543025003265,8
1302,4.667422555224394,3.3010299956639813,-1.3663925595604125,8
1303,5.558728645534957,5.301029995663981,-0.2576986498709761,8
1304,5.92434958199074,6.230448921378274,0.30609933938753375,8
1305,5.936266067321681,6.340444114840119,0.404178047518438,8
1306,5.818712231261688,6.3979400086720375,0.5792277774103498,8
1307,5.725293794032564,4.346744054604849,-1.378549739427715,8
1308,5.9665554917974655,6.079181246047625,0.11262575425015964,8
1309,5.845842725837318,6.301029995663981,0.4551872698266637,8
1310,5.9996560425013215,6.531478917042255,0.5318228745409339,8
1311,5.981834098039003,6.1702617153949575,0.1884276173559547,8
1312,6.110820674949004,6.358886204405869,0.24806552945686544,8
1313,5.644531311916949,4.314288660947498,-1.330242650969451,8
1314,6.091785347045668,6.091315159697223,-0.0004701873484451724,8
1315,6.230130227905947,6.286456469746983,0.05632624184103552,8
1316,5.92973869093801,6.913813852383717,0.9840751614457064,8
1317,5.353072523021118,5.433321711630784,0.0802491886096659,8
1318,6.135011379919445,6.308991029000164,0.17397964908071906,8
1319,5.2402019504850825,5.361727836017593,0.12152588553251054,8
1320,4.509506613066935,4.095518042323151,-0.4139885707437836,8
1321,5.7894581844679065,6.544068044350276,0.7546098598823692,8
1322,3.884075116496256,6.57978359661681,2.695708480120554,8
1323,1.7165600766304128,2.6972293427597176,0.9806692661293048,8
1324,5.276129950926486,4.746322765089953,-0.5298071858365327,8
1325,5.704115652526924,6.291391053078407,0.5872754005514835,8
1326,5.7394716094041325,6.747411807886423,1.0079401984822907,8
1327,6.0185849101913265,6.491361693834273,0.4727767836429466,8
1328,6.0733668312396,6.113943352306837,0.04057652106723708,8
1329,5.216274553896011,6.096910013008056,0.8806354591120451,8
1330,4.038073690640114,3.804820678721162,-0.23325301191895198,8
1331,4.925331705079577,5.079181246047625,0.15384954096804826,8
1332,2.4649433202124955,2.220108088040055,-0.24483523217244052,8
1333,5.304762889956574,4.850646235183066,-0.45411665477350827,8
1334,5.66610620177375,6.045322978786658,0.3792167770129078,8
1335,5.91643079096744,5.791690649020118,-0.12474014194732241,8
1336,5.429199830864241,5.155609283678915,-0.27359054718532594,8
1337,4.936720251442952,5.690196080028514,0.7534758285855618,8
1338,5.130151760071173,5.000867721531227,-0.12928403853994563,8
1339,5.948889576006403,6.806179973983888,0.8572903979774855,8
1340,5.3226973399810875,5.656960182742849,0.33426284276176155,8
1341,5.304762889956574,6.355068206348851,1.0503053163922766,8
1342,6.011089365755365,6.324282455297693,0.3131930895423283,8
1343,5.581350586433162,5.944482672150168,0.36313208571700617,8
1344,5.955642486587139,6.3979400086720375,0.4422975220848988,8
1345,6.085225381403501,6.1702617153949575,0.08503633399145638,8
1346,5.205094768225614,4.413634997198556,-0.7914597710270579,8
1347,5.926959088446314,5.949390006644912,0.022430918198597993,8
1348,6.000332957580542,6.056904851336473,0.056571893755930525,8
1349,5.354293587262121,5.072984744627931,-0.2813088426341901,8
1350,5.661843833617965,5.697229342759718,0.035385509141752536,8
1351,6.026474091904086,5.698970004336019,-0.3275040875680668,8
1352,6.1516498101449875,6.664547962246547,0.5128981521015596,8
1353,6.301753302645361,6.937016107464814,0.6352628048194529,8
1354,6.361461398996261,7.531478917042255,1.1700175180459942,8
1355,5.786860449015914,6.240798771117332,0.4539383221014175,8
1356,6.3919444142028325,6.012837224705172,-0.37910718949766053,8
1357,5.9850879293218755,6.44870631990508,0.4636183905832043,8
1358,5.4502213223497735,6.580468783951002,1.1302474616012281,8
1359,6.081660064358072,5.778151250383644,-0.3035088139744282,8
1360,6.023659240620168,5.732393759822968,-0.2912654807971995,8
1361,5.406572820694362,4.954242509439325,-0.45233031125503675,8
1362,5.9850879293218755,6.857332496431268,0.8722445671093926,8
1363,5.918298033319427,5.308393649976259,-0.6099043833431681,8
1364,5.884133980845732,6.277090960334402,0.3929569794886696,8
1365,6.2518258784839915,5.857332496431268,-0.39449338205272344,8
1366,5.574870338716923,5.0,-0.5748703387169227,8
1367,5.367144190832076,5.301029995663981,-0.0661141951680948,8
1368,3.753011278919557,4.123851640967086,0.3708403620475287,8
1369,5.530369277449293,4.505149978319906,-1.025219299129387,8
1370,5.438159249963131,6.32221929473392,0.8840600447707896,8
1371,5.737509641289968,4.505149978319906,-1.2323596629700617,8
1372,5.771502027915359,4.568201724066995,-1.2033003038483638,8
1373,4.324493610154534,4.900367128656471,0.575873518501937,8
1374,5.51473268576738,6.041392685158225,0.5266599993908452,8
1375,5.98365192112739,6.496791315700042,0.5131393945726517,8
1376,5.443955607552621,4.486713775982485,-0.9572418315701361,8
1377,5.628313541538714,6.32221929473392,0.6939057531952066,8
1378,5.695853528971765,6.504701881045554,0.808848352073789,8
1379,4.70255961084785,2.146128035678238,-2.5564315751696114,8
1380,3.2036274909436733,1.4471580313422192,-1.756469459601454,8
1381,3.2432609684107954,3.113943352306837,-0.12931761610395842,8
1382,4.066918688054655,4.826074802700826,0.7591561146461707,8
1383,5.249300771831611,4.247973266361806,-1.0013275054698045,8
1384,4.0526165576758535,5.0,0.9473834423241465,8
1385,5.097473947753559,5.653212513775344,0.5557385660217848,8
1386,6.014314694201096,5.653212513775344,-0.3611021804257524,8
1387,5.304617554201315,6.204119982655925,0.8995024284546096,8
1388,5.586873407015498,6.079181246047625,0.4923078390321267,8
1389,5.903421250080447,6.3979400086720375,0.49451875859159067,8
1390,5.326241724459285,5.223755453657241,-0.10248627080204376,8
1391,5.834805516127674,5.079181246047625,-0.7556242700800491,8
1392,5.903421250080447,6.778151250383644,0.874730000303197,8
1393,5.369594880951291,5.585460729508501,0.21586584855721025,8
1394,5.989774316020736,5.845098040014257,-0.14467627600647948,8
1395,5.640680203310974,6.653212513775344,1.01253231046437,8
1396,5.494057213022164,5.903089986991944,0.40903277396977966,8
1397,5.586873407015498,4.927370363039024,-0.659503043976474,8
1398,5.064989634446561,4.826074802700826,-0.2389148317457348,8
1399,5.2771347083602125,5.002166061756507,-0.2749686466037051,8
1400,6.170019462665054,6.662757831681574,0.49273836901652057,8
1401,5.97584619061544,6.071882007306125,0.0960358166906854,8
1402,4.304656339820672,2.6766936096248664,-1.6279627301958053,8
1403,5.274041862636516,4.184691430817598,-1.089350431818918,8
1404,5.7296324802314595,4.933993163831242,-0.7956393164002176,8
1405,5.4818721579454825,5.3979400086720375,-0.08393214927344506,8
1406,5.716220317059087,6.57978359661681,0.8635632795577228,8
1407,5.571630307645473,6.0,0.4283696923545266,8
1408,4.287274141906466,4.469365398766434,0.18209125685996774,8
1409,5.0719959735658575,4.252853030979893,-0.8191429425859642,8
1410,6.02106253693226,6.041392685158225,0.02033014822596524,8
1411,5.5281108340928995,5.079181246047625,-0.4489295880452744,8
1412,6.000987390250622,6.491361693834273,0.49037430358365075,8
1413,6.000987390250622,6.278753600952829,0.27776621070220653,8
1414,4.176932498516027,3.892651033877301,-0.2842814646387266,8
1415,4.96636456765568,5.079181246047625,0.11281667839194487,8
1416,5.209684908751922,4.787743771646467,-0.42194113710545533,8
1417,5.238114734871539,5.575187844927661,0.3370731100561217,8
1418,5.7283709347047465,4.56157836830096,-1.1667925664037861,8
1419,5.272724678099475,7.133858125203335,1.8611334471038594,8
1420,4.945859981099493,5.221674997070769,0.27581501597127644,8
1421,5.649920668014974,4.239049093140191,-1.4108715748747827,8
1422,5.265518899818262,3.964730921053629,-1.300787978764633,8
1423,3.659631542924764,3.6972293427597176,0.037597799834953705,8
1424,4.782789287965669,5.041392685158225,0.2586033971925561,8
1425,5.702990492451556,6.0,0.29700950754844424,8
1426,6.575812271070631,5.442479769064448,-1.1333325020061826,8
1427,6.575812271070631,7.397940008672037,0.8221277376014058,8
1428,5.6469439659383,6.690196080028514,1.0432521140902136,8
1429,5.938586476767384,6.079181246047625,0.1405947692802414,8
1430,5.058441422421554,4.064457989226918,-0.9939834331946358,8
1431,4.419683926687587,3.686636269262293,-0.7330476574252942,8
1432,5.7188888642063995,5.168939213835978,-0.5499496503704213,8
1433,6.273181472665406,6.079181246047625,-0.1940002266177805,8
1434,5.259692009832235,5.32221929473392,0.06252728490168558,8
1435,5.884133980845732,6.079181246047625,0.19504726520189308,8
1436,5.103488476091246,5.648360010980932,0.544871534889686,8
1437,5.594297857246885,4.473924693416158,-1.1203731638307275,8
1438,5.629924795889242,5.931966114728173,0.3020413188389304,8
1439,5.287083290777633,5.732393759822968,0.4453104690453351,8
1440,4.304656339820672,3.3010299956639813,-1.0036263441566904,8
1441,6.2122302521367105,6.57978359661681,0.3675533444800996,8
1442,5.754259503392938,6.795880017344075,1.0416205139511368,8
1443,5.828020371882131,5.532384880503846,-0.2956354913782846,8
1444,5.911082800959342,6.32221929473392,0.4111364937745785,8
1445,5.725603603345844,5.311965660368366,-0.4136379429774779,8
1446,5.482570181711329,5.338456493604605,-0.14411368810672354,8
1447,6.112512568613553,5.489958479424835,-0.6225540891887187,8
1448,5.385002363990465,5.205096047578484,-0.17990631641198096,8
1449,5.853791067692758,6.531478917042255,0.6776878493494971,8
1450,5.390754711570797,6.079181246047625,0.6884265344768279,8
1451,4.7796452957232765,4.301029995663981,-0.4786153000592952,8
1452,6.224218959336961,5.491361693834273,-0.7328572655026875,8
1453,5.916124427073309,6.0,0.0838755729266909,8
1454,5.375198617589937,5.301029995663981,-0.07416862192595541,8
1455,6.379367742700742,6.079181246047625,-0.3001864966531169,8
1456,5.522451361413405,4.892372907398436,-0.6300784540149689,8
1457,5.784621311588634,6.176091259055681,0.3914699474670478,8
1458,5.6712027788912165,6.491361693834273,0.8201589149430566,8
1459,3.9368715659501308,3.556302500767288,-0.3805690651828426,8
1460,5.030816179176207,4.089905111439398,-0.9409110677368089,8
1461,3.4460355942348153,4.653212513775344,1.2071769195405286,8
1462,5.877264589268315,5.221022805204841,-0.6562417840634742,8
1463,5.541468143791896,5.698970004336019,0.15750186054412296,8
1464,7.0151435668842295,7.342422680822207,0.32727911393797715,8
1465,6.743486497666277,6.414973347970818,-0.32851314969545875,8
