Pair_ID,SMILE_A,SMILE_B
Pair_1,[*]NC(C(N1CCCC1C(NCC(N2CC(CC2C(NC(C(NCC([*])=O)=O)CO)=O)O)=O)=O)=O)CCCCN,[*]NC(CCCCNC(C(C)=C)=O)C(N1CCCC1C(NCC(N2CC(O)CC2C(NC(COC(C(C)=C)=O)C(NCC([*])=O)=O)=O)=O)=O)=O
Pair_2,OCC(C(C(C1N)O)O[*])OC1OC2C(OC(C(C2O)N)[*])CO,[*]NC(C(N1CCCC1C(NCC(N2CC(CC2C(NC(C(NCC([*])=O)=O)CO)=O)O)=O)=O)=O)CCCCN
Pair_3,[*]C([H])([H])C(O)([H])[*],[*]NC(C(N1CCCC1C(NCC(N2CC(CC2C(NC(C(NCC([*])=O)=O)CO)=O)O)=O)=O)=O)CCCCN
Pair_4,[*]NC(C(N1CCCC1C(NCC(N2CC(CC2C(NC(C(NCC([*])=O)=O)CO)=O)O)=O)=O)=O)CCCCN,[*]OC1C(C(O)=O)OC(OC2C(NC(C)=O)C([*])OC(CO)C2O)C(O)C1O
Pair_5,[*]NC(C(N1CCCC1C(NCC(N2CC(CC2C(NC(C(NCC([*])=O)=O)CO)=O)O)=O)=O)=O)CCCCN,[H]N(C([H])([H])C(N([H])C(C)([H])C(N(C([H])([H])C([*])=O)[H])=O)=O)C(C(N([*])[H])(C)[H])=O
Pair_6,[*]C1C(C(C(OC1C(O[Na])=O)OC2C(C(O[Na])=O)OC(O[*])C(O)C2O)O)O,[*]NC(C(N1CCCC1C(NCC(N2CC(CC2C(NC(C(NCC([*])=O)=O)CO)=O)O)=O)=O)=O)CCCCN
Pair_7,[*]NC(C(N1CCCC1C(NCC(N2CC(CC2C(NC(C(NCC([*])=O)=O)CO)=O)O)=O)=O)=O)CCCCN,[*]OCC[*]
Pair_8,OCC1OC(C(C(C1[*])O)O)OC2C(C(C(OC2CO)O[*])O)O,[*]NC(C(N1CCCC1C(NCC(N2CC(CC2C(NC(C(NCC([*])=O)=O)CO)=O)O)=O)=O)=O)CCCCN
Pair_9,OC1C(OC(C(C1O)O)[*])CO[*],[*]NC(C(N1CCCC1C(NCC(N2CC(CC2C(NC(C(NCC([*])=O)=O)CO)=O)O)=O)=O)=O)CCCCN
Pair_10,[*]C1=C(C=CN2)C2=C([*])C(O)=C1O,[*]NC(C(N1CCCC1C(NCC(N2CC(CC2C(NC(C(NCC([*])=O)=O)CO)=O)O)=O)=O)=O)CCCCN
Pair_11,O=C(N)C([*])C[*],[*]NC(C(N1CCCC1C(NCC(N2CC(CC2C(NC(C(NCC([*])=O)=O)CO)=O)O)=O)=O)=O)CCCCN
Pair_12,O=C(N([*])C([*])=O)CC=C,[*]NC(C(N1CCCC1C(NCC(N2CC(CC2C(NC(C(NCC([*])=O)=O)CO)=O)O)=O)=O)=O)CCCCN
Pair_13,O=C(C(C[*])[*])N,[*]NC(C(N1CCCC1C(NCC(N2CC(CC2C(NC(C(NCC([*])=O)=O)CO)=O)O)=O)=O)=O)CCCCN
Pair_14,[*]C([C@H](C)OC([C@H](C)O[*])=O)=O,[*]NC(C(N1CCCC1C(NCC(N2CC(CC2C(NC(C(NCC([*])=O)=O)CO)=O)O)=O)=O)=O)CCCCN
Pair_15,OCC1OC(C(C(C1O[*])O)NC(C)=O)OC2C(O)C(C(OC2CO)[*])NC(C)=O,[*]NC(C(N1CCCC1C(NCC(N2CC(CC2C(NC(C(NCC([*])=O)=O)CO)=O)O)=O)=O)=O)CCCCN
Pair_16,[*]NC(C(N1CCCC1C(NCC(N2CC(CC2C(NC(C(NCC([*])=O)=O)CO)=O)O)=O)=O)=O)CCCCN,[*]NC(C(O)=O)CCC([*])=O
Pair_17,[*]C1C(OC(C(C1O)O)OC2C(OC(C(C2O)O)OC3C(OC(C(C3O)O)O[*])CO)CO)CO,[*]NC(C(N1CCCC1C(NCC(N2CC(CC2C(NC(C(NCC([*])=O)=O)CO)=O)O)=O)=O)=O)CCCCN
Pair_18,[*]C(CCCCCO[*])=O,[*]NC(C(N1CCCC1C(NCC(N2CC(CC2C(NC(C(NCC([*])=O)=O)CO)=O)O)=O)=O)=O)CCCCN
Pair_19,[*]C(C)C(OCC(O[*])=O)=O,[*]NC(C(N1CCCC1C(NCC(N2CC(CC2C(NC(C(NCC([*])=O)=O)CO)=O)O)=O)=O)=O)CCCCN
Pair_20,O=C(N1C(C([*])=O)CC(O)C1)CNC(C2CCCN2[*])=O,[*]NC(C(N1CCCC1C(NCC(N2CC(CC2C(NC(C(NCC([*])=O)=O)CO)=O)O)=O)=O)=O)CCCCN
Pair_21,COC(C(C[*])([*])C)=O,[*]NC(C(N1CCCC1C(NCC(N2CC(CC2C(NC(C(NCC([*])=O)=O)CO)=O)O)=O)=O)=O)CCCCN
Pair_22,CC(NC1C([C@@H](C(O[C@H]1O[*])CO)O[C@@H]2OC([C@H]([C@@H](C2NC(C)=O)O)[*])CO)O)=O,[*]NC(C(N1CCCC1C(NCC(N2CC(CC2C(NC(C(NCC([*])=O)=O)CO)=O)O)=O)=O)=O)CCCCN
Pair_23,[*]NC(C(N1CCCC1C(NCC(N2CC(CC2C(NC(C(NCC([*])=O)=O)CO)=O)O)=O)=O)=O)CCCCN,[H]N(C(O[*])=O)CCCCCCN(C(OCCCCO[*])=O)[H]
Pair_24,O=C([*])CCCCCO[*],[*]NC(C(N1CCCC1C(NCC(N2CC(CC2C(NC(C(NCC([*])=O)=O)CO)=O)O)=O)=O)=O)CCCCN
Pair_25,[*]NC(C(N1CCCC1C(NCC(N2CC(CC2C(NC(C(NCC([*])=O)=O)CO)=O)O)=O)=O)=O)CCCCN,[*]OC1OC(CO)C(OC2C(O)C(O)C([*])C(CO)O2)C(O)C1O
Pair_26,[*]CC(C)(C(OCCO)=O)[*],[*]NC(C(N1CCCC1C(NCC(N2CC(CC2C(NC(C(NCC([*])=O)=O)CO)=O)O)=O)=O)=O)CCCCN
Pair_27,[*]C(N(CN(C(OCOC(N(CN(C(OCCO[*])=O)[H])[H])=O)=O)[H])[H])=O,[*]NC(C(N1CCCC1C(NCC(N2CC(CC2C(NC(C(NCC([*])=O)=O)CO)=O)O)=O)=O)=O)CCCCN
Pair_28,O=C([*])C(C)O[*],[*]NC(C(N1CCCC1C(NCC(N2CC(CC2C(NC(C(NCC([*])=O)=O)CO)=O)O)=O)=O)=O)CCCCN
Pair_29,COCC1OC(OC2C(CO)OC(O[*])C(OC)C2OC)C(OC)C(O)C1O[*],[*]NC(C(N1CCCC1C(NCC(N2CC(CC2C(NC(C(NCC([*])=O)=O)CO)=O)O)=O)=O)=O)CCCCN
Pair_30,CC(NC1C(OC(C(C1OC2OC(C(C(C2OCC(COC(C(C)=C)=O)O)O)O[*])C([O-])=O)O)O)O[*])=O,[*]NC(C(N1CCCC1C(NCC(N2CC(CC2C(NC(C(NCC([*])=O)=O)CO)=O)O)=O)=O)=O)CCCCN
Pair_31,[*]NC(C(N1CCCC1C(NCC(N2CC(CC2C(NC(C(NCC([*])=O)=O)CO)=O)O)=O)=O)=O)CCCCN,[*]OC1C(C(C(OC1C)OC2C(C(OC(C2O)COC(C)=O)OC3C(C(C(OC3C(O)=O)OC4C(C(C(OC4CO)O[*])O)O)O)O)OC(C(O)CO)=O)O)O
Pair_32,[*]CC(C1=CC=C(C=C1)S(O)(=O)=O)[*],[*]NC(C(N1CCCC1C(NCC(N2CC(CC2C(NC(C(NCC([*])=O)=O)CO)=O)O)=O)=O)=O)CCCCN
Pair_33,[*]NC(C(N1CCCC1C(NCC(N2CC(CC2C(NC(C(NCC([*])=O)=O)CO)=O)O)=O)=O)=O)CCCCN,[*]NC(CCC([*])=O)C(O)=O
Pair_34,[*]C(C)(C(OCCN(C)C)=O)C[*],[*]NC(C(N1CCCC1C(NCC(N2CC(CC2C(NC(C(NCC([*])=O)=O)CO)=O)O)=O)=O)=O)CCCCN
Pair_35,O=C(C(OC(C=O)OC1C(C(C(OC1C(O[Na])=O)O[*])O)O)C(C=O)[*])O[Na],[*]NC(C(N1CCCC1C(NCC(N2CC(CC2C(NC(C(NCC([*])=O)=O)CO)=O)O)=O)=O)=O)CCCCN
Pair_37,OCC(C(C(C1N)O)O[*])OC1OC2C(OC(C(C2O)N)[*])CO,[*]NC(CCCCNC(C(C)=C)=O)C(N1CCCC1C(NCC(N2CC(O)CC2C(NC(COC(C(C)=C)=O)C(NCC([*])=O)=O)=O)=O)=O)=O
Pair_38,[*]C([H])([H])C(O)([H])[*],[*]NC(CCCCNC(C(C)=C)=O)C(N1CCCC1C(NCC(N2CC(O)CC2C(NC(COC(C(C)=C)=O)C(NCC([*])=O)=O)=O)=O)=O)=O
Pair_39,[*]NC(CCCCNC(C(C)=C)=O)C(N1CCCC1C(NCC(N2CC(O)CC2C(NC(COC(C(C)=C)=O)C(NCC([*])=O)=O)=O)=O)=O)=O,[*]OC1C(C(O)=O)OC(OC2C(NC(C)=O)C([*])OC(CO)C2O)C(O)C1O
Pair_40,[*]NC(CCCCNC(C(C)=C)=O)C(N1CCCC1C(NCC(N2CC(O)CC2C(NC(COC(C(C)=C)=O)C(NCC([*])=O)=O)=O)=O)=O)=O,[H]N(C([H])([H])C(N([H])C(C)([H])C(N(C([H])([H])C([*])=O)[H])=O)=O)C(C(N([*])[H])(C)[H])=O
Pair_41,[*]C1C(C(C(OC1C(O[Na])=O)OC2C(C(O[Na])=O)OC(O[*])C(O)C2O)O)O,[*]NC(CCCCNC(C(C)=C)=O)C(N1CCCC1C(NCC(N2CC(O)CC2C(NC(COC(C(C)=C)=O)C(NCC([*])=O)=O)=O)=O)=O)=O
Pair_42,[*]NC(CCCCNC(C(C)=C)=O)C(N1CCCC1C(NCC(N2CC(O)CC2C(NC(COC(C(C)=C)=O)C(NCC([*])=O)=O)=O)=O)=O)=O,[*]OCC[*]
Pair_43,OCC1OC(C(C(C1[*])O)O)OC2C(C(C(OC2CO)O[*])O)O,[*]NC(CCCCNC(C(C)=C)=O)C(N1CCCC1C(NCC(N2CC(O)CC2C(NC(COC(C(C)=C)=O)C(NCC([*])=O)=O)=O)=O)=O)=O
Pair_44,OC1C(OC(C(C1O)O)[*])CO[*],[*]NC(CCCCNC(C(C)=C)=O)C(N1CCCC1C(NCC(N2CC(O)CC2C(NC(COC(C(C)=C)=O)C(NCC([*])=O)=O)=O)=O)=O)=O
Pair_45,[*]C1=C(C=CN2)C2=C([*])C(O)=C1O,[*]NC(CCCCNC(C(C)=C)=O)C(N1CCCC1C(NCC(N2CC(O)CC2C(NC(COC(C(C)=C)=O)C(NCC([*])=O)=O)=O)=O)=O)=O
Pair_46,O=C(N)C([*])C[*],[*]NC(CCCCNC(C(C)=C)=O)C(N1CCCC1C(NCC(N2CC(O)CC2C(NC(COC(C(C)=C)=O)C(NCC([*])=O)=O)=O)=O)=O)=O
Pair_47,O=C(N([*])C([*])=O)CC=C,[*]NC(CCCCNC(C(C)=C)=O)C(N1CCCC1C(NCC(N2CC(O)CC2C(NC(COC(C(C)=C)=O)C(NCC([*])=O)=O)=O)=O)=O)=O
Pair_48,O=C(C(C[*])[*])N,[*]NC(CCCCNC(C(C)=C)=O)C(N1CCCC1C(NCC(N2CC(O)CC2C(NC(COC(C(C)=C)=O)C(NCC([*])=O)=O)=O)=O)=O)=O
Pair_49,[*]C([C@H](C)OC([C@H](C)O[*])=O)=O,[*]NC(CCCCNC(C(C)=C)=O)C(N1CCCC1C(NCC(N2CC(O)CC2C(NC(COC(C(C)=C)=O)C(NCC([*])=O)=O)=O)=O)=O)=O
Pair_50,OCC1OC(C(C(C1O[*])O)NC(C)=O)OC2C(O)C(C(OC2CO)[*])NC(C)=O,[*]NC(CCCCNC(C(C)=C)=O)C(N1CCCC1C(NCC(N2CC(O)CC2C(NC(COC(C(C)=C)=O)C(NCC([*])=O)=O)=O)=O)=O)=O
Pair_51,[*]NC(C(O)=O)CCC([*])=O,[*]NC(CCCCNC(C(C)=C)=O)C(N1CCCC1C(NCC(N2CC(O)CC2C(NC(COC(C(C)=C)=O)C(NCC([*])=O)=O)=O)=O)=O)=O
Pair_52,[*]C1C(OC(C(C1O)O)OC2C(OC(C(C2O)O)OC3C(OC(C(C3O)O)O[*])CO)CO)CO,[*]NC(CCCCNC(C(C)=C)=O)C(N1CCCC1C(NCC(N2CC(O)CC2C(NC(COC(C(C)=C)=O)C(NCC([*])=O)=O)=O)=O)=O)=O
Pair_53,[*]C(CCCCCO[*])=O,[*]NC(CCCCNC(C(C)=C)=O)C(N1CCCC1C(NCC(N2CC(O)CC2C(NC(COC(C(C)=C)=O)C(NCC([*])=O)=O)=O)=O)=O)=O
Pair_54,[*]C(C)C(OCC(O[*])=O)=O,[*]NC(CCCCNC(C(C)=C)=O)C(N1CCCC1C(NCC(N2CC(O)CC2C(NC(COC(C(C)=C)=O)C(NCC([*])=O)=O)=O)=O)=O)=O
Pair_55,O=C(N1C(C([*])=O)CC(O)C1)CNC(C2CCCN2[*])=O,[*]NC(CCCCNC(C(C)=C)=O)C(N1CCCC1C(NCC(N2CC(O)CC2C(NC(COC(C(C)=C)=O)C(NCC([*])=O)=O)=O)=O)=O)=O
Pair_56,COC(C(C[*])([*])C)=O,[*]NC(CCCCNC(C(C)=C)=O)C(N1CCCC1C(NCC(N2CC(O)CC2C(NC(COC(C(C)=C)=O)C(NCC([*])=O)=O)=O)=O)=O)=O
Pair_57,CC(NC1C([C@@H](C(O[C@H]1O[*])CO)O[C@@H]2OC([C@H]([C@@H](C2NC(C)=O)O)[*])CO)O)=O,[*]NC(CCCCNC(C(C)=C)=O)C(N1CCCC1C(NCC(N2CC(O)CC2C(NC(COC(C(C)=C)=O)C(NCC([*])=O)=O)=O)=O)=O)=O
Pair_58,[*]NC(CCCCNC(C(C)=C)=O)C(N1CCCC1C(NCC(N2CC(O)CC2C(NC(COC(C(C)=C)=O)C(NCC([*])=O)=O)=O)=O)=O)=O,[H]N(C(O[*])=O)CCCCCCN(C(OCCCCO[*])=O)[H]
Pair_59,O=C([*])CCCCCO[*],[*]NC(CCCCNC(C(C)=C)=O)C(N1CCCC1C(NCC(N2CC(O)CC2C(NC(COC(C(C)=C)=O)C(NCC([*])=O)=O)=O)=O)=O)=O
Pair_60,[*]NC(CCCCNC(C(C)=C)=O)C(N1CCCC1C(NCC(N2CC(O)CC2C(NC(COC(C(C)=C)=O)C(NCC([*])=O)=O)=O)=O)=O)=O,[*]OC1OC(CO)C(OC2C(O)C(O)C([*])C(CO)O2)C(O)C1O
Pair_61,[*]CC(C)(C(OCCO)=O)[*],[*]NC(CCCCNC(C(C)=C)=O)C(N1CCCC1C(NCC(N2CC(O)CC2C(NC(COC(C(C)=C)=O)C(NCC([*])=O)=O)=O)=O)=O)=O
Pair_62,[*]C(N(CN(C(OCOC(N(CN(C(OCCO[*])=O)[H])[H])=O)=O)[H])[H])=O,[*]NC(CCCCNC(C(C)=C)=O)C(N1CCCC1C(NCC(N2CC(O)CC2C(NC(COC(C(C)=C)=O)C(NCC([*])=O)=O)=O)=O)=O)=O
Pair_63,O=C([*])C(C)O[*],[*]NC(CCCCNC(C(C)=C)=O)C(N1CCCC1C(NCC(N2CC(O)CC2C(NC(COC(C(C)=C)=O)C(NCC([*])=O)=O)=O)=O)=O)=O
Pair_64,COCC1OC(OC2C(CO)OC(O[*])C(OC)C2OC)C(OC)C(O)C1O[*],[*]NC(CCCCNC(C(C)=C)=O)C(N1CCCC1C(NCC(N2CC(O)CC2C(NC(COC(C(C)=C)=O)C(NCC([*])=O)=O)=O)=O)=O)=O
Pair_65,CC(NC1C(OC(C(C1OC2OC(C(C(C2OCC(COC(C(C)=C)=O)O)O)O[*])C([O-])=O)O)O)O[*])=O,[*]NC(CCCCNC(C(C)=C)=O)C(N1CCCC1C(NCC(N2CC(O)CC2C(NC(COC(C(C)=C)=O)C(NCC([*])=O)=O)=O)=O)=O)=O
Pair_66,[*]NC(CCCCNC(C(C)=C)=O)C(N1CCCC1C(NCC(N2CC(O)CC2C(NC(COC(C(C)=C)=O)C(NCC([*])=O)=O)=O)=O)=O)=O,[*]OC1C(C(C(OC1C)OC2C(C(OC(C2O)COC(C)=O)OC3C(C(C(OC3C(O)=O)OC4C(C(C(OC4CO)O[*])O)O)O)O)OC(C(O)CO)=O)O)O
Pair_67,[*]CC(C1=CC=C(C=C1)S(O)(=O)=O)[*],[*]NC(CCCCNC(C(C)=C)=O)C(N1CCCC1C(NCC(N2CC(O)CC2C(NC(COC(C(C)=C)=O)C(NCC([*])=O)=O)=O)=O)=O)=O
Pair_68,[*]NC(CCC([*])=O)C(O)=O,[*]NC(CCCCNC(C(C)=C)=O)C(N1CCCC1C(NCC(N2CC(O)CC2C(NC(COC(C(C)=C)=O)C(NCC([*])=O)=O)=O)=O)=O)=O
Pair_69,[*]C(C)(C(OCCN(C)C)=O)C[*],[*]NC(CCCCNC(C(C)=C)=O)C(N1CCCC1C(NCC(N2CC(O)CC2C(NC(COC(C(C)=C)=O)C(NCC([*])=O)=O)=O)=O)=O)=O
Pair_70,O=C(C(OC(C=O)OC1C(C(C(OC1C(O[Na])=O)O[*])O)O)C(C=O)[*])O[Na],[*]NC(CCCCNC(C(C)=C)=O)C(N1CCCC1C(NCC(N2CC(O)CC2C(NC(COC(C(C)=C)=O)C(NCC([*])=O)=O)=O)=O)=O)=O
Pair_73,OCC(C(C(C1N)O)O[*])OC1OC2C(OC(C(C2O)N)[*])CO,[*]C([H])([H])C(O)([H])[*]
Pair_74,OCC(C(C(C1N)O)O[*])OC1OC2C(OC(C(C2O)N)[*])CO,[*]OC1C(C(O)=O)OC(OC2C(NC(C)=O)C([*])OC(CO)C2O)C(O)C1O
Pair_75,OCC(C(C(C1N)O)O[*])OC1OC2C(OC(C(C2O)N)[*])CO,[H]N(C([H])([H])C(N([H])C(C)([H])C(N(C([H])([H])C([*])=O)[H])=O)=O)C(C(N([*])[H])(C)[H])=O
Pair_76,OCC(C(C(C1N)O)O[*])OC1OC2C(OC(C(C2O)N)[*])CO,[*]C1C(C(C(OC1C(O[Na])=O)OC2C(C(O[Na])=O)OC(O[*])C(O)C2O)O)O
Pair_77,OCC(C(C(C1N)O)O[*])OC1OC2C(OC(C(C2O)N)[*])CO,[*]OCC[*]
Pair_78,OCC(C(C(C1N)O)O[*])OC1OC2C(OC(C(C2O)N)[*])CO,OCC1OC(C(C(C1[*])O)O)OC2C(C(C(OC2CO)O[*])O)O
Pair_79,OC1C(OC(C(C1O)O)[*])CO[*],OCC(C(C(C1N)O)O[*])OC1OC2C(OC(C(C2O)N)[*])CO
Pair_80,OCC(C(C(C1N)O)O[*])OC1OC2C(OC(C(C2O)N)[*])CO,[*]C1=C(C=CN2)C2=C([*])C(O)=C1O
Pair_81,O=C(N)C([*])C[*],OCC(C(C(C1N)O)O[*])OC1OC2C(OC(C(C2O)N)[*])CO
Pair_82,O=C(N([*])C([*])=O)CC=C,OCC(C(C(C1N)O)O[*])OC1OC2C(OC(C(C2O)N)[*])CO
Pair_83,O=C(C(C[*])[*])N,OCC(C(C(C1N)O)O[*])OC1OC2C(OC(C(C2O)N)[*])CO
Pair_84,OCC(C(C(C1N)O)O[*])OC1OC2C(OC(C(C2O)N)[*])CO,[*]C([C@H](C)OC([C@H](C)O[*])=O)=O
Pair_85,OCC(C(C(C1N)O)O[*])OC1OC2C(OC(C(C2O)N)[*])CO,OCC1OC(C(C(C1O[*])O)NC(C)=O)OC2C(O)C(C(OC2CO)[*])NC(C)=O
Pair_86,OCC(C(C(C1N)O)O[*])OC1OC2C(OC(C(C2O)N)[*])CO,[*]NC(C(O)=O)CCC([*])=O
Pair_87,OCC(C(C(C1N)O)O[*])OC1OC2C(OC(C(C2O)N)[*])CO,[*]C1C(OC(C(C1O)O)OC2C(OC(C(C2O)O)OC3C(OC(C(C3O)O)O[*])CO)CO)CO
Pair_88,OCC(C(C(C1N)O)O[*])OC1OC2C(OC(C(C2O)N)[*])CO,[*]C(CCCCCO[*])=O
Pair_89,OCC(C(C(C1N)O)O[*])OC1OC2C(OC(C(C2O)N)[*])CO,[*]C(C)C(OCC(O[*])=O)=O
Pair_90,O=C(N1C(C([*])=O)CC(O)C1)CNC(C2CCCN2[*])=O,OCC(C(C(C1N)O)O[*])OC1OC2C(OC(C(C2O)N)[*])CO
Pair_91,COC(C(C[*])([*])C)=O,OCC(C(C(C1N)O)O[*])OC1OC2C(OC(C(C2O)N)[*])CO
Pair_92,CC(NC1C([C@@H](C(O[C@H]1O[*])CO)O[C@@H]2OC([C@H]([C@@H](C2NC(C)=O)O)[*])CO)O)=O,OCC(C(C(C1N)O)O[*])OC1OC2C(OC(C(C2O)N)[*])CO
Pair_93,OCC(C(C(C1N)O)O[*])OC1OC2C(OC(C(C2O)N)[*])CO,[H]N(C(O[*])=O)CCCCCCN(C(OCCCCO[*])=O)[H]
Pair_94,O=C([*])CCCCCO[*],OCC(C(C(C1N)O)O[*])OC1OC2C(OC(C(C2O)N)[*])CO
Pair_95,OCC(C(C(C1N)O)O[*])OC1OC2C(OC(C(C2O)N)[*])CO,[*]OC1OC(CO)C(OC2C(O)C(O)C([*])C(CO)O2)C(O)C1O
Pair_96,OCC(C(C(C1N)O)O[*])OC1OC2C(OC(C(C2O)N)[*])CO,[*]CC(C)(C(OCCO)=O)[*]
Pair_97,OCC(C(C(C1N)O)O[*])OC1OC2C(OC(C(C2O)N)[*])CO,[*]C(N(CN(C(OCOC(N(CN(C(OCCO[*])=O)[H])[H])=O)=O)[H])[H])=O
Pair_98,O=C([*])C(C)O[*],OCC(C(C(C1N)O)O[*])OC1OC2C(OC(C(C2O)N)[*])CO
Pair_99,COCC1OC(OC2C(CO)OC(O[*])C(OC)C2OC)C(OC)C(O)C1O[*],OCC(C(C(C1N)O)O[*])OC1OC2C(OC(C(C2O)N)[*])CO
Pair_100,CC(NC1C(OC(C(C1OC2OC(C(C(C2OCC(COC(C(C)=C)=O)O)O)O[*])C([O-])=O)O)O)O[*])=O,OCC(C(C(C1N)O)O[*])OC1OC2C(OC(C(C2O)N)[*])CO
Pair_101,OCC(C(C(C1N)O)O[*])OC1OC2C(OC(C(C2O)N)[*])CO,[*]OC1C(C(C(OC1C)OC2C(C(OC(C2O)COC(C)=O)OC3C(C(C(OC3C(O)=O)OC4C(C(C(OC4CO)O[*])O)O)O)O)OC(C(O)CO)=O)O)O
Pair_102,OCC(C(C(C1N)O)O[*])OC1OC2C(OC(C(C2O)N)[*])CO,[*]CC(C1=CC=C(C=C1)S(O)(=O)=O)[*]
Pair_103,OCC(C(C(C1N)O)O[*])OC1OC2C(OC(C(C2O)N)[*])CO,[*]NC(CCC([*])=O)C(O)=O
Pair_104,OCC(C(C(C1N)O)O[*])OC1OC2C(OC(C(C2O)N)[*])CO,[*]C(C)(C(OCCN(C)C)=O)C[*]
Pair_105,O=C(C(OC(C=O)OC1C(C(C(OC1C(O[Na])=O)O[*])O)O)C(C=O)[*])O[Na],OCC(C(C(C1N)O)O[*])OC1OC2C(OC(C(C2O)N)[*])CO
Pair_109,[*]C([H])([H])C(O)([H])[*],[*]OC1C(C(O)=O)OC(OC2C(NC(C)=O)C([*])OC(CO)C2O)C(O)C1O
Pair_110,[*]C([H])([H])C(O)([H])[*],[H]N(C([H])([H])C(N([H])C(C)([H])C(N(C([H])([H])C([*])=O)[H])=O)=O)C(C(N([*])[H])(C)[H])=O
Pair_111,[*]C([H])([H])C(O)([H])[*],[*]C1C(C(C(OC1C(O[Na])=O)OC2C(C(O[Na])=O)OC(O[*])C(O)C2O)O)O
Pair_112,[*]C([H])([H])C(O)([H])[*],[*]OCC[*]
Pair_113,OCC1OC(C(C(C1[*])O)O)OC2C(C(C(OC2CO)O[*])O)O,[*]C([H])([H])C(O)([H])[*]
Pair_114,OC1C(OC(C(C1O)O)[*])CO[*],[*]C([H])([H])C(O)([H])[*]
Pair_115,[*]C([H])([H])C(O)([H])[*],[*]C1=C(C=CN2)C2=C([*])C(O)=C1O
Pair_116,O=C(N)C([*])C[*],[*]C([H])([H])C(O)([H])[*]
Pair_117,O=C(N([*])C([*])=O)CC=C,[*]C([H])([H])C(O)([H])[*]
Pair_118,O=C(C(C[*])[*])N,[*]C([H])([H])C(O)([H])[*]
Pair_119,[*]C([C@H](C)OC([C@H](C)O[*])=O)=O,[*]C([H])([H])C(O)([H])[*]
Pair_120,OCC1OC(C(C(C1O[*])O)NC(C)=O)OC2C(O)C(C(OC2CO)[*])NC(C)=O,[*]C([H])([H])C(O)([H])[*]
Pair_121,[*]C([H])([H])C(O)([H])[*],[*]NC(C(O)=O)CCC([*])=O
Pair_122,[*]C([H])([H])C(O)([H])[*],[*]C1C(OC(C(C1O)O)OC2C(OC(C(C2O)O)OC3C(OC(C(C3O)O)O[*])CO)CO)CO
Pair_123,[*]C(CCCCCO[*])=O,[*]C([H])([H])C(O)([H])[*]
Pair_124,[*]C(C)C(OCC(O[*])=O)=O,[*]C([H])([H])C(O)([H])[*]
Pair_125,O=C(N1C(C([*])=O)CC(O)C1)CNC(C2CCCN2[*])=O,[*]C([H])([H])C(O)([H])[*]
Pair_126,COC(C(C[*])([*])C)=O,[*]C([H])([H])C(O)([H])[*]
Pair_127,CC(NC1C([C@@H](C(O[C@H]1O[*])CO)O[C@@H]2OC([C@H]([C@@H](C2NC(C)=O)O)[*])CO)O)=O,[*]C([H])([H])C(O)([H])[*]
Pair_128,[*]C([H])([H])C(O)([H])[*],[H]N(C(O[*])=O)CCCCCCN(C(OCCCCO[*])=O)[H]
Pair_129,O=C([*])CCCCCO[*],[*]C([H])([H])C(O)([H])[*]
Pair_130,[*]C([H])([H])C(O)([H])[*],[*]OC1OC(CO)C(OC2C(O)C(O)C([*])C(CO)O2)C(O)C1O
Pair_131,[*]C([H])([H])C(O)([H])[*],[*]CC(C)(C(OCCO)=O)[*]
Pair_132,[*]C(N(CN(C(OCOC(N(CN(C(OCCO[*])=O)[H])[H])=O)=O)[H])[H])=O,[*]C([H])([H])C(O)([H])[*]
Pair_133,O=C([*])C(C)O[*],[*]C([H])([H])C(O)([H])[*]
Pair_134,COCC1OC(OC2C(CO)OC(O[*])C(OC)C2OC)C(OC)C(O)C1O[*],[*]C([H])([H])C(O)([H])[*]
Pair_135,CC(NC1C(OC(C(C1OC2OC(C(C(C2OCC(COC(C(C)=C)=O)O)O)O[*])C([O-])=O)O)O)O[*])=O,[*]C([H])([H])C(O)([H])[*]
Pair_136,[*]C([H])([H])C(O)([H])[*],[*]OC1C(C(C(OC1C)OC2C(C(OC(C2O)COC(C)=O)OC3C(C(C(OC3C(O)=O)OC4C(C(C(OC4CO)O[*])O)O)O)O)OC(C(O)CO)=O)O)O
Pair_137,[*]C([H])([H])C(O)([H])[*],[*]CC(C1=CC=C(C=C1)S(O)(=O)=O)[*]
Pair_138,[*]C([H])([H])C(O)([H])[*],[*]NC(CCC([*])=O)C(O)=O
Pair_139,[*]C(C)(C(OCCN(C)C)=O)C[*],[*]C([H])([H])C(O)([H])[*]
Pair_140,O=C(C(OC(C=O)OC1C(C(C(OC1C(O[Na])=O)O[*])O)O)C(C=O)[*])O[Na],[*]C([H])([H])C(O)([H])[*]
Pair_145,[*]OC1C(C(O)=O)OC(OC2C(NC(C)=O)C([*])OC(CO)C2O)C(O)C1O,[H]N(C([H])([H])C(N([H])C(C)([H])C(N(C([H])([H])C([*])=O)[H])=O)=O)C(C(N([*])[H])(C)[H])=O
Pair_146,[*]C1C(C(C(OC1C(O[Na])=O)OC2C(C(O[Na])=O)OC(O[*])C(O)C2O)O)O,[*]OC1C(C(O)=O)OC(OC2C(NC(C)=O)C([*])OC(CO)C2O)C(O)C1O
Pair_147,[*]OC1C(C(O)=O)OC(OC2C(NC(C)=O)C([*])OC(CO)C2O)C(O)C1O,[*]OCC[*]
Pair_148,OCC1OC(C(C(C1[*])O)O)OC2C(C(C(OC2CO)O[*])O)O,[*]OC1C(C(O)=O)OC(OC2C(NC(C)=O)C([*])OC(CO)C2O)C(O)C1O
Pair_149,OC1C(OC(C(C1O)O)[*])CO[*],[*]OC1C(C(O)=O)OC(OC2C(NC(C)=O)C([*])OC(CO)C2O)C(O)C1O
Pair_150,[*]C1=C(C=CN2)C2=C([*])C(O)=C1O,[*]OC1C(C(O)=O)OC(OC2C(NC(C)=O)C([*])OC(CO)C2O)C(O)C1O
Pair_151,O=C(N)C([*])C[*],[*]OC1C(C(O)=O)OC(OC2C(NC(C)=O)C([*])OC(CO)C2O)C(O)C1O
Pair_152,O=C(N([*])C([*])=O)CC=C,[*]OC1C(C(O)=O)OC(OC2C(NC(C)=O)C([*])OC(CO)C2O)C(O)C1O
Pair_153,O=C(C(C[*])[*])N,[*]OC1C(C(O)=O)OC(OC2C(NC(C)=O)C([*])OC(CO)C2O)C(O)C1O
Pair_154,[*]C([C@H](C)OC([C@H](C)O[*])=O)=O,[*]OC1C(C(O)=O)OC(OC2C(NC(C)=O)C([*])OC(CO)C2O)C(O)C1O
Pair_155,OCC1OC(C(C(C1O[*])O)NC(C)=O)OC2C(O)C(C(OC2CO)[*])NC(C)=O,[*]OC1C(C(O)=O)OC(OC2C(NC(C)=O)C([*])OC(CO)C2O)C(O)C1O
Pair_156,[*]NC(C(O)=O)CCC([*])=O,[*]OC1C(C(O)=O)OC(OC2C(NC(C)=O)C([*])OC(CO)C2O)C(O)C1O
Pair_157,[*]C1C(OC(C(C1O)O)OC2C(OC(C(C2O)O)OC3C(OC(C(C3O)O)O[*])CO)CO)CO,[*]OC1C(C(O)=O)OC(OC2C(NC(C)=O)C([*])OC(CO)C2O)C(O)C1O
Pair_158,[*]C(CCCCCO[*])=O,[*]OC1C(C(O)=O)OC(OC2C(NC(C)=O)C([*])OC(CO)C2O)C(O)C1O
Pair_159,[*]C(C)C(OCC(O[*])=O)=O,[*]OC1C(C(O)=O)OC(OC2C(NC(C)=O)C([*])OC(CO)C2O)C(O)C1O
Pair_160,O=C(N1C(C([*])=O)CC(O)C1)CNC(C2CCCN2[*])=O,[*]OC1C(C(O)=O)OC(OC2C(NC(C)=O)C([*])OC(CO)C2O)C(O)C1O
Pair_161,COC(C(C[*])([*])C)=O,[*]OC1C(C(O)=O)OC(OC2C(NC(C)=O)C([*])OC(CO)C2O)C(O)C1O
Pair_162,CC(NC1C([C@@H](C(O[C@H]1O[*])CO)O[C@@H]2OC([C@H]([C@@H](C2NC(C)=O)O)[*])CO)O)=O,[*]OC1C(C(O)=O)OC(OC2C(NC(C)=O)C([*])OC(CO)C2O)C(O)C1O
Pair_163,[*]OC1C(C(O)=O)OC(OC2C(NC(C)=O)C([*])OC(CO)C2O)C(O)C1O,[H]N(C(O[*])=O)CCCCCCN(C(OCCCCO[*])=O)[H]
Pair_164,O=C([*])CCCCCO[*],[*]OC1C(C(O)=O)OC(OC2C(NC(C)=O)C([*])OC(CO)C2O)C(O)C1O
Pair_165,[*]OC1C(C(O)=O)OC(OC2C(NC(C)=O)C([*])OC(CO)C2O)C(O)C1O,[*]OC1OC(CO)C(OC2C(O)C(O)C([*])C(CO)O2)C(O)C1O
Pair_166,[*]CC(C)(C(OCCO)=O)[*],[*]OC1C(C(O)=O)OC(OC2C(NC(C)=O)C([*])OC(CO)C2O)C(O)C1O
Pair_167,[*]C(N(CN(C(OCOC(N(CN(C(OCCO[*])=O)[H])[H])=O)=O)[H])[H])=O,[*]OC1C(C(O)=O)OC(OC2C(NC(C)=O)C([*])OC(CO)C2O)C(O)C1O
Pair_168,O=C([*])C(C)O[*],[*]OC1C(C(O)=O)OC(OC2C(NC(C)=O)C([*])OC(CO)C2O)C(O)C1O
Pair_169,COCC1OC(OC2C(CO)OC(O[*])C(OC)C2OC)C(OC)C(O)C1O[*],[*]OC1C(C(O)=O)OC(OC2C(NC(C)=O)C([*])OC(CO)C2O)C(O)C1O
Pair_170,CC(NC1C(OC(C(C1OC2OC(C(C(C2OCC(COC(C(C)=C)=O)O)O)O[*])C([O-])=O)O)O)O[*])=O,[*]OC1C(C(O)=O)OC(OC2C(NC(C)=O)C([*])OC(CO)C2O)C(O)C1O
Pair_171,[*]OC1C(C(C(OC1C)OC2C(C(OC(C2O)COC(C)=O)OC3C(C(C(OC3C(O)=O)OC4C(C(C(OC4CO)O[*])O)O)O)O)OC(C(O)CO)=O)O)O,[*]OC1C(C(O)=O)OC(OC2C(NC(C)=O)C([*])OC(CO)C2O)C(O)C1O
Pair_172,[*]CC(C1=CC=C(C=C1)S(O)(=O)=O)[*],[*]OC1C(C(O)=O)OC(OC2C(NC(C)=O)C([*])OC(CO)C2O)C(O)C1O
Pair_173,[*]NC(CCC([*])=O)C(O)=O,[*]OC1C(C(O)=O)OC(OC2C(NC(C)=O)C([*])OC(CO)C2O)C(O)C1O
Pair_174,[*]C(C)(C(OCCN(C)C)=O)C[*],[*]OC1C(C(O)=O)OC(OC2C(NC(C)=O)C([*])OC(CO)C2O)C(O)C1O
Pair_175,O=C(C(OC(C=O)OC1C(C(C(OC1C(O[Na])=O)O[*])O)O)C(C=O)[*])O[Na],[*]OC1C(C(O)=O)OC(OC2C(NC(C)=O)C([*])OC(CO)C2O)C(O)C1O
Pair_181,[*]C1C(C(C(OC1C(O[Na])=O)OC2C(C(O[Na])=O)OC(O[*])C(O)C2O)O)O,[H]N(C([H])([H])C(N([H])C(C)([H])C(N(C([H])([H])C([*])=O)[H])=O)=O)C(C(N([*])[H])(C)[H])=O
Pair_182,[*]OCC[*],[H]N(C([H])([H])C(N([H])C(C)([H])C(N(C([H])([H])C([*])=O)[H])=O)=O)C(C(N([*])[H])(C)[H])=O
Pair_183,OCC1OC(C(C(C1[*])O)O)OC2C(C(C(OC2CO)O[*])O)O,[H]N(C([H])([H])C(N([H])C(C)([H])C(N(C([H])([H])C([*])=O)[H])=O)=O)C(C(N([*])[H])(C)[H])=O
Pair_184,OC1C(OC(C(C1O)O)[*])CO[*],[H]N(C([H])([H])C(N([H])C(C)([H])C(N(C([H])([H])C([*])=O)[H])=O)=O)C(C(N([*])[H])(C)[H])=O
Pair_185,[*]C1=C(C=CN2)C2=C([*])C(O)=C1O,[H]N(C([H])([H])C(N([H])C(C)([H])C(N(C([H])([H])C([*])=O)[H])=O)=O)C(C(N([*])[H])(C)[H])=O
Pair_186,O=C(N)C([*])C[*],[H]N(C([H])([H])C(N([H])C(C)([H])C(N(C([H])([H])C([*])=O)[H])=O)=O)C(C(N([*])[H])(C)[H])=O
Pair_187,O=C(N([*])C([*])=O)CC=C,[H]N(C([H])([H])C(N([H])C(C)([H])C(N(C([H])([H])C([*])=O)[H])=O)=O)C(C(N([*])[H])(C)[H])=O
Pair_188,O=C(C(C[*])[*])N,[H]N(C([H])([H])C(N([H])C(C)([H])C(N(C([H])([H])C([*])=O)[H])=O)=O)C(C(N([*])[H])(C)[H])=O
Pair_189,[*]C([C@H](C)OC([C@H](C)O[*])=O)=O,[H]N(C([H])([H])C(N([H])C(C)([H])C(N(C([H])([H])C([*])=O)[H])=O)=O)C(C(N([*])[H])(C)[H])=O
Pair_190,OCC1OC(C(C(C1O[*])O)NC(C)=O)OC2C(O)C(C(OC2CO)[*])NC(C)=O,[H]N(C([H])([H])C(N([H])C(C)([H])C(N(C([H])([H])C([*])=O)[H])=O)=O)C(C(N([*])[H])(C)[H])=O
Pair_191,[*]NC(C(O)=O)CCC([*])=O,[H]N(C([H])([H])C(N([H])C(C)([H])C(N(C([H])([H])C([*])=O)[H])=O)=O)C(C(N([*])[H])(C)[H])=O
Pair_192,[*]C1C(OC(C(C1O)O)OC2C(OC(C(C2O)O)OC3C(OC(C(C3O)O)O[*])CO)CO)CO,[H]N(C([H])([H])C(N([H])C(C)([H])C(N(C([H])([H])C([*])=O)[H])=O)=O)C(C(N([*])[H])(C)[H])=O
Pair_193,[*]C(CCCCCO[*])=O,[H]N(C([H])([H])C(N([H])C(C)([H])C(N(C([H])([H])C([*])=O)[H])=O)=O)C(C(N([*])[H])(C)[H])=O
Pair_194,[*]C(C)C(OCC(O[*])=O)=O,[H]N(C([H])([H])C(N([H])C(C)([H])C(N(C([H])([H])C([*])=O)[H])=O)=O)C(C(N([*])[H])(C)[H])=O
Pair_195,O=C(N1C(C([*])=O)CC(O)C1)CNC(C2CCCN2[*])=O,[H]N(C([H])([H])C(N([H])C(C)([H])C(N(C([H])([H])C([*])=O)[H])=O)=O)C(C(N([*])[H])(C)[H])=O
Pair_196,COC(C(C[*])([*])C)=O,[H]N(C([H])([H])C(N([H])C(C)([H])C(N(C([H])([H])C([*])=O)[H])=O)=O)C(C(N([*])[H])(C)[H])=O
Pair_197,CC(NC1C([C@@H](C(O[C@H]1O[*])CO)O[C@@H]2OC([C@H]([C@@H](C2NC(C)=O)O)[*])CO)O)=O,[H]N(C([H])([H])C(N([H])C(C)([H])C(N(C([H])([H])C([*])=O)[H])=O)=O)C(C(N([*])[H])(C)[H])=O
Pair_198,[H]N(C(O[*])=O)CCCCCCN(C(OCCCCO[*])=O)[H],[H]N(C([H])([H])C(N([H])C(C)([H])C(N(C([H])([H])C([*])=O)[H])=O)=O)C(C(N([*])[H])(C)[H])=O
Pair_199,O=C([*])CCCCCO[*],[H]N(C([H])([H])C(N([H])C(C)([H])C(N(C([H])([H])C([*])=O)[H])=O)=O)C(C(N([*])[H])(C)[H])=O
Pair_200,[*]OC1OC(CO)C(OC2C(O)C(O)C([*])C(CO)O2)C(O)C1O,[H]N(C([H])([H])C(N([H])C(C)([H])C(N(C([H])([H])C([*])=O)[H])=O)=O)C(C(N([*])[H])(C)[H])=O
Pair_201,[*]CC(C)(C(OCCO)=O)[*],[H]N(C([H])([H])C(N([H])C(C)([H])C(N(C([H])([H])C([*])=O)[H])=O)=O)C(C(N([*])[H])(C)[H])=O
Pair_202,[*]C(N(CN(C(OCOC(N(CN(C(OCCO[*])=O)[H])[H])=O)=O)[H])[H])=O,[H]N(C([H])([H])C(N([H])C(C)([H])C(N(C([H])([H])C([*])=O)[H])=O)=O)C(C(N([*])[H])(C)[H])=O
Pair_203,O=C([*])C(C)O[*],[H]N(C([H])([H])C(N([H])C(C)([H])C(N(C([H])([H])C([*])=O)[H])=O)=O)C(C(N([*])[H])(C)[H])=O
Pair_204,COCC1OC(OC2C(CO)OC(O[*])C(OC)C2OC)C(OC)C(O)C1O[*],[H]N(C([H])([H])C(N([H])C(C)([H])C(N(C([H])([H])C([*])=O)[H])=O)=O)C(C(N([*])[H])(C)[H])=O
Pair_205,CC(NC1C(OC(C(C1OC2OC(C(C(C2OCC(COC(C(C)=C)=O)O)O)O[*])C([O-])=O)O)O)O[*])=O,[H]N(C([H])([H])C(N([H])C(C)([H])C(N(C([H])([H])C([*])=O)[H])=O)=O)C(C(N([*])[H])(C)[H])=O
Pair_206,[*]OC1C(C(C(OC1C)OC2C(C(OC(C2O)COC(C)=O)OC3C(C(C(OC3C(O)=O)OC4C(C(C(OC4CO)O[*])O)O)O)O)OC(C(O)CO)=O)O)O,[H]N(C([H])([H])C(N([H])C(C)([H])C(N(C([H])([H])C([*])=O)[H])=O)=O)C(C(N([*])[H])(C)[H])=O
Pair_207,[*]CC(C1=CC=C(C=C1)S(O)(=O)=O)[*],[H]N(C([H])([H])C(N([H])C(C)([H])C(N(C([H])([H])C([*])=O)[H])=O)=O)C(C(N([*])[H])(C)[H])=O
Pair_208,[*]NC(CCC([*])=O)C(O)=O,[H]N(C([H])([H])C(N([H])C(C)([H])C(N(C([H])([H])C([*])=O)[H])=O)=O)C(C(N([*])[H])(C)[H])=O
Pair_209,[*]C(C)(C(OCCN(C)C)=O)C[*],[H]N(C([H])([H])C(N([H])C(C)([H])C(N(C([H])([H])C([*])=O)[H])=O)=O)C(C(N([*])[H])(C)[H])=O
Pair_210,O=C(C(OC(C=O)OC1C(C(C(OC1C(O[Na])=O)O[*])O)O)C(C=O)[*])O[Na],[H]N(C([H])([H])C(N([H])C(C)([H])C(N(C([H])([H])C([*])=O)[H])=O)=O)C(C(N([*])[H])(C)[H])=O
Pair_217,[*]C1C(C(C(OC1C(O[Na])=O)OC2C(C(O[Na])=O)OC(O[*])C(O)C2O)O)O,[*]OCC[*]
Pair_218,OCC1OC(C(C(C1[*])O)O)OC2C(C(C(OC2CO)O[*])O)O,[*]C1C(C(C(OC1C(O[Na])=O)OC2C(C(O[Na])=O)OC(O[*])C(O)C2O)O)O
Pair_219,OC1C(OC(C(C1O)O)[*])CO[*],[*]C1C(C(C(OC1C(O[Na])=O)OC2C(C(O[Na])=O)OC(O[*])C(O)C2O)O)O
Pair_220,[*]C1=C(C=CN2)C2=C([*])C(O)=C1O,[*]C1C(C(C(OC1C(O[Na])=O)OC2C(C(O[Na])=O)OC(O[*])C(O)C2O)O)O
Pair_221,O=C(N)C([*])C[*],[*]C1C(C(C(OC1C(O[Na])=O)OC2C(C(O[Na])=O)OC(O[*])C(O)C2O)O)O
Pair_222,O=C(N([*])C([*])=O)CC=C,[*]C1C(C(C(OC1C(O[Na])=O)OC2C(C(O[Na])=O)OC(O[*])C(O)C2O)O)O
Pair_223,O=C(C(C[*])[*])N,[*]C1C(C(C(OC1C(O[Na])=O)OC2C(C(O[Na])=O)OC(O[*])C(O)C2O)O)O
Pair_224,[*]C([C@H](C)OC([C@H](C)O[*])=O)=O,[*]C1C(C(C(OC1C(O[Na])=O)OC2C(C(O[Na])=O)OC(O[*])C(O)C2O)O)O
Pair_225,OCC1OC(C(C(C1O[*])O)NC(C)=O)OC2C(O)C(C(OC2CO)[*])NC(C)=O,[*]C1C(C(C(OC1C(O[Na])=O)OC2C(C(O[Na])=O)OC(O[*])C(O)C2O)O)O
Pair_226,[*]C1C(C(C(OC1C(O[Na])=O)OC2C(C(O[Na])=O)OC(O[*])C(O)C2O)O)O,[*]NC(C(O)=O)CCC([*])=O
Pair_227,[*]C1C(C(C(OC1C(O[Na])=O)OC2C(C(O[Na])=O)OC(O[*])C(O)C2O)O)O,[*]C1C(OC(C(C1O)O)OC2C(OC(C(C2O)O)OC3C(OC(C(C3O)O)O[*])CO)CO)CO
Pair_228,[*]C(CCCCCO[*])=O,[*]C1C(C(C(OC1C(O[Na])=O)OC2C(C(O[Na])=O)OC(O[*])C(O)C2O)O)O
Pair_229,[*]C(C)C(OCC(O[*])=O)=O,[*]C1C(C(C(OC1C(O[Na])=O)OC2C(C(O[Na])=O)OC(O[*])C(O)C2O)O)O
Pair_230,O=C(N1C(C([*])=O)CC(O)C1)CNC(C2CCCN2[*])=O,[*]C1C(C(C(OC1C(O[Na])=O)OC2C(C(O[Na])=O)OC(O[*])C(O)C2O)O)O
Pair_231,COC(C(C[*])([*])C)=O,[*]C1C(C(C(OC1C(O[Na])=O)OC2C(C(O[Na])=O)OC(O[*])C(O)C2O)O)O
Pair_232,CC(NC1C([C@@H](C(O[C@H]1O[*])CO)O[C@@H]2OC([C@H]([C@@H](C2NC(C)=O)O)[*])CO)O)=O,[*]C1C(C(C(OC1C(O[Na])=O)OC2C(C(O[Na])=O)OC(O[*])C(O)C2O)O)O
Pair_233,[*]C1C(C(C(OC1C(O[Na])=O)OC2C(C(O[Na])=O)OC(O[*])C(O)C2O)O)O,[H]N(C(O[*])=O)CCCCCCN(C(OCCCCO[*])=O)[H]
Pair_234,O=C([*])CCCCCO[*],[*]C1C(C(C(OC1C(O[Na])=O)OC2C(C(O[Na])=O)OC(O[*])C(O)C2O)O)O
Pair_235,[*]C1C(C(C(OC1C(O[Na])=O)OC2C(C(O[Na])=O)OC(O[*])C(O)C2O)O)O,[*]OC1OC(CO)C(OC2C(O)C(O)C([*])C(CO)O2)C(O)C1O
Pair_236,[*]C1C(C(C(OC1C(O[Na])=O)OC2C(C(O[Na])=O)OC(O[*])C(O)C2O)O)O,[*]CC(C)(C(OCCO)=O)[*]
Pair_237,[*]C(N(CN(C(OCOC(N(CN(C(OCCO[*])=O)[H])[H])=O)=O)[H])[H])=O,[*]C1C(C(C(OC1C(O[Na])=O)OC2C(C(O[Na])=O)OC(O[*])C(O)C2O)O)O
Pair_238,O=C([*])C(C)O[*],[*]C1C(C(C(OC1C(O[Na])=O)OC2C(C(O[Na])=O)OC(O[*])C(O)C2O)O)O
Pair_239,COCC1OC(OC2C(CO)OC(O[*])C(OC)C2OC)C(OC)C(O)C1O[*],[*]C1C(C(C(OC1C(O[Na])=O)OC2C(C(O[Na])=O)OC(O[*])C(O)C2O)O)O
Pair_240,CC(NC1C(OC(C(C1OC2OC(C(C(C2OCC(COC(C(C)=C)=O)O)O)O[*])C([O-])=O)O)O)O[*])=O,[*]C1C(C(C(OC1C(O[Na])=O)OC2C(C(O[Na])=O)OC(O[*])C(O)C2O)O)O
Pair_241,[*]C1C(C(C(OC1C(O[Na])=O)OC2C(C(O[Na])=O)OC(O[*])C(O)C2O)O)O,[*]OC1C(C(C(OC1C)OC2C(C(OC(C2O)COC(C)=O)OC3C(C(C(OC3C(O)=O)OC4C(C(C(OC4CO)O[*])O)O)O)O)OC(C(O)CO)=O)O)O
Pair_242,[*]C1C(C(C(OC1C(O[Na])=O)OC2C(C(O[Na])=O)OC(O[*])C(O)C2O)O)O,[*]CC(C1=CC=C(C=C1)S(O)(=O)=O)[*]
Pair_243,[*]C1C(C(C(OC1C(O[Na])=O)OC2C(C(O[Na])=O)OC(O[*])C(O)C2O)O)O,[*]NC(CCC([*])=O)C(O)=O
Pair_244,[*]C(C)(C(OCCN(C)C)=O)C[*],[*]C1C(C(C(OC1C(O[Na])=O)OC2C(C(O[Na])=O)OC(O[*])C(O)C2O)O)O
Pair_245,O=C(C(OC(C=O)OC1C(C(C(OC1C(O[Na])=O)O[*])O)O)C(C=O)[*])O[Na],[*]C1C(C(C(OC1C(O[Na])=O)OC2C(C(O[Na])=O)OC(O[*])C(O)C2O)O)O
Pair_253,OCC1OC(C(C(C1[*])O)O)OC2C(C(C(OC2CO)O[*])O)O,[*]OCC[*]
Pair_254,OC1C(OC(C(C1O)O)[*])CO[*],[*]OCC[*]
Pair_255,[*]C1=C(C=CN2)C2=C([*])C(O)=C1O,[*]OCC[*]
Pair_256,O=C(N)C([*])C[*],[*]OCC[*]
Pair_257,O=C(N([*])C([*])=O)CC=C,[*]OCC[*]
Pair_258,O=C(C(C[*])[*])N,[*]OCC[*]
Pair_259,[*]C([C@H](C)OC([C@H](C)O[*])=O)=O,[*]OCC[*]
Pair_260,OCC1OC(C(C(C1O[*])O)NC(C)=O)OC2C(O)C(C(OC2CO)[*])NC(C)=O,[*]OCC[*]
Pair_261,[*]NC(C(O)=O)CCC([*])=O,[*]OCC[*]
Pair_262,[*]C1C(OC(C(C1O)O)OC2C(OC(C(C2O)O)OC3C(OC(C(C3O)O)O[*])CO)CO)CO,[*]OCC[*]
Pair_263,[*]C(CCCCCO[*])=O,[*]OCC[*]
Pair_264,[*]C(C)C(OCC(O[*])=O)=O,[*]OCC[*]
Pair_265,O=C(N1C(C([*])=O)CC(O)C1)CNC(C2CCCN2[*])=O,[*]OCC[*]
Pair_266,COC(C(C[*])([*])C)=O,[*]OCC[*]
Pair_267,CC(NC1C([C@@H](C(O[C@H]1O[*])CO)O[C@@H]2OC([C@H]([C@@H](C2NC(C)=O)O)[*])CO)O)=O,[*]OCC[*]
Pair_268,[*]OCC[*],[H]N(C(O[*])=O)CCCCCCN(C(OCCCCO[*])=O)[H]
Pair_269,O=C([*])CCCCCO[*],[*]OCC[*]
Pair_270,[*]OC1OC(CO)C(OC2C(O)C(O)C([*])C(CO)O2)C(O)C1O,[*]OCC[*]
Pair_271,[*]CC(C)(C(OCCO)=O)[*],[*]OCC[*]
Pair_272,[*]C(N(CN(C(OCOC(N(CN(C(OCCO[*])=O)[H])[H])=O)=O)[H])[H])=O,[*]OCC[*]
Pair_273,O=C([*])C(C)O[*],[*]OCC[*]
Pair_274,COCC1OC(OC2C(CO)OC(O[*])C(OC)C2OC)C(OC)C(O)C1O[*],[*]OCC[*]
Pair_275,CC(NC1C(OC(C(C1OC2OC(C(C(C2OCC(COC(C(C)=C)=O)O)O)O[*])C([O-])=O)O)O)O[*])=O,[*]OCC[*]
Pair_276,[*]OC1C(C(C(OC1C)OC2C(C(OC(C2O)COC(C)=O)OC3C(C(C(OC3C(O)=O)OC4C(C(C(OC4CO)O[*])O)O)O)O)OC(C(O)CO)=O)O)O,[*]OCC[*]
Pair_277,[*]CC(C1=CC=C(C=C1)S(O)(=O)=O)[*],[*]OCC[*]
Pair_278,[*]NC(CCC([*])=O)C(O)=O,[*]OCC[*]
Pair_279,[*]C(C)(C(OCCN(C)C)=O)C[*],[*]OCC[*]
Pair_280,O=C(C(OC(C=O)OC1C(C(C(OC1C(O[Na])=O)O[*])O)O)C(C=O)[*])O[Na],[*]OCC[*]
Pair_289,OC1C(OC(C(C1O)O)[*])CO[*],OCC1OC(C(C(C1[*])O)O)OC2C(C(C(OC2CO)O[*])O)O
Pair_290,OCC1OC(C(C(C1[*])O)O)OC2C(C(C(OC2CO)O[*])O)O,[*]C1=C(C=CN2)C2=C([*])C(O)=C1O
Pair_291,O=C(N)C([*])C[*],OCC1OC(C(C(C1[*])O)O)OC2C(C(C(OC2CO)O[*])O)O
Pair_292,O=C(N([*])C([*])=O)CC=C,OCC1OC(C(C(C1[*])O)O)OC2C(C(C(OC2CO)O[*])O)O
Pair_293,O=C(C(C[*])[*])N,OCC1OC(C(C(C1[*])O)O)OC2C(C(C(OC2CO)O[*])O)O
Pair_294,OCC1OC(C(C(C1[*])O)O)OC2C(C(C(OC2CO)O[*])O)O,[*]C([C@H](C)OC([C@H](C)O[*])=O)=O
Pair_295,OCC1OC(C(C(C1O[*])O)NC(C)=O)OC2C(O)C(C(OC2CO)[*])NC(C)=O,OCC1OC(C(C(C1[*])O)O)OC2C(C(C(OC2CO)O[*])O)O
Pair_296,OCC1OC(C(C(C1[*])O)O)OC2C(C(C(OC2CO)O[*])O)O,[*]NC(C(O)=O)CCC([*])=O
Pair_297,OCC1OC(C(C(C1[*])O)O)OC2C(C(C(OC2CO)O[*])O)O,[*]C1C(OC(C(C1O)O)OC2C(OC(C(C2O)O)OC3C(OC(C(C3O)O)O[*])CO)CO)CO
Pair_298,OCC1OC(C(C(C1[*])O)O)OC2C(C(C(OC2CO)O[*])O)O,[*]C(CCCCCO[*])=O
Pair_299,OCC1OC(C(C(C1[*])O)O)OC2C(C(C(OC2CO)O[*])O)O,[*]C(C)C(OCC(O[*])=O)=O
Pair_300,O=C(N1C(C([*])=O)CC(O)C1)CNC(C2CCCN2[*])=O,OCC1OC(C(C(C1[*])O)O)OC2C(C(C(OC2CO)O[*])O)O
Pair_301,COC(C(C[*])([*])C)=O,OCC1OC(C(C(C1[*])O)O)OC2C(C(C(OC2CO)O[*])O)O
Pair_302,CC(NC1C([C@@H](C(O[C@H]1O[*])CO)O[C@@H]2OC([C@H]([C@@H](C2NC(C)=O)O)[*])CO)O)=O,OCC1OC(C(C(C1[*])O)O)OC2C(C(C(OC2CO)O[*])O)O
Pair_303,OCC1OC(C(C(C1[*])O)O)OC2C(C(C(OC2CO)O[*])O)O,[H]N(C(O[*])=O)CCCCCCN(C(OCCCCO[*])=O)[H]
Pair_304,O=C([*])CCCCCO[*],OCC1OC(C(C(C1[*])O)O)OC2C(C(C(OC2CO)O[*])O)O
Pair_305,OCC1OC(C(C(C1[*])O)O)OC2C(C(C(OC2CO)O[*])O)O,[*]OC1OC(CO)C(OC2C(O)C(O)C([*])C(CO)O2)C(O)C1O
Pair_306,OCC1OC(C(C(C1[*])O)O)OC2C(C(C(OC2CO)O[*])O)O,[*]CC(C)(C(OCCO)=O)[*]
Pair_307,OCC1OC(C(C(C1[*])O)O)OC2C(C(C(OC2CO)O[*])O)O,[*]C(N(CN(C(OCOC(N(CN(C(OCCO[*])=O)[H])[H])=O)=O)[H])[H])=O
Pair_308,O=C([*])C(C)O[*],OCC1OC(C(C(C1[*])O)O)OC2C(C(C(OC2CO)O[*])O)O
Pair_309,COCC1OC(OC2C(CO)OC(O[*])C(OC)C2OC)C(OC)C(O)C1O[*],OCC1OC(C(C(C1[*])O)O)OC2C(C(C(OC2CO)O[*])O)O
Pair_310,CC(NC1C(OC(C(C1OC2OC(C(C(C2OCC(COC(C(C)=C)=O)O)O)O[*])C([O-])=O)O)O)O[*])=O,OCC1OC(C(C(C1[*])O)O)OC2C(C(C(OC2CO)O[*])O)O
Pair_311,OCC1OC(C(C(C1[*])O)O)OC2C(C(C(OC2CO)O[*])O)O,[*]OC1C(C(C(OC1C)OC2C(C(OC(C2O)COC(C)=O)OC3C(C(C(OC3C(O)=O)OC4C(C(C(OC4CO)O[*])O)O)O)O)OC(C(O)CO)=O)O)O
Pair_312,OCC1OC(C(C(C1[*])O)O)OC2C(C(C(OC2CO)O[*])O)O,[*]CC(C1=CC=C(C=C1)S(O)(=O)=O)[*]
Pair_313,OCC1OC(C(C(C1[*])O)O)OC2C(C(C(OC2CO)O[*])O)O,[*]NC(CCC([*])=O)C(O)=O
Pair_314,OCC1OC(C(C(C1[*])O)O)OC2C(C(C(OC2CO)O[*])O)O,[*]C(C)(C(OCCN(C)C)=O)C[*]
Pair_315,O=C(C(OC(C=O)OC1C(C(C(OC1C(O[Na])=O)O[*])O)O)C(C=O)[*])O[Na],OCC1OC(C(C(C1[*])O)O)OC2C(C(C(OC2CO)O[*])O)O
Pair_325,OC1C(OC(C(C1O)O)[*])CO[*],[*]C1=C(C=CN2)C2=C([*])C(O)=C1O
Pair_326,O=C(N)C([*])C[*],OC1C(OC(C(C1O)O)[*])CO[*]
Pair_327,O=C(N([*])C([*])=O)CC=C,OC1C(OC(C(C1O)O)[*])CO[*]
Pair_328,O=C(C(C[*])[*])N,OC1C(OC(C(C1O)O)[*])CO[*]
Pair_329,OC1C(OC(C(C1O)O)[*])CO[*],[*]C([C@H](C)OC([C@H](C)O[*])=O)=O
Pair_330,OC1C(OC(C(C1O)O)[*])CO[*],OCC1OC(C(C(C1O[*])O)NC(C)=O)OC2C(O)C(C(OC2CO)[*])NC(C)=O
Pair_331,OC1C(OC(C(C1O)O)[*])CO[*],[*]NC(C(O)=O)CCC([*])=O
Pair_332,OC1C(OC(C(C1O)O)[*])CO[*],[*]C1C(OC(C(C1O)O)OC2C(OC(C(C2O)O)OC3C(OC(C(C3O)O)O[*])CO)CO)CO
Pair_333,OC1C(OC(C(C1O)O)[*])CO[*],[*]C(CCCCCO[*])=O
Pair_334,OC1C(OC(C(C1O)O)[*])CO[*],[*]C(C)C(OCC(O[*])=O)=O
Pair_335,O=C(N1C(C([*])=O)CC(O)C1)CNC(C2CCCN2[*])=O,OC1C(OC(C(C1O)O)[*])CO[*]
Pair_336,COC(C(C[*])([*])C)=O,OC1C(OC(C(C1O)O)[*])CO[*]
Pair_337,CC(NC1C([C@@H](C(O[C@H]1O[*])CO)O[C@@H]2OC([C@H]([C@@H](C2NC(C)=O)O)[*])CO)O)=O,OC1C(OC(C(C1O)O)[*])CO[*]
Pair_338,OC1C(OC(C(C1O)O)[*])CO[*],[H]N(C(O[*])=O)CCCCCCN(C(OCCCCO[*])=O)[H]
Pair_339,O=C([*])CCCCCO[*],OC1C(OC(C(C1O)O)[*])CO[*]
Pair_340,OC1C(OC(C(C1O)O)[*])CO[*],[*]OC1OC(CO)C(OC2C(O)C(O)C([*])C(CO)O2)C(O)C1O
Pair_341,OC1C(OC(C(C1O)O)[*])CO[*],[*]CC(C)(C(OCCO)=O)[*]
Pair_342,OC1C(OC(C(C1O)O)[*])CO[*],[*]C(N(CN(C(OCOC(N(CN(C(OCCO[*])=O)[H])[H])=O)=O)[H])[H])=O
Pair_343,O=C([*])C(C)O[*],OC1C(OC(C(C1O)O)[*])CO[*]
Pair_344,COCC1OC(OC2C(CO)OC(O[*])C(OC)C2OC)C(OC)C(O)C1O[*],OC1C(OC(C(C1O)O)[*])CO[*]
Pair_345,CC(NC1C(OC(C(C1OC2OC(C(C(C2OCC(COC(C(C)=C)=O)O)O)O[*])C([O-])=O)O)O)O[*])=O,OC1C(OC(C(C1O)O)[*])CO[*]
Pair_346,OC1C(OC(C(C1O)O)[*])CO[*],[*]OC1C(C(C(OC1C)OC2C(C(OC(C2O)COC(C)=O)OC3C(C(C(OC3C(O)=O)OC4C(C(C(OC4CO)O[*])O)O)O)O)OC(C(O)CO)=O)O)O
Pair_347,OC1C(OC(C(C1O)O)[*])CO[*],[*]CC(C1=CC=C(C=C1)S(O)(=O)=O)[*]
Pair_348,OC1C(OC(C(C1O)O)[*])CO[*],[*]NC(CCC([*])=O)C(O)=O
Pair_349,OC1C(OC(C(C1O)O)[*])CO[*],[*]C(C)(C(OCCN(C)C)=O)C[*]
Pair_350,O=C(C(OC(C=O)OC1C(C(C(OC1C(O[Na])=O)O[*])O)O)C(C=O)[*])O[Na],OC1C(OC(C(C1O)O)[*])CO[*]
Pair_361,O=C(N)C([*])C[*],[*]C1=C(C=CN2)C2=C([*])C(O)=C1O
Pair_362,O=C(N([*])C([*])=O)CC=C,[*]C1=C(C=CN2)C2=C([*])C(O)=C1O
Pair_363,O=C(C(C[*])[*])N,[*]C1=C(C=CN2)C2=C([*])C(O)=C1O
Pair_364,[*]C([C@H](C)OC([C@H](C)O[*])=O)=O,[*]C1=C(C=CN2)C2=C([*])C(O)=C1O
Pair_365,OCC1OC(C(C(C1O[*])O)NC(C)=O)OC2C(O)C(C(OC2CO)[*])NC(C)=O,[*]C1=C(C=CN2)C2=C([*])C(O)=C1O
Pair_366,[*]C1=C(C=CN2)C2=C([*])C(O)=C1O,[*]NC(C(O)=O)CCC([*])=O
Pair_367,[*]C1=C(C=CN2)C2=C([*])C(O)=C1O,[*]C1C(OC(C(C1O)O)OC2C(OC(C(C2O)O)OC3C(OC(C(C3O)O)O[*])CO)CO)CO
Pair_368,[*]C(CCCCCO[*])=O,[*]C1=C(C=CN2)C2=C([*])C(O)=C1O
Pair_369,[*]C(C)C(OCC(O[*])=O)=O,[*]C1=C(C=CN2)C2=C([*])C(O)=C1O
Pair_370,O=C(N1C(C([*])=O)CC(O)C1)CNC(C2CCCN2[*])=O,[*]C1=C(C=CN2)C2=C([*])C(O)=C1O
Pair_371,COC(C(C[*])([*])C)=O,[*]C1=C(C=CN2)C2=C([*])C(O)=C1O
Pair_372,CC(NC1C([C@@H](C(O[C@H]1O[*])CO)O[C@@H]2OC([C@H]([C@@H](C2NC(C)=O)O)[*])CO)O)=O,[*]C1=C(C=CN2)C2=C([*])C(O)=C1O
Pair_373,[*]C1=C(C=CN2)C2=C([*])C(O)=C1O,[H]N(C(O[*])=O)CCCCCCN(C(OCCCCO[*])=O)[H]
Pair_374,O=C([*])CCCCCO[*],[*]C1=C(C=CN2)C2=C([*])C(O)=C1O
Pair_375,[*]C1=C(C=CN2)C2=C([*])C(O)=C1O,[*]OC1OC(CO)C(OC2C(O)C(O)C([*])C(CO)O2)C(O)C1O
Pair_376,[*]C1=C(C=CN2)C2=C([*])C(O)=C1O,[*]CC(C)(C(OCCO)=O)[*]
Pair_377,[*]C(N(CN(C(OCOC(N(CN(C(OCCO[*])=O)[H])[H])=O)=O)[H])[H])=O,[*]C1=C(C=CN2)C2=C([*])C(O)=C1O
Pair_378,O=C([*])C(C)O[*],[*]C1=C(C=CN2)C2=C([*])C(O)=C1O
Pair_379,COCC1OC(OC2C(CO)OC(O[*])C(OC)C2OC)C(OC)C(O)C1O[*],[*]C1=C(C=CN2)C2=C([*])C(O)=C1O
Pair_380,CC(NC1C(OC(C(C1OC2OC(C(C(C2OCC(COC(C(C)=C)=O)O)O)O[*])C([O-])=O)O)O)O[*])=O,[*]C1=C(C=CN2)C2=C([*])C(O)=C1O
Pair_381,[*]C1=C(C=CN2)C2=C([*])C(O)=C1O,[*]OC1C(C(C(OC1C)OC2C(C(OC(C2O)COC(C)=O)OC3C(C(C(OC3C(O)=O)OC4C(C(C(OC4CO)O[*])O)O)O)O)OC(C(O)CO)=O)O)O
Pair_382,[*]C1=C(C=CN2)C2=C([*])C(O)=C1O,[*]CC(C1=CC=C(C=C1)S(O)(=O)=O)[*]
Pair_383,[*]C1=C(C=CN2)C2=C([*])C(O)=C1O,[*]NC(CCC([*])=O)C(O)=O
Pair_384,[*]C(C)(C(OCCN(C)C)=O)C[*],[*]C1=C(C=CN2)C2=C([*])C(O)=C1O
Pair_385,O=C(C(OC(C=O)OC1C(C(C(OC1C(O[Na])=O)O[*])O)O)C(C=O)[*])O[Na],[*]C1=C(C=CN2)C2=C([*])C(O)=C1O
Pair_397,O=C(N([*])C([*])=O)CC=C,O=C(N)C([*])C[*]
Pair_398,O=C(C(C[*])[*])N,O=C(N)C([*])C[*]
Pair_399,O=C(N)C([*])C[*],[*]C([C@H](C)OC([C@H](C)O[*])=O)=O
Pair_400,O=C(N)C([*])C[*],OCC1OC(C(C(C1O[*])O)NC(C)=O)OC2C(O)C(C(OC2CO)[*])NC(C)=O
Pair_401,O=C(N)C([*])C[*],[*]NC(C(O)=O)CCC([*])=O
Pair_402,O=C(N)C([*])C[*],[*]C1C(OC(C(C1O)O)OC2C(OC(C(C2O)O)OC3C(OC(C(C3O)O)O[*])CO)CO)CO
Pair_403,O=C(N)C([*])C[*],[*]C(CCCCCO[*])=O
Pair_404,O=C(N)C([*])C[*],[*]C(C)C(OCC(O[*])=O)=O
Pair_405,O=C(N)C([*])C[*],O=C(N1C(C([*])=O)CC(O)C1)CNC(C2CCCN2[*])=O
Pair_406,COC(C(C[*])([*])C)=O,O=C(N)C([*])C[*]
Pair_407,CC(NC1C([C@@H](C(O[C@H]1O[*])CO)O[C@@H]2OC([C@H]([C@@H](C2NC(C)=O)O)[*])CO)O)=O,O=C(N)C([*])C[*]
Pair_408,O=C(N)C([*])C[*],[H]N(C(O[*])=O)CCCCCCN(C(OCCCCO[*])=O)[H]
Pair_409,O=C(N)C([*])C[*],O=C([*])CCCCCO[*]
Pair_410,O=C(N)C([*])C[*],[*]OC1OC(CO)C(OC2C(O)C(O)C([*])C(CO)O2)C(O)C1O
Pair_411,O=C(N)C([*])C[*],[*]CC(C)(C(OCCO)=O)[*]
Pair_412,O=C(N)C([*])C[*],[*]C(N(CN(C(OCOC(N(CN(C(OCCO[*])=O)[H])[H])=O)=O)[H])[H])=O
Pair_413,O=C(N)C([*])C[*],O=C([*])C(C)O[*]
Pair_414,COCC1OC(OC2C(CO)OC(O[*])C(OC)C2OC)C(OC)C(O)C1O[*],O=C(N)C([*])C[*]
Pair_415,CC(NC1C(OC(C(C1OC2OC(C(C(C2OCC(COC(C(C)=C)=O)O)O)O[*])C([O-])=O)O)O)O[*])=O,O=C(N)C([*])C[*]
Pair_416,O=C(N)C([*])C[*],[*]OC1C(C(C(OC1C)OC2C(C(OC(C2O)COC(C)=O)OC3C(C(C(OC3C(O)=O)OC4C(C(C(OC4CO)O[*])O)O)O)O)OC(C(O)CO)=O)O)O
Pair_417,O=C(N)C([*])C[*],[*]CC(C1=CC=C(C=C1)S(O)(=O)=O)[*]
Pair_418,O=C(N)C([*])C[*],[*]NC(CCC([*])=O)C(O)=O
Pair_419,O=C(N)C([*])C[*],[*]C(C)(C(OCCN(C)C)=O)C[*]
Pair_420,O=C(C(OC(C=O)OC1C(C(C(OC1C(O[Na])=O)O[*])O)O)C(C=O)[*])O[Na],O=C(N)C([*])C[*]
Pair_433,O=C(C(C[*])[*])N,O=C(N([*])C([*])=O)CC=C
Pair_434,O=C(N([*])C([*])=O)CC=C,[*]C([C@H](C)OC([C@H](C)O[*])=O)=O
Pair_435,O=C(N([*])C([*])=O)CC=C,OCC1OC(C(C(C1O[*])O)NC(C)=O)OC2C(O)C(C(OC2CO)[*])NC(C)=O
Pair_436,O=C(N([*])C([*])=O)CC=C,[*]NC(C(O)=O)CCC([*])=O
Pair_437,O=C(N([*])C([*])=O)CC=C,[*]C1C(OC(C(C1O)O)OC2C(OC(C(C2O)O)OC3C(OC(C(C3O)O)O[*])CO)CO)CO
Pair_438,O=C(N([*])C([*])=O)CC=C,[*]C(CCCCCO[*])=O
Pair_439,O=C(N([*])C([*])=O)CC=C,[*]C(C)C(OCC(O[*])=O)=O
Pair_440,O=C(N([*])C([*])=O)CC=C,O=C(N1C(C([*])=O)CC(O)C1)CNC(C2CCCN2[*])=O
Pair_441,COC(C(C[*])([*])C)=O,O=C(N([*])C([*])=O)CC=C
Pair_442,CC(NC1C([C@@H](C(O[C@H]1O[*])CO)O[C@@H]2OC([C@H]([C@@H](C2NC(C)=O)O)[*])CO)O)=O,O=C(N([*])C([*])=O)CC=C
Pair_443,O=C(N([*])C([*])=O)CC=C,[H]N(C(O[*])=O)CCCCCCN(C(OCCCCO[*])=O)[H]
Pair_444,O=C(N([*])C([*])=O)CC=C,O=C([*])CCCCCO[*]
Pair_445,O=C(N([*])C([*])=O)CC=C,[*]OC1OC(CO)C(OC2C(O)C(O)C([*])C(CO)O2)C(O)C1O
Pair_446,O=C(N([*])C([*])=O)CC=C,[*]CC(C)(C(OCCO)=O)[*]
Pair_447,O=C(N([*])C([*])=O)CC=C,[*]C(N(CN(C(OCOC(N(CN(C(OCCO[*])=O)[H])[H])=O)=O)[H])[H])=O
Pair_448,O=C(N([*])C([*])=O)CC=C,O=C([*])C(C)O[*]
Pair_449,COCC1OC(OC2C(CO)OC(O[*])C(OC)C2OC)C(OC)C(O)C1O[*],O=C(N([*])C([*])=O)CC=C
Pair_450,CC(NC1C(OC(C(C1OC2OC(C(C(C2OCC(COC(C(C)=C)=O)O)O)O[*])C([O-])=O)O)O)O[*])=O,O=C(N([*])C([*])=O)CC=C
Pair_451,O=C(N([*])C([*])=O)CC=C,[*]OC1C(C(C(OC1C)OC2C(C(OC(C2O)COC(C)=O)OC3C(C(C(OC3C(O)=O)OC4C(C(C(OC4CO)O[*])O)O)O)O)OC(C(O)CO)=O)O)O
Pair_452,O=C(N([*])C([*])=O)CC=C,[*]CC(C1=CC=C(C=C1)S(O)(=O)=O)[*]
Pair_453,O=C(N([*])C([*])=O)CC=C,[*]NC(CCC([*])=O)C(O)=O
Pair_454,O=C(N([*])C([*])=O)CC=C,[*]C(C)(C(OCCN(C)C)=O)C[*]
Pair_455,O=C(C(OC(C=O)OC1C(C(C(OC1C(O[Na])=O)O[*])O)O)C(C=O)[*])O[Na],O=C(N([*])C([*])=O)CC=C
Pair_469,O=C(C(C[*])[*])N,[*]C([C@H](C)OC([C@H](C)O[*])=O)=O
Pair_470,O=C(C(C[*])[*])N,OCC1OC(C(C(C1O[*])O)NC(C)=O)OC2C(O)C(C(OC2CO)[*])NC(C)=O
Pair_471,O=C(C(C[*])[*])N,[*]NC(C(O)=O)CCC([*])=O
Pair_472,O=C(C(C[*])[*])N,[*]C1C(OC(C(C1O)O)OC2C(OC(C(C2O)O)OC3C(OC(C(C3O)O)O[*])CO)CO)CO
Pair_473,O=C(C(C[*])[*])N,[*]C(CCCCCO[*])=O
Pair_474,O=C(C(C[*])[*])N,[*]C(C)C(OCC(O[*])=O)=O
Pair_475,O=C(C(C[*])[*])N,O=C(N1C(C([*])=O)CC(O)C1)CNC(C2CCCN2[*])=O
Pair_476,COC(C(C[*])([*])C)=O,O=C(C(C[*])[*])N
Pair_477,CC(NC1C([C@@H](C(O[C@H]1O[*])CO)O[C@@H]2OC([C@H]([C@@H](C2NC(C)=O)O)[*])CO)O)=O,O=C(C(C[*])[*])N
Pair_478,O=C(C(C[*])[*])N,[H]N(C(O[*])=O)CCCCCCN(C(OCCCCO[*])=O)[H]
Pair_479,O=C(C(C[*])[*])N,O=C([*])CCCCCO[*]
Pair_480,O=C(C(C[*])[*])N,[*]OC1OC(CO)C(OC2C(O)C(O)C([*])C(CO)O2)C(O)C1O
Pair_481,O=C(C(C[*])[*])N,[*]CC(C)(C(OCCO)=O)[*]
Pair_482,O=C(C(C[*])[*])N,[*]C(N(CN(C(OCOC(N(CN(C(OCCO[*])=O)[H])[H])=O)=O)[H])[H])=O
Pair_483,O=C(C(C[*])[*])N,O=C([*])C(C)O[*]
Pair_484,COCC1OC(OC2C(CO)OC(O[*])C(OC)C2OC)C(OC)C(O)C1O[*],O=C(C(C[*])[*])N
Pair_485,CC(NC1C(OC(C(C1OC2OC(C(C(C2OCC(COC(C(C)=C)=O)O)O)O[*])C([O-])=O)O)O)O[*])=O,O=C(C(C[*])[*])N
Pair_486,O=C(C(C[*])[*])N,[*]OC1C(C(C(OC1C)OC2C(C(OC(C2O)COC(C)=O)OC3C(C(C(OC3C(O)=O)OC4C(C(C(OC4CO)O[*])O)O)O)O)OC(C(O)CO)=O)O)O
Pair_487,O=C(C(C[*])[*])N,[*]CC(C1=CC=C(C=C1)S(O)(=O)=O)[*]
Pair_488,O=C(C(C[*])[*])N,[*]NC(CCC([*])=O)C(O)=O
Pair_489,O=C(C(C[*])[*])N,[*]C(C)(C(OCCN(C)C)=O)C[*]
Pair_490,O=C(C(C[*])[*])N,O=C(C(OC(C=O)OC1C(C(C(OC1C(O[Na])=O)O[*])O)O)C(C=O)[*])O[Na]
Pair_505,OCC1OC(C(C(C1O[*])O)NC(C)=O)OC2C(O)C(C(OC2CO)[*])NC(C)=O,[*]C([C@H](C)OC([C@H](C)O[*])=O)=O
Pair_506,[*]C([C@H](C)OC([C@H](C)O[*])=O)=O,[*]NC(C(O)=O)CCC([*])=O
Pair_507,[*]C([C@H](C)OC([C@H](C)O[*])=O)=O,[*]C1C(OC(C(C1O)O)OC2C(OC(C(C2O)O)OC3C(OC(C(C3O)O)O[*])CO)CO)CO
Pair_508,[*]C(CCCCCO[*])=O,[*]C([C@H](C)OC([C@H](C)O[*])=O)=O
Pair_509,[*]C(C)C(OCC(O[*])=O)=O,[*]C([C@H](C)OC([C@H](C)O[*])=O)=O
Pair_510,O=C(N1C(C([*])=O)CC(O)C1)CNC(C2CCCN2[*])=O,[*]C([C@H](C)OC([C@H](C)O[*])=O)=O
Pair_511,COC(C(C[*])([*])C)=O,[*]C([C@H](C)OC([C@H](C)O[*])=O)=O
Pair_512,CC(NC1C([C@@H](C(O[C@H]1O[*])CO)O[C@@H]2OC([C@H]([C@@H](C2NC(C)=O)O)[*])CO)O)=O,[*]C([C@H](C)OC([C@H](C)O[*])=O)=O
Pair_513,[*]C([C@H](C)OC([C@H](C)O[*])=O)=O,[H]N(C(O[*])=O)CCCCCCN(C(OCCCCO[*])=O)[H]
Pair_514,O=C([*])CCCCCO[*],[*]C([C@H](C)OC([C@H](C)O[*])=O)=O
Pair_515,[*]C([C@H](C)OC([C@H](C)O[*])=O)=O,[*]OC1OC(CO)C(OC2C(O)C(O)C([*])C(CO)O2)C(O)C1O
Pair_516,[*]C([C@H](C)OC([C@H](C)O[*])=O)=O,[*]CC(C)(C(OCCO)=O)[*]
Pair_517,[*]C(N(CN(C(OCOC(N(CN(C(OCCO[*])=O)[H])[H])=O)=O)[H])[H])=O,[*]C([C@H](C)OC([C@H](C)O[*])=O)=O
Pair_518,O=C([*])C(C)O[*],[*]C([C@H](C)OC([C@H](C)O[*])=O)=O
Pair_519,COCC1OC(OC2C(CO)OC(O[*])C(OC)C2OC)C(OC)C(O)C1O[*],[*]C([C@H](C)OC([C@H](C)O[*])=O)=O
Pair_520,CC(NC1C(OC(C(C1OC2OC(C(C(C2OCC(COC(C(C)=C)=O)O)O)O[*])C([O-])=O)O)O)O[*])=O,[*]C([C@H](C)OC([C@H](C)O[*])=O)=O
Pair_521,[*]C([C@H](C)OC([C@H](C)O[*])=O)=O,[*]OC1C(C(C(OC1C)OC2C(C(OC(C2O)COC(C)=O)OC3C(C(C(OC3C(O)=O)OC4C(C(C(OC4CO)O[*])O)O)O)O)OC(C(O)CO)=O)O)O
Pair_522,[*]C([C@H](C)OC([C@H](C)O[*])=O)=O,[*]CC(C1=CC=C(C=C1)S(O)(=O)=O)[*]
Pair_523,[*]C([C@H](C)OC([C@H](C)O[*])=O)=O,[*]NC(CCC([*])=O)C(O)=O
Pair_524,[*]C(C)(C(OCCN(C)C)=O)C[*],[*]C([C@H](C)OC([C@H](C)O[*])=O)=O
Pair_525,O=C(C(OC(C=O)OC1C(C(C(OC1C(O[Na])=O)O[*])O)O)C(C=O)[*])O[Na],[*]C([C@H](C)OC([C@H](C)O[*])=O)=O
Pair_541,OCC1OC(C(C(C1O[*])O)NC(C)=O)OC2C(O)C(C(OC2CO)[*])NC(C)=O,[*]NC(C(O)=O)CCC([*])=O
Pair_542,OCC1OC(C(C(C1O[*])O)NC(C)=O)OC2C(O)C(C(OC2CO)[*])NC(C)=O,[*]C1C(OC(C(C1O)O)OC2C(OC(C(C2O)O)OC3C(OC(C(C3O)O)O[*])CO)CO)CO
Pair_543,OCC1OC(C(C(C1O[*])O)NC(C)=O)OC2C(O)C(C(OC2CO)[*])NC(C)=O,[*]C(CCCCCO[*])=O
Pair_544,OCC1OC(C(C(C1O[*])O)NC(C)=O)OC2C(O)C(C(OC2CO)[*])NC(C)=O,[*]C(C)C(OCC(O[*])=O)=O
Pair_545,O=C(N1C(C([*])=O)CC(O)C1)CNC(C2CCCN2[*])=O,OCC1OC(C(C(C1O[*])O)NC(C)=O)OC2C(O)C(C(OC2CO)[*])NC(C)=O
Pair_546,COC(C(C[*])([*])C)=O,OCC1OC(C(C(C1O[*])O)NC(C)=O)OC2C(O)C(C(OC2CO)[*])NC(C)=O
Pair_547,CC(NC1C([C@@H](C(O[C@H]1O[*])CO)O[C@@H]2OC([C@H]([C@@H](C2NC(C)=O)O)[*])CO)O)=O,OCC1OC(C(C(C1O[*])O)NC(C)=O)OC2C(O)C(C(OC2CO)[*])NC(C)=O
Pair_548,OCC1OC(C(C(C1O[*])O)NC(C)=O)OC2C(O)C(C(OC2CO)[*])NC(C)=O,[H]N(C(O[*])=O)CCCCCCN(C(OCCCCO[*])=O)[H]
Pair_549,O=C([*])CCCCCO[*],OCC1OC(C(C(C1O[*])O)NC(C)=O)OC2C(O)C(C(OC2CO)[*])NC(C)=O
Pair_550,OCC1OC(C(C(C1O[*])O)NC(C)=O)OC2C(O)C(C(OC2CO)[*])NC(C)=O,[*]OC1OC(CO)C(OC2C(O)C(O)C([*])C(CO)O2)C(O)C1O
Pair_551,OCC1OC(C(C(C1O[*])O)NC(C)=O)OC2C(O)C(C(OC2CO)[*])NC(C)=O,[*]CC(C)(C(OCCO)=O)[*]
Pair_552,OCC1OC(C(C(C1O[*])O)NC(C)=O)OC2C(O)C(C(OC2CO)[*])NC(C)=O,[*]C(N(CN(C(OCOC(N(CN(C(OCCO[*])=O)[H])[H])=O)=O)[H])[H])=O
Pair_553,O=C([*])C(C)O[*],OCC1OC(C(C(C1O[*])O)NC(C)=O)OC2C(O)C(C(OC2CO)[*])NC(C)=O
Pair_554,COCC1OC(OC2C(CO)OC(O[*])C(OC)C2OC)C(OC)C(O)C1O[*],OCC1OC(C(C(C1O[*])O)NC(C)=O)OC2C(O)C(C(OC2CO)[*])NC(C)=O
Pair_555,CC(NC1C(OC(C(C1OC2OC(C(C(C2OCC(COC(C(C)=C)=O)O)O)O[*])C([O-])=O)O)O)O[*])=O,OCC1OC(C(C(C1O[*])O)NC(C)=O)OC2C(O)C(C(OC2CO)[*])NC(C)=O
Pair_556,OCC1OC(C(C(C1O[*])O)NC(C)=O)OC2C(O)C(C(OC2CO)[*])NC(C)=O,[*]OC1C(C(C(OC1C)OC2C(C(OC(C2O)COC(C)=O)OC3C(C(C(OC3C(O)=O)OC4C(C(C(OC4CO)O[*])O)O)O)O)OC(C(O)CO)=O)O)O
Pair_557,OCC1OC(C(C(C1O[*])O)NC(C)=O)OC2C(O)C(C(OC2CO)[*])NC(C)=O,[*]CC(C1=CC=C(C=C1)S(O)(=O)=O)[*]
Pair_558,OCC1OC(C(C(C1O[*])O)NC(C)=O)OC2C(O)C(C(OC2CO)[*])NC(C)=O,[*]NC(CCC([*])=O)C(O)=O
Pair_559,OCC1OC(C(C(C1O[*])O)NC(C)=O)OC2C(O)C(C(OC2CO)[*])NC(C)=O,[*]C(C)(C(OCCN(C)C)=O)C[*]
Pair_560,O=C(C(OC(C=O)OC1C(C(C(OC1C(O[Na])=O)O[*])O)O)C(C=O)[*])O[Na],OCC1OC(C(C(C1O[*])O)NC(C)=O)OC2C(O)C(C(OC2CO)[*])NC(C)=O
Pair_577,[*]C1C(OC(C(C1O)O)OC2C(OC(C(C2O)O)OC3C(OC(C(C3O)O)O[*])CO)CO)CO,[*]NC(C(O)=O)CCC([*])=O
Pair_578,[*]C(CCCCCO[*])=O,[*]NC(C(O)=O)CCC([*])=O
Pair_579,[*]C(C)C(OCC(O[*])=O)=O,[*]NC(C(O)=O)CCC([*])=O
Pair_580,O=C(N1C(C([*])=O)CC(O)C1)CNC(C2CCCN2[*])=O,[*]NC(C(O)=O)CCC([*])=O
Pair_581,COC(C(C[*])([*])C)=O,[*]NC(C(O)=O)CCC([*])=O
Pair_582,CC(NC1C([C@@H](C(O[C@H]1O[*])CO)O[C@@H]2OC([C@H]([C@@H](C2NC(C)=O)O)[*])CO)O)=O,[*]NC(C(O)=O)CCC([*])=O
Pair_583,[*]NC(C(O)=O)CCC([*])=O,[H]N(C(O[*])=O)CCCCCCN(C(OCCCCO[*])=O)[H]
Pair_584,O=C([*])CCCCCO[*],[*]NC(C(O)=O)CCC([*])=O
Pair_585,[*]NC(C(O)=O)CCC([*])=O,[*]OC1OC(CO)C(OC2C(O)C(O)C([*])C(CO)O2)C(O)C1O
Pair_586,[*]CC(C)(C(OCCO)=O)[*],[*]NC(C(O)=O)CCC([*])=O
Pair_587,[*]C(N(CN(C(OCOC(N(CN(C(OCCO[*])=O)[H])[H])=O)=O)[H])[H])=O,[*]NC(C(O)=O)CCC([*])=O
Pair_588,O=C([*])C(C)O[*],[*]NC(C(O)=O)CCC([*])=O
Pair_589,COCC1OC(OC2C(CO)OC(O[*])C(OC)C2OC)C(OC)C(O)C1O[*],[*]NC(C(O)=O)CCC([*])=O
Pair_590,CC(NC1C(OC(C(C1OC2OC(C(C(C2OCC(COC(C(C)=C)=O)O)O)O[*])C([O-])=O)O)O)O[*])=O,[*]NC(C(O)=O)CCC([*])=O
Pair_591,[*]NC(C(O)=O)CCC([*])=O,[*]OC1C(C(C(OC1C)OC2C(C(OC(C2O)COC(C)=O)OC3C(C(C(OC3C(O)=O)OC4C(C(C(OC4CO)O[*])O)O)O)O)OC(C(O)CO)=O)O)O
Pair_592,[*]CC(C1=CC=C(C=C1)S(O)(=O)=O)[*],[*]NC(C(O)=O)CCC([*])=O
Pair_593,[*]NC(C(O)=O)CCC([*])=O,[*]NC(CCC([*])=O)C(O)=O
Pair_594,[*]C(C)(C(OCCN(C)C)=O)C[*],[*]NC(C(O)=O)CCC([*])=O
Pair_595,O=C(C(OC(C=O)OC1C(C(C(OC1C(O[Na])=O)O[*])O)O)C(C=O)[*])O[Na],[*]NC(C(O)=O)CCC([*])=O
Pair_613,[*]C(CCCCCO[*])=O,[*]C1C(OC(C(C1O)O)OC2C(OC(C(C2O)O)OC3C(OC(C(C3O)O)O[*])CO)CO)CO
Pair_614,[*]C(C)C(OCC(O[*])=O)=O,[*]C1C(OC(C(C1O)O)OC2C(OC(C(C2O)O)OC3C(OC(C(C3O)O)O[*])CO)CO)CO
Pair_615,O=C(N1C(C([*])=O)CC(O)C1)CNC(C2CCCN2[*])=O,[*]C1C(OC(C(C1O)O)OC2C(OC(C(C2O)O)OC3C(OC(C(C3O)O)O[*])CO)CO)CO
Pair_616,COC(C(C[*])([*])C)=O,[*]C1C(OC(C(C1O)O)OC2C(OC(C(C2O)O)OC3C(OC(C(C3O)O)O[*])CO)CO)CO
Pair_617,CC(NC1C([C@@H](C(O[C@H]1O[*])CO)O[C@@H]2OC([C@H]([C@@H](C2NC(C)=O)O)[*])CO)O)=O,[*]C1C(OC(C(C1O)O)OC2C(OC(C(C2O)O)OC3C(OC(C(C3O)O)O[*])CO)CO)CO
Pair_618,[*]C1C(OC(C(C1O)O)OC2C(OC(C(C2O)O)OC3C(OC(C(C3O)O)O[*])CO)CO)CO,[H]N(C(O[*])=O)CCCCCCN(C(OCCCCO[*])=O)[H]
Pair_619,O=C([*])CCCCCO[*],[*]C1C(OC(C(C1O)O)OC2C(OC(C(C2O)O)OC3C(OC(C(C3O)O)O[*])CO)CO)CO
Pair_620,[*]C1C(OC(C(C1O)O)OC2C(OC(C(C2O)O)OC3C(OC(C(C3O)O)O[*])CO)CO)CO,[*]OC1OC(CO)C(OC2C(O)C(O)C([*])C(CO)O2)C(O)C1O
Pair_621,[*]C1C(OC(C(C1O)O)OC2C(OC(C(C2O)O)OC3C(OC(C(C3O)O)O[*])CO)CO)CO,[*]CC(C)(C(OCCO)=O)[*]
Pair_622,[*]C(N(CN(C(OCOC(N(CN(C(OCCO[*])=O)[H])[H])=O)=O)[H])[H])=O,[*]C1C(OC(C(C1O)O)OC2C(OC(C(C2O)O)OC3C(OC(C(C3O)O)O[*])CO)CO)CO
Pair_623,O=C([*])C(C)O[*],[*]C1C(OC(C(C1O)O)OC2C(OC(C(C2O)O)OC3C(OC(C(C3O)O)O[*])CO)CO)CO
Pair_624,COCC1OC(OC2C(CO)OC(O[*])C(OC)C2OC)C(OC)C(O)C1O[*],[*]C1C(OC(C(C1O)O)OC2C(OC(C(C2O)O)OC3C(OC(C(C3O)O)O[*])CO)CO)CO
Pair_625,CC(NC1C(OC(C(C1OC2OC(C(C(C2OCC(COC(C(C)=C)=O)O)O)O[*])C([O-])=O)O)O)O[*])=O,[*]C1C(OC(C(C1O)O)OC2C(OC(C(C2O)O)OC3C(OC(C(C3O)O)O[*])CO)CO)CO
Pair_626,[*]C1C(OC(C(C1O)O)OC2C(OC(C(C2O)O)OC3C(OC(C(C3O)O)O[*])CO)CO)CO,[*]OC1C(C(C(OC1C)OC2C(C(OC(C2O)COC(C)=O)OC3C(C(C(OC3C(O)=O)OC4C(C(C(OC4CO)O[*])O)O)O)O)OC(C(O)CO)=O)O)O
Pair_627,[*]C1C(OC(C(C1O)O)OC2C(OC(C(C2O)O)OC3C(OC(C(C3O)O)O[*])CO)CO)CO,[*]CC(C1=CC=C(C=C1)S(O)(=O)=O)[*]
Pair_628,[*]C1C(OC(C(C1O)O)OC2C(OC(C(C2O)O)OC3C(OC(C(C3O)O)O[*])CO)CO)CO,[*]NC(CCC([*])=O)C(O)=O
Pair_629,[*]C(C)(C(OCCN(C)C)=O)C[*],[*]C1C(OC(C(C1O)O)OC2C(OC(C(C2O)O)OC3C(OC(C(C3O)O)O[*])CO)CO)CO
Pair_630,O=C(C(OC(C=O)OC1C(C(C(OC1C(O[Na])=O)O[*])O)O)C(C=O)[*])O[Na],[*]C1C(OC(C(C1O)O)OC2C(OC(C(C2O)O)OC3C(OC(C(C3O)O)O[*])CO)CO)CO
Pair_649,[*]C(C)C(OCC(O[*])=O)=O,[*]C(CCCCCO[*])=O
Pair_650,O=C(N1C(C([*])=O)CC(O)C1)CNC(C2CCCN2[*])=O,[*]C(CCCCCO[*])=O
Pair_651,COC(C(C[*])([*])C)=O,[*]C(CCCCCO[*])=O
Pair_652,CC(NC1C([C@@H](C(O[C@H]1O[*])CO)O[C@@H]2OC([C@H]([C@@H](C2NC(C)=O)O)[*])CO)O)=O,[*]C(CCCCCO[*])=O
Pair_653,[*]C(CCCCCO[*])=O,[H]N(C(O[*])=O)CCCCCCN(C(OCCCCO[*])=O)[H]
Pair_654,O=C([*])CCCCCO[*],[*]C(CCCCCO[*])=O
Pair_655,[*]C(CCCCCO[*])=O,[*]OC1OC(CO)C(OC2C(O)C(O)C([*])C(CO)O2)C(O)C1O
Pair_656,[*]C(CCCCCO[*])=O,[*]CC(C)(C(OCCO)=O)[*]
Pair_657,[*]C(CCCCCO[*])=O,[*]C(N(CN(C(OCOC(N(CN(C(OCCO[*])=O)[H])[H])=O)=O)[H])[H])=O
Pair_658,O=C([*])C(C)O[*],[*]C(CCCCCO[*])=O
Pair_659,COCC1OC(OC2C(CO)OC(O[*])C(OC)C2OC)C(OC)C(O)C1O[*],[*]C(CCCCCO[*])=O
Pair_660,CC(NC1C(OC(C(C1OC2OC(C(C(C2OCC(COC(C(C)=C)=O)O)O)O[*])C([O-])=O)O)O)O[*])=O,[*]C(CCCCCO[*])=O
Pair_661,[*]C(CCCCCO[*])=O,[*]OC1C(C(C(OC1C)OC2C(C(OC(C2O)COC(C)=O)OC3C(C(C(OC3C(O)=O)OC4C(C(C(OC4CO)O[*])O)O)O)O)OC(C(O)CO)=O)O)O
Pair_662,[*]C(CCCCCO[*])=O,[*]CC(C1=CC=C(C=C1)S(O)(=O)=O)[*]
Pair_663,[*]C(CCCCCO[*])=O,[*]NC(CCC([*])=O)C(O)=O
Pair_664,[*]C(C)(C(OCCN(C)C)=O)C[*],[*]C(CCCCCO[*])=O
Pair_665,O=C(C(OC(C=O)OC1C(C(C(OC1C(O[Na])=O)O[*])O)O)C(C=O)[*])O[Na],[*]C(CCCCCO[*])=O
Pair_685,O=C(N1C(C([*])=O)CC(O)C1)CNC(C2CCCN2[*])=O,[*]C(C)C(OCC(O[*])=O)=O
Pair_686,COC(C(C[*])([*])C)=O,[*]C(C)C(OCC(O[*])=O)=O
Pair_687,CC(NC1C([C@@H](C(O[C@H]1O[*])CO)O[C@@H]2OC([C@H]([C@@H](C2NC(C)=O)O)[*])CO)O)=O,[*]C(C)C(OCC(O[*])=O)=O
Pair_688,[*]C(C)C(OCC(O[*])=O)=O,[H]N(C(O[*])=O)CCCCCCN(C(OCCCCO[*])=O)[H]
Pair_689,O=C([*])CCCCCO[*],[*]C(C)C(OCC(O[*])=O)=O
Pair_690,[*]C(C)C(OCC(O[*])=O)=O,[*]OC1OC(CO)C(OC2C(O)C(O)C([*])C(CO)O2)C(O)C1O
Pair_691,[*]C(C)C(OCC(O[*])=O)=O,[*]CC(C)(C(OCCO)=O)[*]
Pair_692,[*]C(C)C(OCC(O[*])=O)=O,[*]C(N(CN(C(OCOC(N(CN(C(OCCO[*])=O)[H])[H])=O)=O)[H])[H])=O
Pair_693,O=C([*])C(C)O[*],[*]C(C)C(OCC(O[*])=O)=O
Pair_694,COCC1OC(OC2C(CO)OC(O[*])C(OC)C2OC)C(OC)C(O)C1O[*],[*]C(C)C(OCC(O[*])=O)=O
Pair_695,CC(NC1C(OC(C(C1OC2OC(C(C(C2OCC(COC(C(C)=C)=O)O)O)O[*])C([O-])=O)O)O)O[*])=O,[*]C(C)C(OCC(O[*])=O)=O
Pair_696,[*]C(C)C(OCC(O[*])=O)=O,[*]OC1C(C(C(OC1C)OC2C(C(OC(C2O)COC(C)=O)OC3C(C(C(OC3C(O)=O)OC4C(C(C(OC4CO)O[*])O)O)O)O)OC(C(O)CO)=O)O)O
Pair_697,[*]C(C)C(OCC(O[*])=O)=O,[*]CC(C1=CC=C(C=C1)S(O)(=O)=O)[*]
Pair_698,[*]C(C)C(OCC(O[*])=O)=O,[*]NC(CCC([*])=O)C(O)=O
Pair_699,[*]C(C)(C(OCCN(C)C)=O)C[*],[*]C(C)C(OCC(O[*])=O)=O
Pair_700,O=C(C(OC(C=O)OC1C(C(C(OC1C(O[Na])=O)O[*])O)O)C(C=O)[*])O[Na],[*]C(C)C(OCC(O[*])=O)=O
Pair_721,COC(C(C[*])([*])C)=O,O=C(N1C(C([*])=O)CC(O)C1)CNC(C2CCCN2[*])=O
Pair_722,CC(NC1C([C@@H](C(O[C@H]1O[*])CO)O[C@@H]2OC([C@H]([C@@H](C2NC(C)=O)O)[*])CO)O)=O,O=C(N1C(C([*])=O)CC(O)C1)CNC(C2CCCN2[*])=O
Pair_723,O=C(N1C(C([*])=O)CC(O)C1)CNC(C2CCCN2[*])=O,[H]N(C(O[*])=O)CCCCCCN(C(OCCCCO[*])=O)[H]
Pair_724,O=C(N1C(C([*])=O)CC(O)C1)CNC(C2CCCN2[*])=O,O=C([*])CCCCCO[*]
Pair_725,O=C(N1C(C([*])=O)CC(O)C1)CNC(C2CCCN2[*])=O,[*]OC1OC(CO)C(OC2C(O)C(O)C([*])C(CO)O2)C(O)C1O
Pair_726,O=C(N1C(C([*])=O)CC(O)C1)CNC(C2CCCN2[*])=O,[*]CC(C)(C(OCCO)=O)[*]
Pair_727,O=C(N1C(C([*])=O)CC(O)C1)CNC(C2CCCN2[*])=O,[*]C(N(CN(C(OCOC(N(CN(C(OCCO[*])=O)[H])[H])=O)=O)[H])[H])=O
Pair_728,O=C(N1C(C([*])=O)CC(O)C1)CNC(C2CCCN2[*])=O,O=C([*])C(C)O[*]
Pair_729,COCC1OC(OC2C(CO)OC(O[*])C(OC)C2OC)C(OC)C(O)C1O[*],O=C(N1C(C([*])=O)CC(O)C1)CNC(C2CCCN2[*])=O
Pair_730,CC(NC1C(OC(C(C1OC2OC(C(C(C2OCC(COC(C(C)=C)=O)O)O)O[*])C([O-])=O)O)O)O[*])=O,O=C(N1C(C([*])=O)CC(O)C1)CNC(C2CCCN2[*])=O
Pair_731,O=C(N1C(C([*])=O)CC(O)C1)CNC(C2CCCN2[*])=O,[*]OC1C(C(C(OC1C)OC2C(C(OC(C2O)COC(C)=O)OC3C(C(C(OC3C(O)=O)OC4C(C(C(OC4CO)O[*])O)O)O)O)OC(C(O)CO)=O)O)O
Pair_732,O=C(N1C(C([*])=O)CC(O)C1)CNC(C2CCCN2[*])=O,[*]CC(C1=CC=C(C=C1)S(O)(=O)=O)[*]
Pair_733,O=C(N1C(C([*])=O)CC(O)C1)CNC(C2CCCN2[*])=O,[*]NC(CCC([*])=O)C(O)=O
Pair_734,O=C(N1C(C([*])=O)CC(O)C1)CNC(C2CCCN2[*])=O,[*]C(C)(C(OCCN(C)C)=O)C[*]
Pair_735,O=C(C(OC(C=O)OC1C(C(C(OC1C(O[Na])=O)O[*])O)O)C(C=O)[*])O[Na],O=C(N1C(C([*])=O)CC(O)C1)CNC(C2CCCN2[*])=O
Pair_757,CC(NC1C([C@@H](C(O[C@H]1O[*])CO)O[C@@H]2OC([C@H]([C@@H](C2NC(C)=O)O)[*])CO)O)=O,COC(C(C[*])([*])C)=O
Pair_758,COC(C(C[*])([*])C)=O,[H]N(C(O[*])=O)CCCCCCN(C(OCCCCO[*])=O)[H]
Pair_759,COC(C(C[*])([*])C)=O,O=C([*])CCCCCO[*]
Pair_760,COC(C(C[*])([*])C)=O,[*]OC1OC(CO)C(OC2C(O)C(O)C([*])C(CO)O2)C(O)C1O
Pair_761,COC(C(C[*])([*])C)=O,[*]CC(C)(C(OCCO)=O)[*]
Pair_762,COC(C(C[*])([*])C)=O,[*]C(N(CN(C(OCOC(N(CN(C(OCCO[*])=O)[H])[H])=O)=O)[H])[H])=O
Pair_763,COC(C(C[*])([*])C)=O,O=C([*])C(C)O[*]
Pair_764,COC(C(C[*])([*])C)=O,COCC1OC(OC2C(CO)OC(O[*])C(OC)C2OC)C(OC)C(O)C1O[*]
Pair_765,CC(NC1C(OC(C(C1OC2OC(C(C(C2OCC(COC(C(C)=C)=O)O)O)O[*])C([O-])=O)O)O)O[*])=O,COC(C(C[*])([*])C)=O
Pair_766,COC(C(C[*])([*])C)=O,[*]OC1C(C(C(OC1C)OC2C(C(OC(C2O)COC(C)=O)OC3C(C(C(OC3C(O)=O)OC4C(C(C(OC4CO)O[*])O)O)O)O)OC(C(O)CO)=O)O)O
Pair_767,COC(C(C[*])([*])C)=O,[*]CC(C1=CC=C(C=C1)S(O)(=O)=O)[*]
Pair_768,COC(C(C[*])([*])C)=O,[*]NC(CCC([*])=O)C(O)=O
Pair_769,COC(C(C[*])([*])C)=O,[*]C(C)(C(OCCN(C)C)=O)C[*]
Pair_770,COC(C(C[*])([*])C)=O,O=C(C(OC(C=O)OC1C(C(C(OC1C(O[Na])=O)O[*])O)O)C(C=O)[*])O[Na]
Pair_793,CC(NC1C([C@@H](C(O[C@H]1O[*])CO)O[C@@H]2OC([C@H]([C@@H](C2NC(C)=O)O)[*])CO)O)=O,[H]N(C(O[*])=O)CCCCCCN(C(OCCCCO[*])=O)[H]
Pair_794,CC(NC1C([C@@H](C(O[C@H]1O[*])CO)O[C@@H]2OC([C@H]([C@@H](C2NC(C)=O)O)[*])CO)O)=O,O=C([*])CCCCCO[*]
Pair_795,CC(NC1C([C@@H](C(O[C@H]1O[*])CO)O[C@@H]2OC([C@H]([C@@H](C2NC(C)=O)O)[*])CO)O)=O,[*]OC1OC(CO)C(OC2C(O)C(O)C([*])C(CO)O2)C(O)C1O
Pair_796,CC(NC1C([C@@H](C(O[C@H]1O[*])CO)O[C@@H]2OC([C@H]([C@@H](C2NC(C)=O)O)[*])CO)O)=O,[*]CC(C)(C(OCCO)=O)[*]
Pair_797,CC(NC1C([C@@H](C(O[C@H]1O[*])CO)O[C@@H]2OC([C@H]([C@@H](C2NC(C)=O)O)[*])CO)O)=O,[*]C(N(CN(C(OCOC(N(CN(C(OCCO[*])=O)[H])[H])=O)=O)[H])[H])=O
Pair_798,CC(NC1C([C@@H](C(O[C@H]1O[*])CO)O[C@@H]2OC([C@H]([C@@H](C2NC(C)=O)O)[*])CO)O)=O,O=C([*])C(C)O[*]
Pair_799,CC(NC1C([C@@H](C(O[C@H]1O[*])CO)O[C@@H]2OC([C@H]([C@@H](C2NC(C)=O)O)[*])CO)O)=O,COCC1OC(OC2C(CO)OC(O[*])C(OC)C2OC)C(OC)C(O)C1O[*]
Pair_800,CC(NC1C(OC(C(C1OC2OC(C(C(C2OCC(COC(C(C)=C)=O)O)O)O[*])C([O-])=O)O)O)O[*])=O,CC(NC1C([C@@H](C(O[C@H]1O[*])CO)O[C@@H]2OC([C@H]([C@@H](C2NC(C)=O)O)[*])CO)O)=O
Pair_801,CC(NC1C([C@@H](C(O[C@H]1O[*])CO)O[C@@H]2OC([C@H]([C@@H](C2NC(C)=O)O)[*])CO)O)=O,[*]OC1C(C(C(OC1C)OC2C(C(OC(C2O)COC(C)=O)OC3C(C(C(OC3C(O)=O)OC4C(C(C(OC4CO)O[*])O)O)O)O)OC(C(O)CO)=O)O)O
Pair_802,CC(NC1C([C@@H](C(O[C@H]1O[*])CO)O[C@@H]2OC([C@H]([C@@H](C2NC(C)=O)O)[*])CO)O)=O,[*]CC(C1=CC=C(C=C1)S(O)(=O)=O)[*]
Pair_803,CC(NC1C([C@@H](C(O[C@H]1O[*])CO)O[C@@H]2OC([C@H]([C@@H](C2NC(C)=O)O)[*])CO)O)=O,[*]NC(CCC([*])=O)C(O)=O
Pair_804,CC(NC1C([C@@H](C(O[C@H]1O[*])CO)O[C@@H]2OC([C@H]([C@@H](C2NC(C)=O)O)[*])CO)O)=O,[*]C(C)(C(OCCN(C)C)=O)C[*]
Pair_805,CC(NC1C([C@@H](C(O[C@H]1O[*])CO)O[C@@H]2OC([C@H]([C@@H](C2NC(C)=O)O)[*])CO)O)=O,O=C(C(OC(C=O)OC1C(C(C(OC1C(O[Na])=O)O[*])O)O)C(C=O)[*])O[Na]
Pair_829,O=C([*])CCCCCO[*],[H]N(C(O[*])=O)CCCCCCN(C(OCCCCO[*])=O)[H]
Pair_830,[*]OC1OC(CO)C(OC2C(O)C(O)C([*])C(CO)O2)C(O)C1O,[H]N(C(O[*])=O)CCCCCCN(C(OCCCCO[*])=O)[H]
Pair_831,[*]CC(C)(C(OCCO)=O)[*],[H]N(C(O[*])=O)CCCCCCN(C(OCCCCO[*])=O)[H]
Pair_832,[*]C(N(CN(C(OCOC(N(CN(C(OCCO[*])=O)[H])[H])=O)=O)[H])[H])=O,[H]N(C(O[*])=O)CCCCCCN(C(OCCCCO[*])=O)[H]
Pair_833,O=C([*])C(C)O[*],[H]N(C(O[*])=O)CCCCCCN(C(OCCCCO[*])=O)[H]
Pair_834,COCC1OC(OC2C(CO)OC(O[*])C(OC)C2OC)C(OC)C(O)C1O[*],[H]N(C(O[*])=O)CCCCCCN(C(OCCCCO[*])=O)[H]
Pair_835,CC(NC1C(OC(C(C1OC2OC(C(C(C2OCC(COC(C(C)=C)=O)O)O)O[*])C([O-])=O)O)O)O[*])=O,[H]N(C(O[*])=O)CCCCCCN(C(OCCCCO[*])=O)[H]
Pair_836,[*]OC1C(C(C(OC1C)OC2C(C(OC(C2O)COC(C)=O)OC3C(C(C(OC3C(O)=O)OC4C(C(C(OC4CO)O[*])O)O)O)O)OC(C(O)CO)=O)O)O,[H]N(C(O[*])=O)CCCCCCN(C(OCCCCO[*])=O)[H]
Pair_837,[*]CC(C1=CC=C(C=C1)S(O)(=O)=O)[*],[H]N(C(O[*])=O)CCCCCCN(C(OCCCCO[*])=O)[H]
Pair_838,[*]NC(CCC([*])=O)C(O)=O,[H]N(C(O[*])=O)CCCCCCN(C(OCCCCO[*])=O)[H]
Pair_839,[*]C(C)(C(OCCN(C)C)=O)C[*],[H]N(C(O[*])=O)CCCCCCN(C(OCCCCO[*])=O)[H]
Pair_840,O=C(C(OC(C=O)OC1C(C(C(OC1C(O[Na])=O)O[*])O)O)C(C=O)[*])O[Na],[H]N(C(O[*])=O)CCCCCCN(C(OCCCCO[*])=O)[H]
Pair_865,O=C([*])CCCCCO[*],[*]OC1OC(CO)C(OC2C(O)C(O)C([*])C(CO)O2)C(O)C1O
Pair_866,O=C([*])CCCCCO[*],[*]CC(C)(C(OCCO)=O)[*]
Pair_867,O=C([*])CCCCCO[*],[*]C(N(CN(C(OCOC(N(CN(C(OCCO[*])=O)[H])[H])=O)=O)[H])[H])=O
Pair_868,O=C([*])C(C)O[*],O=C([*])CCCCCO[*]
Pair_869,COCC1OC(OC2C(CO)OC(O[*])C(OC)C2OC)C(OC)C(O)C1O[*],O=C([*])CCCCCO[*]
Pair_870,CC(NC1C(OC(C(C1OC2OC(C(C(C2OCC(COC(C(C)=C)=O)O)O)O[*])C([O-])=O)O)O)O[*])=O,O=C([*])CCCCCO[*]
Pair_871,O=C([*])CCCCCO[*],[*]OC1C(C(C(OC1C)OC2C(C(OC(C2O)COC(C)=O)OC3C(C(C(OC3C(O)=O)OC4C(C(C(OC4CO)O[*])O)O)O)O)OC(C(O)CO)=O)O)O
Pair_872,O=C([*])CCCCCO[*],[*]CC(C1=CC=C(C=C1)S(O)(=O)=O)[*]
Pair_873,O=C([*])CCCCCO[*],[*]NC(CCC([*])=O)C(O)=O
Pair_874,O=C([*])CCCCCO[*],[*]C(C)(C(OCCN(C)C)=O)C[*]
Pair_875,O=C(C(OC(C=O)OC1C(C(C(OC1C(O[Na])=O)O[*])O)O)C(C=O)[*])O[Na],O=C([*])CCCCCO[*]
Pair_901,[*]CC(C)(C(OCCO)=O)[*],[*]OC1OC(CO)C(OC2C(O)C(O)C([*])C(CO)O2)C(O)C1O
Pair_902,[*]C(N(CN(C(OCOC(N(CN(C(OCCO[*])=O)[H])[H])=O)=O)[H])[H])=O,[*]OC1OC(CO)C(OC2C(O)C(O)C([*])C(CO)O2)C(O)C1O
Pair_903,O=C([*])C(C)O[*],[*]OC1OC(CO)C(OC2C(O)C(O)C([*])C(CO)O2)C(O)C1O
Pair_904,COCC1OC(OC2C(CO)OC(O[*])C(OC)C2OC)C(OC)C(O)C1O[*],[*]OC1OC(CO)C(OC2C(O)C(O)C([*])C(CO)O2)C(O)C1O
Pair_905,CC(NC1C(OC(C(C1OC2OC(C(C(C2OCC(COC(C(C)=C)=O)O)O)O[*])C([O-])=O)O)O)O[*])=O,[*]OC1OC(CO)C(OC2C(O)C(O)C([*])C(CO)O2)C(O)C1O
Pair_906,[*]OC1C(C(C(OC1C)OC2C(C(OC(C2O)COC(C)=O)OC3C(C(C(OC3C(O)=O)OC4C(C(C(OC4CO)O[*])O)O)O)O)OC(C(O)CO)=O)O)O,[*]OC1OC(CO)C(OC2C(O)C(O)C([*])C(CO)O2)C(O)C1O
Pair_907,[*]CC(C1=CC=C(C=C1)S(O)(=O)=O)[*],[*]OC1OC(CO)C(OC2C(O)C(O)C([*])C(CO)O2)C(O)C1O
Pair_908,[*]NC(CCC([*])=O)C(O)=O,[*]OC1OC(CO)C(OC2C(O)C(O)C([*])C(CO)O2)C(O)C1O
Pair_909,[*]C(C)(C(OCCN(C)C)=O)C[*],[*]OC1OC(CO)C(OC2C(O)C(O)C([*])C(CO)O2)C(O)C1O
Pair_910,O=C(C(OC(C=O)OC1C(C(C(OC1C(O[Na])=O)O[*])O)O)C(C=O)[*])O[Na],[*]OC1OC(CO)C(OC2C(O)C(O)C([*])C(CO)O2)C(O)C1O
Pair_937,[*]C(N(CN(C(OCOC(N(CN(C(OCCO[*])=O)[H])[H])=O)=O)[H])[H])=O,[*]CC(C)(C(OCCO)=O)[*]
Pair_938,O=C([*])C(C)O[*],[*]CC(C)(C(OCCO)=O)[*]
Pair_939,COCC1OC(OC2C(CO)OC(O[*])C(OC)C2OC)C(OC)C(O)C1O[*],[*]CC(C)(C(OCCO)=O)[*]
Pair_940,CC(NC1C(OC(C(C1OC2OC(C(C(C2OCC(COC(C(C)=C)=O)O)O)O[*])C([O-])=O)O)O)O[*])=O,[*]CC(C)(C(OCCO)=O)[*]
Pair_941,[*]CC(C)(C(OCCO)=O)[*],[*]OC1C(C(C(OC1C)OC2C(C(OC(C2O)COC(C)=O)OC3C(C(C(OC3C(O)=O)OC4C(C(C(OC4CO)O[*])O)O)O)O)OC(C(O)CO)=O)O)O
Pair_942,[*]CC(C)(C(OCCO)=O)[*],[*]CC(C1=CC=C(C=C1)S(O)(=O)=O)[*]
Pair_943,[*]CC(C)(C(OCCO)=O)[*],[*]NC(CCC([*])=O)C(O)=O
Pair_944,[*]C(C)(C(OCCN(C)C)=O)C[*],[*]CC(C)(C(OCCO)=O)[*]
Pair_945,O=C(C(OC(C=O)OC1C(C(C(OC1C(O[Na])=O)O[*])O)O)C(C=O)[*])O[Na],[*]CC(C)(C(OCCO)=O)[*]
Pair_973,O=C([*])C(C)O[*],[*]C(N(CN(C(OCOC(N(CN(C(OCCO[*])=O)[H])[H])=O)=O)[H])[H])=O
Pair_974,COCC1OC(OC2C(CO)OC(O[*])C(OC)C2OC)C(OC)C(O)C1O[*],[*]C(N(CN(C(OCOC(N(CN(C(OCCO[*])=O)[H])[H])=O)=O)[H])[H])=O
Pair_975,CC(NC1C(OC(C(C1OC2OC(C(C(C2OCC(COC(C(C)=C)=O)O)O)O[*])C([O-])=O)O)O)O[*])=O,[*]C(N(CN(C(OCOC(N(CN(C(OCCO[*])=O)[H])[H])=O)=O)[H])[H])=O
Pair_976,[*]C(N(CN(C(OCOC(N(CN(C(OCCO[*])=O)[H])[H])=O)=O)[H])[H])=O,[*]OC1C(C(C(OC1C)OC2C(C(OC(C2O)COC(C)=O)OC3C(C(C(OC3C(O)=O)OC4C(C(C(OC4CO)O[*])O)O)O)O)OC(C(O)CO)=O)O)O
Pair_977,[*]C(N(CN(C(OCOC(N(CN(C(OCCO[*])=O)[H])[H])=O)=O)[H])[H])=O,[*]CC(C1=CC=C(C=C1)S(O)(=O)=O)[*]
Pair_978,[*]C(N(CN(C(OCOC(N(CN(C(OCCO[*])=O)[H])[H])=O)=O)[H])[H])=O,[*]NC(CCC([*])=O)C(O)=O
Pair_979,[*]C(C)(C(OCCN(C)C)=O)C[*],[*]C(N(CN(C(OCOC(N(CN(C(OCCO[*])=O)[H])[H])=O)=O)[H])[H])=O
Pair_980,O=C(C(OC(C=O)OC1C(C(C(OC1C(O[Na])=O)O[*])O)O)C(C=O)[*])O[Na],[*]C(N(CN(C(OCOC(N(CN(C(OCCO[*])=O)[H])[H])=O)=O)[H])[H])=O
Pair_1009,COCC1OC(OC2C(CO)OC(O[*])C(OC)C2OC)C(OC)C(O)C1O[*],O=C([*])C(C)O[*]
Pair_1010,CC(NC1C(OC(C(C1OC2OC(C(C(C2OCC(COC(C(C)=C)=O)O)O)O[*])C([O-])=O)O)O)O[*])=O,O=C([*])C(C)O[*]
Pair_1011,O=C([*])C(C)O[*],[*]OC1C(C(C(OC1C)OC2C(C(OC(C2O)COC(C)=O)OC3C(C(C(OC3C(O)=O)OC4C(C(C(OC4CO)O[*])O)O)O)O)OC(C(O)CO)=O)O)O
Pair_1012,O=C([*])C(C)O[*],[*]CC(C1=CC=C(C=C1)S(O)(=O)=O)[*]
Pair_1013,O=C([*])C(C)O[*],[*]NC(CCC([*])=O)C(O)=O
Pair_1014,O=C([*])C(C)O[*],[*]C(C)(C(OCCN(C)C)=O)C[*]
Pair_1015,O=C(C(OC(C=O)OC1C(C(C(OC1C(O[Na])=O)O[*])O)O)C(C=O)[*])O[Na],O=C([*])C(C)O[*]
Pair_1045,CC(NC1C(OC(C(C1OC2OC(C(C(C2OCC(COC(C(C)=C)=O)O)O)O[*])C([O-])=O)O)O)O[*])=O,COCC1OC(OC2C(CO)OC(O[*])C(OC)C2OC)C(OC)C(O)C1O[*]
Pair_1046,COCC1OC(OC2C(CO)OC(O[*])C(OC)C2OC)C(OC)C(O)C1O[*],[*]OC1C(C(C(OC1C)OC2C(C(OC(C2O)COC(C)=O)OC3C(C(C(OC3C(O)=O)OC4C(C(C(OC4CO)O[*])O)O)O)O)OC(C(O)CO)=O)O)O
Pair_1047,COCC1OC(OC2C(CO)OC(O[*])C(OC)C2OC)C(OC)C(O)C1O[*],[*]CC(C1=CC=C(C=C1)S(O)(=O)=O)[*]
Pair_1048,COCC1OC(OC2C(CO)OC(O[*])C(OC)C2OC)C(OC)C(O)C1O[*],[*]NC(CCC([*])=O)C(O)=O
Pair_1049,COCC1OC(OC2C(CO)OC(O[*])C(OC)C2OC)C(OC)C(O)C1O[*],[*]C(C)(C(OCCN(C)C)=O)C[*]
Pair_1050,COCC1OC(OC2C(CO)OC(O[*])C(OC)C2OC)C(OC)C(O)C1O[*],O=C(C(OC(C=O)OC1C(C(C(OC1C(O[Na])=O)O[*])O)O)C(C=O)[*])O[Na]
Pair_1081,CC(NC1C(OC(C(C1OC2OC(C(C(C2OCC(COC(C(C)=C)=O)O)O)O[*])C([O-])=O)O)O)O[*])=O,[*]OC1C(C(C(OC1C)OC2C(C(OC(C2O)COC(C)=O)OC3C(C(C(OC3C(O)=O)OC4C(C(C(OC4CO)O[*])O)O)O)O)OC(C(O)CO)=O)O)O
Pair_1082,CC(NC1C(OC(C(C1OC2OC(C(C(C2OCC(COC(C(C)=C)=O)O)O)O[*])C([O-])=O)O)O)O[*])=O,[*]CC(C1=CC=C(C=C1)S(O)(=O)=O)[*]
Pair_1083,CC(NC1C(OC(C(C1OC2OC(C(C(C2OCC(COC(C(C)=C)=O)O)O)O[*])C([O-])=O)O)O)O[*])=O,[*]NC(CCC([*])=O)C(O)=O
Pair_1084,CC(NC1C(OC(C(C1OC2OC(C(C(C2OCC(COC(C(C)=C)=O)O)O)O[*])C([O-])=O)O)O)O[*])=O,[*]C(C)(C(OCCN(C)C)=O)C[*]
Pair_1085,CC(NC1C(OC(C(C1OC2OC(C(C(C2OCC(COC(C(C)=C)=O)O)O)O[*])C([O-])=O)O)O)O[*])=O,O=C(C(OC(C=O)OC1C(C(C(OC1C(O[Na])=O)O[*])O)O)C(C=O)[*])O[Na]
Pair_1117,[*]CC(C1=CC=C(C=C1)S(O)(=O)=O)[*],[*]OC1C(C(C(OC1C)OC2C(C(OC(C2O)COC(C)=O)OC3C(C(C(OC3C(O)=O)OC4C(C(C(OC4CO)O[*])O)O)O)O)OC(C(O)CO)=O)O)O
Pair_1118,[*]NC(CCC([*])=O)C(O)=O,[*]OC1C(C(C(OC1C)OC2C(C(OC(C2O)COC(C)=O)OC3C(C(C(OC3C(O)=O)OC4C(C(C(OC4CO)O[*])O)O)O)O)OC(C(O)CO)=O)O)O
Pair_1119,[*]C(C)(C(OCCN(C)C)=O)C[*],[*]OC1C(C(C(OC1C)OC2C(C(OC(C2O)COC(C)=O)OC3C(C(C(OC3C(O)=O)OC4C(C(C(OC4CO)O[*])O)O)O)O)OC(C(O)CO)=O)O)O
Pair_1120,O=C(C(OC(C=O)OC1C(C(C(OC1C(O[Na])=O)O[*])O)O)C(C=O)[*])O[Na],[*]OC1C(C(C(OC1C)OC2C(C(OC(C2O)COC(C)=O)OC3C(C(C(OC3C(O)=O)OC4C(C(C(OC4CO)O[*])O)O)O)O)OC(C(O)CO)=O)O)O
Pair_1153,[*]CC(C1=CC=C(C=C1)S(O)(=O)=O)[*],[*]NC(CCC([*])=O)C(O)=O
Pair_1154,[*]C(C)(C(OCCN(C)C)=O)C[*],[*]CC(C1=CC=C(C=C1)S(O)(=O)=O)[*]
Pair_1155,O=C(C(OC(C=O)OC1C(C(C(OC1C(O[Na])=O)O[*])O)O)C(C=O)[*])O[Na],[*]CC(C1=CC=C(C=C1)S(O)(=O)=O)[*]
Pair_1189,[*]C(C)(C(OCCN(C)C)=O)C[*],[*]NC(CCC([*])=O)C(O)=O
Pair_1190,O=C(C(OC(C=O)OC1C(C(C(OC1C(O[Na])=O)O[*])O)O)C(C=O)[*])O[Na],[*]NC(CCC([*])=O)C(O)=O
Pair_1225,O=C(C(OC(C=O)OC1C(C(C(OC1C(O[Na])=O)O[*])O)O)C(C=O)[*])O[Na],[*]C(C)(C(OCCN(C)C)=O)C[*]
