feature,importance
fp_969,0.03593922988588185
fp_695,0.029692793115625803
fp_664,0.029602363569414935
fp_33,0.029585574275434907
fp_1,0.0244826530976741
fp_247,0.024052112248694642
fp_170,0.02374463352826033
fp_356,0.022856658593640927
fp_645,0.02098118562966343
fp_80,0.020354169409223057
fp_227,0.02019423505379071
fp_650,0.019904224404081395
fp_893,0.01987764439723035
fp_849,0.019570133666645294
fp_807,0.01664358172647671
fp_863,0.01599638918877798
fp_147,0.01497531179440022
fp_93,0.014606788190592055
fp_172,0.013869769304365087
fp_222,0.013792671332325975
fp_726,0.013240776705614138
fp_458,0.012939004717287272
fp_931,0.012706255458319517
fp_270,0.010881711829847759
fp_886,0.010635914540616987
fp_656,0.010545524992830771
fp_264,0.01047105524936791
fp_983,0.010341397770916177
fp_926,0.009038312931384185
fp_740,0.008737637852927846
fp_119,0.00824471162717543
fp_610,0.008173293272188152
fp_299,0.007815004623396401
fp_115,0.007544393398475603
fp_897,0.007535185344614746
fp_785,0.007063150784895585
fp_128,0.006875057676826586
fp_463,0.006787810058335249
fp_233,0.0067702947079125156
fp_1019,0.006714658469549931
fp_389,0.006589718984348571
fp_53,0.006471096139901016
fp_564,0.006444510400576295
fp_623,0.006336250731863541
fp_739,0.006267206493336012
fp_319,0.006248358791887851
fp_357,0.006072123027897745
fp_525,0.005997570749752399
fp_848,0.0059713563328255325
fp_540,0.005870838363279215
fp_680,0.005842087222163687
fp_829,0.005704633160968659
fp_283,0.005689751333854854
fp_576,0.005487291827640399
fp_722,0.00545793735823384
fp_852,0.005432747236535757
fp_573,0.0053895953717328195
fp_655,0.0051521288316431985
fp_274,0.004625720271262898
fp_117,0.004540586815156815
fp_13,0.004271867460540897
fp_869,0.004265836368427451
fp_694,0.004155364123121037
fp_953,0.004097387188776973
fp_225,0.0039700658282348185
fp_295,0.003908098752715037
fp_197,0.0038567880797794286
fp_634,0.0038272415869076656
fp_202,0.003559676414024123
fp_453,0.0035410628915757423
fp_481,0.003524283305117385
fp_667,0.0035112557710424066
fp_208,0.0034810476075773007
fp_155,0.003465893618919482
fp_322,0.003415734946594628
fp_243,0.0034152638518216397
fp_326,0.003103988007039972
fp_673,0.003100397216360055
fp_489,0.0030750129374802868
fp_392,0.003039459648035948
fp_935,0.0030285716416667
fp_929,0.0030035706405116395
fp_697,0.002999939366782887
fp_466,0.0029475909260396234
fp_492,0.00292939444920309
fp_332,0.0029059733383806374
fp_183,0.002905576429091942
fp_527,0.0028735799235446963
fp_29,0.00274398846904821
fp_416,0.0027168036318733824
fp_112,0.0027056057311749125
fp_143,0.002651826869056556
fp_1017,0.002604869519695558
fp_736,0.002577093126590001
fp_210,0.002574847319241946
fp_887,0.002567913097153928
fp_501,0.0025134579797874653
fp_443,0.0024900512627624113
fp_507,0.002412412081295069
fp_960,0.0024074578452840676
fp_41,0.0023929826321618932
fp_94,0.0021245145325680913
fp_400,0.0020923951144715424
fp_371,0.0020174215788868696
fp_749,0.0019381776560009577
fp_245,0.001925469344083732
fp_114,0.0019025713873698368
fp_939,0.0018970092311841916
fp_493,0.0018140403051477
fp_4,0.0017964802602255599
fp_734,0.0017688056739669413
fp_572,0.001763809903074238
fp_896,0.0017035247921609624
fp_957,0.0016242286082734586
fp_968,0.00160775301218347
fp_200,0.0016013888317239022
fp_469,0.0015994748976642897
fp_217,0.001598280569355946
fp_235,0.001542668273785806
fp_590,0.0015372497655533376
fp_825,0.0015235657992692725
fp_59,0.0015086909098972223
fp_526,0.0014947180933319397
fp_265,0.0014921255946301277
fp_820,0.0014553991463072359
fp_276,0.0014187547859464342
fp_417,0.0014104403221061816
fp_407,0.0014094573394577022
fp_452,0.0013697344623216058
fp_980,0.0013643565617090336
fp_901,0.0013578600445459737
fp_188,0.001356372660581782
fp_269,0.0013367407875429199
fp_904,0.0013217150528488711
fp_259,0.0013044602677942602
fp_387,0.0013040270963297076
fp_846,0.0012908387433594388
fp_551,0.0012809433714265177
fp_707,0.0012800390758341486
fp_58,0.0012670844207038625
fp_1002,0.0012563764963192026
fp_54,0.0012342486049211814
fp_354,0.0012316862139882452
fp_359,0.001229969731571741
fp_494,0.001222963890280933
fp_731,0.00122123845071345
fp_482,0.001220219392380978
fp_532,0.001199181155637498
fp_292,0.001166830304230767
fp_312,0.0010982882459747022
fp_151,0.001095637870066563
fp_234,0.0010870324031214086
fp_816,0.001075484243673786
fp_242,0.0010640275052386887
fp_997,0.0010536791452462001
fp_679,0.0010367102833711273
fp_712,0.0010323037906231848
fp_932,0.001031175028289314
fp_156,0.001029159556738276
fp_872,0.001014797284233016
fp_686,0.0009995604124678524
fp_418,0.0009950009388936278
fp_981,0.0009942819067831285
fp_748,0.0009737415203817481
fp_715,0.0009587695938816355
fp_111,0.0009546050275333727
fp_369,0.0009514711116867082
fp_355,0.0009476841189931638
fp_770,0.0009230950841356341
fp_323,0.0009064810364382632
fp_135,0.0008505317195509563
fp_173,0.0008325754664750413
fp_684,0.0008163591801608582
fp_381,0.0008045075186118513
fp_341,0.000783006731713549
fp_862,0.0007797752987711041
fp_592,0.0007661170887261509
fp_406,0.0007484785067492302
fp_817,0.0007364891918489518
fp_587,0.000710189847681241
fp_108,0.0006997422811522362
fp_248,0.0006936384909705279
fp_240,0.0006903774839703351
fp_812,0.0006510670306103021
fp_603,0.0006488786004739966
fp_454,0.000640639734329602
fp_89,0.0006332867169510355
fp_271,0.0006235745348815727
fp_894,0.0006215242462831067
fp_533,0.0006183301250021502
fp_690,0.0006024634039109837
fp_81,0.0005996149595973899
fp_947,0.000567671974708924
fp_828,0.0005637652874306224
fp_677,0.000540124687995973
fp_504,0.0005166161620998162
fp_301,0.0005100143352645501
fp_763,0.0005068137205367948
fp_37,0.0004976583659316731
fp_689,0.0004961780981820879
fp_662,0.0004907203040775672
fp_163,0.00048536479234111867
fp_948,0.0004823279838793772
fp_374,0.00048145285152417566
fp_140,0.00048061220732358153
fp_456,0.0004805443535662008
fp_790,0.0004797831892220843
fp_543,0.00047601720746571677
fp_483,0.0004755775021092276
fp_598,0.00046397182525658944
fp_518,0.00046026993673670976
fp_531,0.00045772692515280803
fp_451,0.00044967806035370333
fp_616,0.0004448088251509558
fp_329,0.00044117010669489294
fp_90,0.0004313805060267726
fp_473,0.0004291993746782371
fp_837,0.0004263906869407616
fp_989,0.00041608646420044927
fp_979,0.00040842901334452826
fp_597,0.00040557765531398337
fp_268,0.0003633257685457101
fp_866,0.0003599340455035896
fp_892,0.0003582481155854604
fp_191,0.000348145305018593
fp_1009,0.00034571390583436166
fp_162,0.00034239449864653724
fp_159,0.0003399415356757301
fp_390,0.0003387980646315181
fp_808,0.0003363774870666171
fp_378,0.00033623432720638886
fp_596,0.0003253914752770259
fp_124,0.0003253743719577357
fp_39,0.000309137499976133
fp_841,0.00030834765072592794
fp_168,0.00030811253768877716
fp_17,0.00030619037495246493
fp_450,0.00029205081232706165
fp_721,0.0002877063882839596
fp_923,0.0002861733231135191
fp_856,0.00028585614925897597
fp_238,0.0002737347239690242
fp_586,0.0002712718448396857
fp_409,0.0002505796947744277
fp_446,0.00024897203073762634
fp_713,0.0002440929698784628
fp_798,0.00023830412600186048
fp_625,0.0002316843103370882
fp_725,0.00022629115268802107
fp_464,0.00022604734007084234
fp_744,0.0002247318060144471
fp_857,0.00022188115032794725
fp_495,0.0002213576088140502
fp_475,0.0002203988702611915
fp_836,0.0002163806539739161
fp_805,0.0002147416576380687
fp_74,0.00020841560537459937
fp_584,0.00020829567199867746
fp_823,0.0002026843832258945
fp_996,0.00020264244495138927
fp_497,0.00020070571906376702
fp_376,0.00019900918450235384
fp_487,0.0001919194635044572
fp_258,0.00018894089686544635
fp_403,0.00018893911601069292
fp_529,0.00018340396731877516
fp_498,0.00018245958665463174
fp_361,0.000173140164689082
fp_647,0.0001701957080055083
fp_804,0.00015857795766777223
fp_412,0.00015120511545165286
fp_64,0.00014890126482768284
fp_908,0.00014854089968536
fp_32,0.00014585805410290305
fp_231,0.00014558259633932623
fp_15,0.00014510239450535786
fp_294,0.0001434099830099177
fp_408,0.0001414244102935114
fp_691,0.00014102129713743205
fp_455,0.00013690255726557876
fp_226,0.00013579070633228013
fp_990,0.00013537513496393973
fp_434,0.00013530570920382645
fp_457,0.00013528114166121914
fp_524,0.00013420569476273493
fp_830,0.00013280723919113438
fp_508,0.00013244761166574946
fp_922,0.00013201717161280595
fp_999,0.00013150714536220423
fp_638,0.00013049571040406641
fp_55,0.0001239252036993599
fp_118,0.00012228292878750524
fp_428,0.00012106613809188913
fp_104,0.00011951079304609418
fp_345,0.00011927873384807667
fp_782,0.00011913467100089459
fp_575,0.00011798858051863023
fp_719,0.00011514212239239078
fp_465,0.0001046270639794459
fp_998,9.638314801498668e-05
fp_624,9.546497998969063e-05
fp_349,9.455693154780991e-05
fp_176,9.125272564799201e-05
fp_669,9.045188861419371e-05
fp_440,8.816491509665965e-05
fp_0,8.797597653638954e-05
fp_48,8.744149473270526e-05
fp_601,8.291532979964232e-05
fp_78,8.231515249238608e-05
fp_633,8.185181863549303e-05
fp_193,7.43360514007254e-05
fp_567,7.399356754255507e-05
fp_149,7.116708274077124e-05
fp_350,6.11066975807263e-05
fp_348,6.01212375996499e-05
fp_1011,5.5898480505410735e-05
fp_815,5.045167621939897e-05
fp_266,3.8668222227396095e-05
fp_314,3.104510618459348e-05
fp_256,2.9786084854532796e-05
fp_351,2.395710863590044e-05
fp_461,2.1627207210270892e-05
fp_175,1.965257214765462e-05
fp_510,1.331183509516693e-05
fp_402,8.92840267870746e-06
fp_710,8.377848334832083e-06
fp_641,5.745761205309794e-18
fp_833,2.089799724511019e-18
fp_714,2.604358072065629e-19
fp_51,1.8552921283339442e-19
fp_959,0.0
fp_958,0.0
fp_974,0.0
fp_956,0.0
fp_962,0.0
fp_975,0.0
fp_976,0.0
fp_955,0.0
fp_692,0.0
fp_961,0.0
fp_963,0.0
fp_688,0.0
fp_687,0.0
fp_972,0.0
fp_685,0.0
fp_964,0.0
fp_973,0.0
fp_678,0.0
fp_965,0.0
fp_954,0.0
fp_682,0.0
fp_681,0.0
fp_966,0.0
fp_967,0.0
fp_970,0.0
fp_971,0.0
fp_683,0.0
fp_696,0.0
fp_693,0.0
fp_933,0.0
fp_937,0.0
fp_936,0.0
fp_934,0.0
fp_704,0.0
fp_705,0.0
fp_706,0.0
fp_708,0.0
fp_702,0.0
fp_930,0.0
fp_709,0.0
fp_928,0.0
fp_711,0.0
fp_927,0.0
fp_925,0.0
fp_703,0.0
fp_701,0.0
fp_952,0.0
fp_944,0.0
fp_951,0.0
fp_950,0.0
fp_676,0.0
fp_949,0.0
fp_946,0.0
fp_945,0.0
fp_943,0.0
fp_938,0.0
fp_942,0.0
fp_941,0.0
fp_698,0.0
fp_699,0.0
fp_940,0.0
fp_700,0.0
fp_977,0.0
fp_984,0.0
fp_675,0.0
fp_674,0.0
fp_630,0.0
fp_631,0.0
fp_1012,0.0
fp_632,0.0
fp_1010,0.0
fp_1008,0.0
fp_1007,0.0
fp_635,0.0
fp_1006,0.0
fp_636,0.0
fp_637,0.0
fp_1005,0.0
fp_639,0.0
fp_640,0.0
fp_642,0.0
fp_629,0.0
fp_1013,0.0
fp_1014,0.0
fp_622,0.0
fp_617,0.0
fp_618,0.0
fp_619,0.0
fp_1022,0.0
fp_620,0.0
fp_621,0.0
fp_1021,0.0
fp_1015,0.0
fp_1020,0.0
fp_1018,0.0
fp_1016,0.0
fp_626,0.0
fp_627,0.0
fp_628,0.0
fp_1004,0.0
fp_1003,0.0
fp_643,0.0
fp_666,0.0
fp_660,0.0
fp_661,0.0
fp_987,0.0
fp_663,0.0
fp_986,0.0
fp_665,0.0
fp_985,0.0
fp_658,0.0
fp_668,0.0
fp_670,0.0
fp_982,0.0
fp_671,0.0
fp_672,0.0
fp_978,0.0
fp_659,0.0
fp_657,0.0
fp_1001,0.0
fp_649,0.0
fp_1000,0.0
fp_644,0.0
fp_995,0.0
fp_646,0.0
fp_994,0.0
fp_648,0.0
fp_993,0.0
fp_988,0.0
fp_992,0.0
fp_651,0.0
fp_652,0.0
fp_653,0.0
fp_654,0.0
fp_991,0.0
fp_924,0.0
fp_716,0.0
fp_921,0.0
fp_773,0.0
fp_775,0.0
fp_776,0.0
fp_777,0.0
fp_778,0.0
fp_779,0.0
fp_853,0.0
fp_780,0.0
fp_851,0.0
fp_781,0.0
fp_850,0.0
fp_847,0.0
fp_845,0.0
fp_844,0.0
fp_783,0.0
fp_843,0.0
fp_774,0.0
fp_854,0.0
fp_920,0.0
fp_772,0.0
fp_762,0.0
fp_865,0.0
fp_764,0.0
fp_765,0.0
fp_864,0.0
fp_766,0.0
fp_767,0.0
fp_861,0.0
fp_768,0.0
fp_860,0.0
fp_769,0.0
fp_859,0.0
fp_858,0.0
fp_771,0.0
fp_855,0.0
fp_784,0.0
fp_842,0.0
fp_786,0.0
fp_787,0.0
fp_832,0.0
fp_831,0.0
fp_803,0.0
fp_827,0.0
fp_826,0.0
fp_824,0.0
fp_806,0.0
fp_822,0.0
fp_821,0.0
fp_809,0.0
fp_819,0.0
fp_810,0.0
fp_811,0.0
fp_818,0.0
fp_813,0.0
fp_802,0.0
fp_801,0.0
fp_800,0.0
fp_793,0.0
fp_788,0.0
fp_840,0.0
fp_789,0.0
fp_839,0.0
fp_791,0.0
fp_792,0.0
fp_794,0.0
fp_799,0.0
fp_795,0.0
fp_796,0.0
fp_838,0.0
fp_797,0.0
fp_835,0.0
fp_834,0.0
fp_761,0.0
fp_867,0.0
fp_760,0.0
fp_735,0.0
fp_903,0.0
fp_902,0.0
fp_723,0.0
fp_724,0.0
fp_900,0.0
fp_899,0.0
fp_727,0.0
fp_728,0.0
fp_729,0.0
fp_898,0.0
fp_730,0.0
fp_895,0.0
fp_732,0.0
fp_733,0.0
fp_891,0.0
fp_905,0.0
fp_906,0.0
fp_720,0.0
fp_915,0.0
fp_919,0.0
fp_918,0.0
fp_917,0.0
fp_615,0.0
fp_717,0.0
fp_916,0.0
fp_914,0.0
fp_907,0.0
fp_913,0.0
fp_912,0.0
fp_911,0.0
fp_910,0.0
fp_909,0.0
fp_718,0.0
fp_890,0.0
fp_889,0.0
fp_868,0.0
fp_737,0.0
fp_875,0.0
fp_750,0.0
fp_874,0.0
fp_751,0.0
fp_873,0.0
fp_752,0.0
fp_753,0.0
fp_754,0.0
fp_755,0.0
fp_756,0.0
fp_757,0.0
fp_758,0.0
fp_871,0.0
fp_759,0.0
fp_870,0.0
fp_876,0.0
fp_877,0.0
fp_878,0.0
fp_884,0.0
fp_738,0.0
fp_888,0.0
fp_741,0.0
fp_742,0.0
fp_743,0.0
fp_885,0.0
fp_883,0.0
fp_879,0.0
fp_882,0.0
fp_745,0.0
fp_746,0.0
fp_881,0.0
fp_747,0.0
fp_880,0.0
fp_814,0.0
fp_512,0.0
fp_614,0.0
fp_199,0.0
fp_185,0.0
fp_186,0.0
fp_187,0.0
fp_189,0.0
fp_190,0.0
fp_192,0.0
fp_194,0.0
fp_195,0.0
fp_196,0.0
fp_198,0.0
fp_201,0.0
fp_182,0.0
fp_203,0.0
fp_204,0.0
fp_205,0.0
fp_206,0.0
fp_207,0.0
fp_209,0.0
fp_211,0.0
fp_212,0.0
fp_213,0.0
fp_214,0.0
fp_184,0.0
fp_181,0.0
fp_613,0.0
fp_160,0.0
fp_144,0.0
fp_145,0.0
fp_146,0.0
fp_148,0.0
fp_150,0.0
fp_152,0.0
fp_153,0.0
fp_154,0.0
fp_157,0.0
fp_158,0.0
fp_161,0.0
fp_180,0.0
fp_164,0.0
fp_165,0.0
fp_166,0.0
fp_167,0.0
fp_169,0.0
fp_171,0.0
fp_174,0.0
fp_177,0.0
fp_178,0.0
fp_179,0.0
fp_215,0.0
fp_216,0.0
fp_218,0.0
fp_282,0.0
fp_263,0.0
fp_267,0.0
fp_272,0.0
fp_273,0.0
fp_275,0.0
fp_277,0.0
fp_278,0.0
fp_279,0.0
fp_280,0.0
fp_281,0.0
fp_284,0.0
fp_219,0.0
fp_285,0.0
fp_286,0.0
fp_287,0.0
fp_288,0.0
fp_289,0.0
fp_290,0.0
fp_291,0.0
fp_293,0.0
fp_296,0.0
fp_297,0.0
fp_262,0.0
fp_261,0.0
fp_260,0.0
fp_257,0.0
fp_220,0.0
fp_221,0.0
fp_223,0.0
fp_224,0.0
fp_228,0.0
fp_229,0.0
fp_230,0.0
fp_232,0.0
fp_236,0.0
fp_237,0.0
fp_239,0.0
fp_241,0.0
fp_244,0.0
fp_246,0.0
fp_249,0.0
fp_250,0.0
fp_251,0.0
fp_252,0.0
fp_253,0.0
fp_254,0.0
fp_255,0.0
fp_142,0.0
fp_141,0.0
fp_139,0.0
fp_47,0.0
fp_34,0.0
fp_35,0.0
fp_36,0.0
fp_38,0.0
fp_40,0.0
fp_42,0.0
fp_43,0.0
fp_44,0.0
fp_45,0.0
fp_46,0.0
fp_49,0.0
fp_68,0.0
fp_50,0.0
fp_52,0.0
fp_56,0.0
fp_57,0.0
fp_60,0.0
fp_61,0.0
fp_62,0.0
fp_63,0.0
fp_65,0.0
fp_66,0.0
fp_31,0.0
fp_30,0.0
fp_28,0.0
fp_27,0.0
fp_2,0.0
fp_3,0.0
fp_5,0.0
fp_6,0.0
fp_7,0.0
fp_8,0.0
fp_9,0.0
fp_10,0.0
fp_11,0.0
fp_12,0.0
fp_14,0.0
fp_16,0.0
fp_18,0.0
fp_19,0.0
fp_20,0.0
fp_21,0.0
fp_22,0.0
fp_23,0.0
fp_24,0.0
fp_25,0.0
fp_26,0.0
fp_67,0.0
fp_69,0.0
fp_138,0.0
fp_123,0.0
fp_105,0.0
fp_106,0.0
fp_107,0.0
fp_109,0.0
fp_110,0.0
fp_113,0.0
fp_116,0.0
fp_120,0.0
fp_121,0.0
fp_122,0.0
fp_125,0.0
fp_70,0.0
fp_126,0.0
fp_127,0.0
fp_129,0.0
fp_130,0.0
fp_131,0.0
fp_132,0.0
fp_133,0.0
fp_134,0.0
fp_136,0.0
fp_137,0.0
fp_103,0.0
fp_102,0.0
fp_101,0.0
fp_100,0.0
fp_71,0.0
fp_72,0.0
fp_73,0.0
fp_75,0.0
fp_76,0.0
fp_77,0.0
fp_79,0.0
fp_82,0.0
fp_83,0.0
fp_84,0.0
fp_85,0.0
fp_86,0.0
fp_87,0.0
fp_88,0.0
fp_91,0.0
fp_92,0.0
fp_95,0.0
fp_96,0.0
fp_97,0.0
fp_98,0.0
fp_99,0.0
fp_298,0.0
fp_300,0.0
fp_302,0.0
fp_522,0.0
fp_509,0.0
fp_511,0.0
fp_513,0.0
fp_514,0.0
fp_515,0.0
fp_516,0.0
fp_517,0.0
fp_519,0.0
fp_520,0.0
fp_521,0.0
fp_523,0.0
fp_545,0.0
fp_528,0.0
fp_530,0.0
fp_534,0.0
fp_535,0.0
fp_536,0.0
fp_537,0.0
fp_538,0.0
fp_539,0.0
fp_541,0.0
fp_542,0.0
fp_506,0.0
fp_505,0.0
fp_503,0.0
fp_502,0.0
fp_462,0.0
fp_467,0.0
fp_468,0.0
fp_470,0.0
fp_471,0.0
fp_472,0.0
fp_474,0.0
fp_476,0.0
fp_477,0.0
fp_478,0.0
fp_479,0.0
fp_480,0.0
fp_484,0.0
fp_485,0.0
fp_486,0.0
fp_488,0.0
fp_490,0.0
fp_491,0.0
fp_496,0.0
fp_499,0.0
fp_500,0.0
fp_544,0.0
fp_546,0.0
fp_459,0.0
fp_595,0.0
fp_580,0.0
fp_581,0.0
fp_582,0.0
fp_583,0.0
fp_585,0.0
fp_588,0.0
fp_589,0.0
fp_591,0.0
fp_593,0.0
fp_594,0.0
fp_599,0.0
fp_547,0.0
fp_600,0.0
fp_602,0.0
fp_604,0.0
fp_605,0.0
fp_606,0.0
fp_607,0.0
fp_608,0.0
fp_609,0.0
fp_611,0.0
fp_612,0.0
fp_579,0.0
fp_578,0.0
fp_577,0.0
fp_574,0.0
fp_548,0.0
fp_549,0.0
fp_550,0.0
fp_552,0.0
fp_553,0.0
fp_554,0.0
fp_555,0.0
fp_556,0.0
fp_557,0.0
fp_558,0.0
fp_559,0.0
fp_560,0.0
fp_561,0.0
fp_562,0.0
fp_563,0.0
fp_565,0.0
fp_566,0.0
fp_568,0.0
fp_569,0.0
fp_570,0.0
fp_571,0.0
fp_460,0.0
fp_449,0.0
fp_303,0.0
fp_353,0.0
fp_337,0.0
fp_338,0.0
fp_339,0.0
fp_340,0.0
fp_342,0.0
fp_343,0.0
fp_344,0.0
fp_346,0.0
fp_347,0.0
fp_352,0.0
fp_358,0.0
fp_375,0.0
fp_360,0.0
fp_362,0.0
fp_363,0.0
fp_364,0.0
fp_365,0.0
fp_366,0.0
fp_367,0.0
fp_368,0.0
fp_370,0.0
fp_372,0.0
fp_336,0.0
fp_335,0.0
fp_334,0.0
fp_333,0.0
fp_304,0.0
fp_305,0.0
fp_306,0.0
fp_307,0.0
fp_308,0.0
fp_309,0.0
fp_310,0.0
fp_311,0.0
fp_313,0.0
fp_315,0.0
fp_316,0.0
fp_317,0.0
fp_318,0.0
fp_320,0.0
fp_321,0.0
fp_324,0.0
fp_325,0.0
fp_327,0.0
fp_328,0.0
fp_330,0.0
fp_331,0.0
fp_373,0.0
fp_377,0.0
fp_448,0.0
fp_432,0.0
fp_421,0.0
fp_422,0.0
fp_423,0.0
fp_424,0.0
fp_425,0.0
fp_426,0.0
fp_427,0.0
fp_429,0.0
fp_430,0.0
fp_431,0.0
fp_433,0.0
fp_379,0.0
fp_435,0.0
fp_436,0.0
fp_437,0.0
fp_438,0.0
fp_439,0.0
fp_441,0.0
fp_442,0.0
fp_444,0.0
fp_445,0.0
fp_447,0.0
fp_420,0.0
fp_419,0.0
fp_415,0.0
fp_414,0.0
fp_380,0.0
fp_382,0.0
fp_383,0.0
fp_384,0.0
fp_385,0.0
fp_386,0.0
fp_388,0.0
fp_391,0.0
fp_393,0.0
fp_394,0.0
fp_395,0.0
fp_396,0.0
fp_397,0.0
fp_398,0.0
fp_399,0.0
fp_401,0.0
fp_404,0.0
fp_405,0.0
fp_410,0.0
fp_411,0.0
fp_413,0.0
fp_1023,0.0
