n_estimators,max_depth,min_samples_split,min_samples_leaf,max_features,R2_train,R2_valid
300,10,12,2,0.1,0.6307020599590363,0.4978774936271996
300,10,12,2,0.2,0.6478017926828841,0.5065208178755745
300,10,12,4,0.1,0.6097897966037028,0.4932675679340712
300,10,12,4,0.2,0.6285477671153026,0.4988484825895019
300,10,16,2,0.1,0.6211571919661941,0.49438469490755066
300,10,16,2,0.2,0.638270626417673,0.5041513571458296
300,10,16,4,0.1,0.6027972336428293,0.4876852397667958
300,10,16,4,0.2,0.6196921278219465,0.49665821821561595
300,15,12,2,0.1,0.6940168643452127,0.5034929182542778
300,15,12,2,0.2,0.7103775569818405,0.5074652133949781
300,15,12,4,0.1,0.6610108104781013,0.4944679958202657
300,15,12,4,0.2,0.6803016944789201,0.5022519850924753
300,15,16,2,0.1,0.6797118705217376,0.5032784519212532
300,15,16,2,0.2,0.6947178460028711,0.5065955493390143
300,15,16,4,0.1,0.6503997717444054,0.48914247169326863
300,15,16,4,0.2,0.6672852752670628,0.49993461350437085
300,20,12,2,0.1,0.7255624528277511,0.5065782682933789
300,20,12,2,0.2,0.743219729609836,0.507375380662038
300,20,12,4,0.1,0.6853295098491702,0.49170518171288247
300,20,12,4,0.2,0.7069839465266294,0.5009095195078521
300,20,16,2,0.1,0.7102030091816377,0.4987674015230519
300,20,16,2,0.2,0.7250295329751465,0.5037645927679668
300,20,16,4,0.1,0.6729912192209805,0.49450214686288196
300,20,16,4,0.2,0.6915571635813891,0.502753567600845
300,25,12,2,0.1,0.7444278282187962,0.5027446275524543
300,25,12,2,0.2,0.7602985391784591,0.5052889135377021
300,25,12,4,0.1,0.6986943350948731,0.4969419483925904
300,25,12,4,0.2,0.7192273516463434,0.5002297023013382
300,25,16,2,0.1,0.7258882034992838,0.502366656933035
300,25,16,2,0.2,0.7407667505841978,0.5039546629486036
300,25,16,4,0.1,0.6845516541348665,0.4942438856353778
300,25,16,4,0.2,0.7037849420387929,0.49760230190495824
400,10,12,2,0.1,0.630478155934459,0.4993689731378975
400,10,12,2,0.2,0.6473354433464957,0.5072155283867966
400,10,12,4,0.1,0.6094115901573852,0.4934882479114112
400,10,12,4,0.2,0.6280012277455869,0.49998186526193433
400,10,16,2,0.1,0.6209580085151363,0.4961053499057406
400,10,16,2,0.2,0.6377103816904358,0.5041408757417483
400,10,16,4,0.1,0.60205188455936,0.4899332254261618
400,10,16,4,0.2,0.6188585369278772,0.4969601384539497
400,15,12,2,0.1,0.6938321469190436,0.5051016676808733
400,15,12,2,0.2,0.7102328029591105,0.5074843396502404
400,15,12,4,0.1,0.6605317904874444,0.49412888319533577
400,15,12,4,0.2,0.6801549326342438,0.5014095172317691
400,15,16,2,0.1,0.6791112141395992,0.5031064326786792
400,15,16,2,0.2,0.6944856619236923,0.5064339170942151
400,15,16,4,0.1,0.6498247850434049,0.49034186860783424
400,15,16,4,0.2,0.6672019295465185,0.5012002912339166
400,20,12,2,0.1,0.7258423837793583,0.5062652150204805
400,20,12,2,0.2,0.7431152563937256,0.507409399222426
400,20,12,4,0.1,0.6846972171664482,0.49210243004051446
400,20,12,4,0.2,0.7067740050072957,0.5011774414694949
400,20,16,2,0.1,0.7103842744599531,0.5008835541943826
400,20,16,2,0.2,0.7251088561581543,0.503966594667588
400,20,16,4,0.1,0.6725409021810473,0.4945871673007506
400,20,16,4,0.2,0.6919162142408042,0.5016580730766836
400,25,12,2,0.1,0.7441308187101128,0.5044363446379153
400,25,12,2,0.2,0.7601816159664496,0.5061496469176449
400,25,12,4,0.1,0.6977516675950073,0.4962127022601889
400,25,12,4,0.2,0.7193376841509647,0.5012407069966061
400,25,16,2,0.1,0.7250680313374336,0.5021933434011285
400,25,16,2,0.2,0.7408240247834343,0.5029769393889763
400,25,16,4,0.1,0.6843471352899141,0.4948270403660451
400,25,16,4,0.2,0.7033214046239546,0.49862651985167683
600,10,12,2,0.1,0.6311403426341142,0.49977068615941234
600,10,12,2,0.2,0.6471450592434295,0.5062659104933244
600,10,12,4,0.1,0.6101947949957274,0.49394981255489734
600,10,12,4,0.2,0.6281778803303937,0.49955825734259973
600,10,16,2,0.1,0.6217906969594066,0.4974627627762337
600,10,16,2,0.2,0.6372449292213086,0.5037142589274427
600,10,16,4,0.1,0.6028148322900956,0.4893950235671689
600,10,16,4,0.2,0.6190660891220038,0.49605105626962887
600,15,12,2,0.1,0.6946573185522652,0.506143333732581
600,15,12,2,0.2,0.7104272432396708,0.5069977188902473
600,15,12,4,0.1,0.660846153021358,0.49488911527238144
600,15,12,4,0.2,0.6806314493318467,0.5019752261933246
600,15,16,2,0.1,0.6795800458675798,0.5038069094861053
600,15,16,2,0.2,0.6949083817403887,0.5052803003733368
600,15,16,4,0.1,0.6498034350122293,0.49216431343486433
600,15,16,4,0.2,0.6676773087691423,0.5008529349519169
600,20,12,2,0.1,0.7264447495168695,0.505250861102465
600,20,12,2,0.2,0.7435191076368873,0.5074697084947677
600,20,12,4,0.1,0.6850944452114307,0.49246046915732233
600,20,12,4,0.2,0.7072439983235835,0.5019629379900035
600,20,16,2,0.1,0.710362582637839,0.500778034974449
600,20,16,2,0.2,0.7254730688427702,0.5050015985717935
600,20,16,4,0.1,0.6724444533048228,0.49386064532227847
600,20,16,4,0.2,0.6923526912518573,0.5008745124180634
600,25,12,2,0.1,0.7441578001569555,0.5054458766029544
600,25,12,2,0.2,0.7607316057437951,0.5056298144292534
600,25,12,4,0.1,0.6977687747764649,0.49656008627429493
600,25,12,4,0.2,0.7192084660380135,0.5010758462683637
600,25,16,2,0.1,0.725450954287483,0.5022027184549172
600,25,16,2,0.2,0.7411622529567066,0.5030558341630733
600,25,16,4,0.1,0.6842517363791857,0.4929590261333081
600,25,16,4,0.2,0.7034838175175471,0.49845850660615454
